TimeQuest Timing Analyzer report for ejercicio12
Tue Sep 22 20:41:10 2026
Quartus II 64-Bit Version 13.1.0 Build 162 10/23/2013 SJ Web Edition


---------------------
; Table of Contents ;
---------------------
  1. Legal Notice
  2. TimeQuest Timing Analyzer Summary
  3. Parallel Compilation
  4. Clocks
  5. Slow 1100mV 85C Model Fmax Summary
  6. Timing Closure Recommendations
  7. Slow 1100mV 85C Model Setup Summary
  8. Slow 1100mV 85C Model Hold Summary
  9. Slow 1100mV 85C Model Recovery Summary
 10. Slow 1100mV 85C Model Removal Summary
 11. Slow 1100mV 85C Model Minimum Pulse Width Summary
 12. Propagation Delay
 13. Minimum Propagation Delay
 14. Slow 1100mV 85C Model Metastability Report
 15. Slow 1100mV 0C Model Fmax Summary
 16. Slow 1100mV 0C Model Setup Summary
 17. Slow 1100mV 0C Model Hold Summary
 18. Slow 1100mV 0C Model Recovery Summary
 19. Slow 1100mV 0C Model Removal Summary
 20. Slow 1100mV 0C Model Minimum Pulse Width Summary
 21. Propagation Delay
 22. Minimum Propagation Delay
 23. Slow 1100mV 0C Model Metastability Report
 24. Fast 1100mV 85C Model Setup Summary
 25. Fast 1100mV 85C Model Hold Summary
 26. Fast 1100mV 85C Model Recovery Summary
 27. Fast 1100mV 85C Model Removal Summary
 28. Fast 1100mV 85C Model Minimum Pulse Width Summary
 29. Propagation Delay
 30. Minimum Propagation Delay
 31. Fast 1100mV 85C Model Metastability Report
 32. Fast 1100mV 0C Model Setup Summary
 33. Fast 1100mV 0C Model Hold Summary
 34. Fast 1100mV 0C Model Recovery Summary
 35. Fast 1100mV 0C Model Removal Summary
 36. Fast 1100mV 0C Model Minimum Pulse Width Summary
 37. Propagation Delay
 38. Minimum Propagation Delay
 39. Fast 1100mV 0C Model Metastability Report
 40. Multicorner Timing Analysis Summary
 41. Propagation Delay
 42. Minimum Propagation Delay
 43. Board Trace Model Assignments
 44. Input Transition Times
 45. Signal Integrity Metrics (Slow 1100mv 0c Model)
 46. Signal Integrity Metrics (Slow 1100mv 85c Model)
 47. Signal Integrity Metrics (Fast 1100mv 0c Model)
 48. Signal Integrity Metrics (Fast 1100mv 85c Model)
 49. Clock Transfers
 50. Report TCCS
 51. Report RSKM
 52. Unconstrained Paths
 53. TimeQuest Timing Analyzer Messages



----------------
; Legal Notice ;
----------------
Copyright (C) 1991-2013 Altera Corporation
Your use of Altera Corporation's design tools, logic functions 
and other software and tools, and its AMPP partner logic 
functions, and any output files from any of the foregoing 
(including device programming or simulation files), and any 
associated documentation or information are expressly subject 
to the terms and conditions of the Altera Program License 
Subscription Agreement, Altera MegaCore Function License 
Agreement, or other applicable license agreement, including, 
without limitation, that your use is for the sole purpose of 
programming logic devices manufactured by Altera and sold by 
Altera or its authorized distributors.  Please refer to the 
applicable agreement for further details.



+-------------------------------------------------------------------------+
; TimeQuest Timing Analyzer Summary                                       ;
+--------------------+----------------------------------------------------+
; Quartus II Version ; Version 13.1.0 Build 162 10/23/2013 SJ Web Edition ;
; Revision Name      ; ejercicio12                                        ;
; Device Family      ; Cyclone V                                          ;
; Device Name        ; 5CEBA4F23C7                                        ;
; Timing Models      ; Final                                              ;
; Delay Model        ; Combined                                           ;
; Rise/Fall Delays   ; Enabled                                            ;
+--------------------+----------------------------------------------------+


Parallel compilation was disabled, but you have multiple processors available. Enable parallel compilation to reduce compilation time.
+-------------------------------------+
; Parallel Compilation                ;
+----------------------------+--------+
; Processors                 ; Number ;
+----------------------------+--------+
; Number detected on machine ; 8      ;
; Maximum allowed            ; 1      ;
+----------------------------+--------+


----------
; Clocks ;
----------
No clocks to report.


--------------------------------------
; Slow 1100mV 85C Model Fmax Summary ;
--------------------------------------
No paths to report.


----------------------------------
; Timing Closure Recommendations ;
----------------------------------
HTML report is unavailable in plain text report export.


---------------------------------------
; Slow 1100mV 85C Model Setup Summary ;
---------------------------------------
No paths to report.


--------------------------------------
; Slow 1100mV 85C Model Hold Summary ;
--------------------------------------
No paths to report.


------------------------------------------
; Slow 1100mV 85C Model Recovery Summary ;
------------------------------------------
No paths to report.


-----------------------------------------
; Slow 1100mV 85C Model Removal Summary ;
-----------------------------------------
No paths to report.


-----------------------------------------------------
; Slow 1100mV 85C Model Minimum Pulse Width Summary ;
-----------------------------------------------------
No paths to report.


+--------------------------------------------------------------+
; Propagation Delay                                            ;
+------------+-------------+--------+--------+--------+--------+
; Input Port ; Output Port ; RR     ; RF     ; FR     ; FF     ;
+------------+-------------+--------+--------+--------+--------+
; SW[0]      ; HEX0[0]     ; 8.787  ; 8.726  ; 9.365  ; 9.296  ;
; SW[0]      ; HEX0[1]     ; 8.689  ; 8.639  ; 9.267  ; 9.209  ;
; SW[0]      ; HEX0[2]     ; 8.429  ; 8.412  ; 9.007  ; 8.982  ;
; SW[0]      ; HEX0[3]     ; 8.683  ; 8.640  ; 9.261  ; 9.210  ;
; SW[0]      ; HEX0[4]     ; 8.434  ;        ;        ; 8.980  ;
; SW[0]      ; HEX0[5]     ; 8.648  ; 8.609  ; 9.226  ; 9.179  ;
; SW[0]      ; HEX0[6]     ;        ; 8.466  ; 9.094  ;        ;
; SW[0]      ; HEX1[0]     ; 8.850  ; 8.728  ; 9.426  ; 9.296  ;
; SW[0]      ; HEX1[1]     ; 9.216  ; 9.021  ; 9.792  ; 9.589  ;
; SW[0]      ; HEX1[2]     ; 8.812  ; 8.694  ; 9.388  ; 9.262  ;
; SW[0]      ; HEX1[3]     ; 9.128  ;        ;        ; 9.537  ;
; SW[0]      ; HEX1[4]     ; 9.497  ;        ;        ; 9.820  ;
; SW[0]      ; HEX1[5]     ; 9.083  ;        ;        ; 9.496  ;
; SW[0]      ; HEX1[6]     ; 8.932  ;        ;        ; 9.364  ;
; SW[0]      ; HEX2[0]     ; 8.339  ; 8.314  ; 8.915  ; 8.883  ;
; SW[0]      ; HEX2[2]     ; 9.370  ; 9.257  ; 9.946  ; 9.826  ;
; SW[0]      ; HEX2[3]     ; 8.995  ; 8.960  ; 9.571  ; 9.529  ;
; SW[0]      ; HEX2[4]     ; 8.813  ;        ;        ; 9.331  ;
; SW[0]      ; HEX2[5]     ; 9.218  ; 9.221  ; 9.794  ; 9.790  ;
; SW[0]      ; HEX2[6]     ; 8.991  ; 8.951  ; 9.567  ; 9.520  ;
; SW[0]      ; HEX3[0]     ;        ; 8.886  ; 9.575  ;        ;
; SW[0]      ; HEX3[1]     ; 8.352  ; 8.314  ; 8.931  ; 8.885  ;
; SW[0]      ; HEX3[2]     ; 9.175  ; 8.939  ; 9.754  ; 9.510  ;
; SW[0]      ; HEX3[3]     ;        ; 8.339  ; 8.924  ;        ;
; SW[0]      ; HEX3[5]     ; 8.733  ;        ;        ; 9.219  ;
; SW[0]      ; HEX3[6]     ; 8.772  ; 8.694  ; 9.351  ; 9.265  ;
; SW[0]      ; HEX4[0]     ; 8.812  ;        ;        ; 9.360  ;
; SW[0]      ; HEX4[1]     ; 8.797  ; 8.690  ; 9.376  ; 9.260  ;
; SW[0]      ; HEX4[2]     ;        ; 8.398  ; 9.172  ;        ;
; SW[0]      ; HEX4[3]     ; 8.641  ;        ;        ; 9.219  ;
; SW[0]      ; HEX4[4]     ; 8.757  ;        ;        ; 9.266  ;
; SW[0]      ; HEX4[6]     ; 9.015  ;        ;        ; 9.547  ;
; SW[0]      ; LEDR[0]     ; 11.011 ;        ;        ; 12.161 ;
; SW[0]      ; LEDR[1]     ; 10.784 ; 11.278 ; 11.351 ; 11.853 ;
; SW[0]      ; LEDR[2]     ; 11.232 ; 12.009 ; 11.802 ; 12.587 ;
; SW[0]      ; LEDR[3]     ; 11.285 ;        ;        ; 12.690 ;
; SW[1]      ; HEX0[0]     ; 8.641  ;        ;        ; 9.114  ;
; SW[1]      ; HEX0[1]     ; 8.543  ;        ;        ; 9.027  ;
; SW[1]      ; HEX0[2]     ; 8.283  ;        ;        ; 8.800  ;
; SW[1]      ; HEX0[3]     ; 8.537  ;        ;        ; 9.028  ;
; SW[1]      ; HEX0[4]     ; 8.160  ;        ;        ; 8.840  ;
; SW[1]      ; HEX0[5]     ; 8.502  ;        ;        ; 8.997  ;
; SW[1]      ; HEX0[6]     ; 8.361  ;        ;        ; 8.841  ;
; SW[1]      ; HEX1[0]     ; 8.565  ; 8.313  ; 9.235  ; 9.144  ;
; SW[1]      ; HEX1[1]     ; 8.931  ; 8.606  ; 9.601  ; 9.437  ;
; SW[1]      ; HEX1[2]     ; 8.527  ; 8.279  ; 9.197  ; 9.110  ;
; SW[1]      ; HEX1[3]     ; 8.961  ;        ;        ; 9.330  ;
; SW[1]      ; HEX1[4]     ; 9.330  ;        ;        ; 9.613  ;
; SW[1]      ; HEX1[5]     ; 8.916  ;        ;        ; 9.289  ;
; SW[1]      ; HEX1[6]     ; 8.765  ;        ;        ; 9.157  ;
; SW[1]      ; HEX2[0]     ; 8.041  ; 7.888  ; 8.709  ; 8.717  ;
; SW[1]      ; HEX2[2]     ; 9.072  ; 8.831  ; 9.740  ; 9.660  ;
; SW[1]      ; HEX2[3]     ; 8.697  ; 8.534  ; 9.365  ; 9.363  ;
; SW[1]      ; HEX2[4]     ;        ; 8.465  ; 9.251  ;        ;
; SW[1]      ; HEX2[5]     ; 8.920  ; 8.795  ; 9.588  ; 9.624  ;
; SW[1]      ; HEX2[6]     ; 8.693  ; 8.525  ; 9.361  ; 9.354  ;
; SW[1]      ; HEX3[0]     ;        ; 8.407  ; 9.314  ;        ;
; SW[1]      ; HEX3[1]     ; 8.132  ; 8.019  ; 8.790  ; 8.622  ;
; SW[1]      ; HEX3[2]     ; 8.955  ; 8.644  ; 9.613  ; 9.247  ;
; SW[1]      ; HEX3[3]     ;        ; 7.860  ; 8.663  ;        ;
; SW[1]      ; HEX3[5]     ; 8.384  ;        ;        ; 8.998  ;
; SW[1]      ; HEX3[6]     ; 8.552  ; 8.399  ; 9.210  ; 9.002  ;
; SW[1]      ; HEX4[0]     ;        ; 8.492  ; 9.248  ;        ;
; SW[1]      ; HEX4[1]     ; 8.446  ; 8.209  ; 9.113  ; 9.037  ;
; SW[1]      ; HEX4[2]     ; 8.459  ;        ;        ; 8.987  ;
; SW[1]      ; HEX4[3]     ;        ; 8.351  ; 9.077  ;        ;
; SW[1]      ; HEX4[4]     ;        ; 8.398  ; 9.193  ;        ;
; SW[1]      ; HEX4[6]     ;        ; 8.679  ; 9.451  ;        ;
; SW[1]      ; HEX5[0]     ;        ; 8.875  ; 9.601  ;        ;
; SW[1]      ; HEX5[3]     ;        ; 8.544  ; 9.267  ;        ;
; SW[1]      ; HEX5[4]     ;        ; 10.434 ; 11.401 ;        ;
; SW[1]      ; HEX5[5]     ;        ; 10.428 ; 11.395 ;        ;
; SW[1]      ; HEX5[6]     ;        ; 8.631  ; 9.351  ;        ;
; SW[1]      ; LEDR[0]     ; 10.805 ; 11.454 ; 11.413 ; 12.117 ;
; SW[1]      ; LEDR[1]     ; 10.395 ; 11.019 ; 11.227 ; 11.690 ;
; SW[1]      ; LEDR[2]     ; 11.021 ; 11.873 ; 11.630 ; 12.537 ;
; SW[1]      ; LEDR[3]     ; 10.891 ; 11.848 ; 11.724 ; 12.520 ;
; SW[2]      ; HEX0[0]     ; 8.726  ;        ;        ; 9.228  ;
; SW[2]      ; HEX0[1]     ; 8.628  ;        ;        ; 9.141  ;
; SW[2]      ; HEX0[2]     ; 8.368  ;        ;        ; 8.914  ;
; SW[2]      ; HEX0[3]     ; 8.622  ;        ;        ; 9.142  ;
; SW[2]      ; HEX0[4]     ; 8.373  ;        ;        ; 8.912  ;
; SW[2]      ; HEX0[5]     ; 8.587  ;        ;        ; 9.111  ;
; SW[2]      ; HEX0[6]     ; 8.444  ;        ;        ; 8.957  ;
; SW[2]      ; HEX1[0]     ; 8.777  ; 8.645  ; 9.340  ; 9.218  ;
; SW[2]      ; HEX1[1]     ; 9.143  ; 8.938  ; 9.706  ; 9.511  ;
; SW[2]      ; HEX1[2]     ; 8.739  ; 8.611  ; 9.302  ; 9.184  ;
; SW[2]      ; HEX1[3]     ; 9.045  ;        ;        ; 9.448  ;
; SW[2]      ; HEX1[4]     ; 9.414  ;        ;        ; 9.731  ;
; SW[2]      ; HEX1[5]     ; 9.000  ;        ;        ; 9.407  ;
; SW[2]      ; HEX1[6]     ; 8.849  ;        ;        ; 9.275  ;
; SW[2]      ; HEX2[0]     ;        ; 8.221  ; 8.817  ;        ;
; SW[2]      ; HEX2[2]     ;        ; 9.164  ; 9.848  ;        ;
; SW[2]      ; HEX2[3]     ;        ; 8.867  ; 9.473  ;        ;
; SW[2]      ; HEX2[4]     ;        ; 8.639  ; 9.261  ;        ;
; SW[2]      ; HEX2[5]     ;        ; 9.128  ; 9.696  ;        ;
; SW[2]      ; HEX2[6]     ;        ; 8.858  ; 9.469  ;        ;
; SW[2]      ; HEX3[0]     ; 8.885  ;        ;        ; 9.334  ;
; SW[2]      ; HEX3[1]     ; 8.241  ; 8.193  ; 8.800  ; 8.763  ;
; SW[2]      ; HEX3[2]     ; 9.064  ; 8.818  ; 9.623  ; 9.388  ;
; SW[2]      ; HEX3[3]     ; 8.234  ;        ;        ; 8.787  ;
; SW[2]      ; HEX3[5]     ;        ; 8.528  ; 9.181  ;        ;
; SW[2]      ; HEX3[6]     ; 8.661  ; 8.573  ; 9.220  ; 9.143  ;
; SW[2]      ; HEX4[0]     ; 8.701  ;        ;        ; 9.238  ;
; SW[2]      ; HEX4[1]     ; 8.686  ;        ;        ; 9.138  ;
; SW[2]      ; HEX4[2]     ; 8.505  ;        ;        ; 8.978  ;
; SW[2]      ; HEX4[3]     ; 8.530  ;        ;        ; 9.097  ;
; SW[2]      ; HEX4[4]     ; 8.646  ;        ;        ; 9.144  ;
; SW[2]      ; HEX4[6]     ; 8.904  ;        ;        ; 9.425  ;
; SW[2]      ; HEX5[0]     ;        ; 8.911  ; 9.583  ;        ;
; SW[2]      ; HEX5[3]     ;        ; 8.580  ; 9.249  ;        ;
; SW[2]      ; HEX5[4]     ;        ; 10.470 ; 11.383 ;        ;
; SW[2]      ; HEX5[5]     ;        ; 10.464 ; 11.377 ;        ;
; SW[2]      ; HEX5[6]     ;        ; 8.667  ; 9.333  ;        ;
; SW[2]      ; LEDR[0]     ;        ; 11.537 ; 11.527 ;        ;
; SW[2]      ; LEDR[1]     ; 10.604 ; 11.171 ; 11.144 ; 11.763 ;
; SW[2]      ; LEDR[2]     ; 11.170 ; 11.957 ; 11.743 ; 12.519 ;
; SW[2]      ; LEDR[3]     ; 11.223 ; 12.060 ; 11.795 ; 12.622 ;
; SW[3]      ; HEX0[0]     ; 8.030  ; 7.948  ; 8.576  ; 8.511  ;
; SW[3]      ; HEX0[1]     ; 7.932  ; 7.861  ; 8.478  ; 8.424  ;
; SW[3]      ; HEX0[2]     ; 7.672  ; 7.634  ; 8.218  ; 8.197  ;
; SW[3]      ; HEX0[3]     ; 7.926  ; 7.862  ; 8.472  ; 8.425  ;
; SW[3]      ; HEX0[4]     ; 7.688  ;        ;        ; 8.207  ;
; SW[3]      ; HEX0[5]     ; 7.891  ; 7.831  ; 8.437  ; 8.394  ;
; SW[3]      ; HEX0[6]     ;        ; 7.674  ; 8.293  ;        ;
; SW[3]      ; HEX1[0]     ; 8.090  ; 7.941  ; 8.640  ; 8.512  ;
; SW[3]      ; HEX1[1]     ; 8.456  ; 8.234  ; 9.006  ; 8.805  ;
; SW[3]      ; HEX1[2]     ; 8.052  ; 7.907  ; 8.602  ; 8.478  ;
; SW[3]      ; HEX1[3]     ;        ; 8.163  ; 8.891  ;        ;
; SW[3]      ; HEX1[4]     ;        ; 8.446  ; 9.260  ;        ;
; SW[3]      ; HEX1[5]     ;        ; 8.122  ; 8.846  ;        ;
; SW[3]      ; HEX1[6]     ;        ; 7.990  ; 8.695  ;        ;
; SW[3]      ; HEX2[0]     ; 7.565  ;        ;        ; 8.084  ;
; SW[3]      ; HEX2[2]     ; 8.596  ;        ;        ; 9.027  ;
; SW[3]      ; HEX2[3]     ; 8.221  ;        ;        ; 8.730  ;
; SW[3]      ; HEX2[4]     ; 8.009  ;        ;        ; 8.497  ;
; SW[3]      ; HEX2[5]     ; 8.444  ;        ;        ; 8.991  ;
; SW[3]      ; HEX2[6]     ; 8.217  ;        ;        ; 8.721  ;
; SW[3]      ; HEX3[0]     ; 8.202  ;        ;        ; 8.635  ;
; SW[3]      ; HEX3[1]     ; 7.547  ;        ;        ; 8.051  ;
; SW[3]      ; HEX3[2]     ; 8.370  ;        ;        ; 8.676  ;
; SW[3]      ; HEX3[3]     ; 7.551  ;        ;        ; 8.088  ;
; SW[3]      ; HEX3[5]     ; 7.939  ;        ;        ; 8.397  ;
; SW[3]      ; HEX3[6]     ; 7.967  ;        ;        ; 8.431  ;
; SW[3]      ; HEX4[0]     ; 8.006  ;        ;        ; 8.524  ;
; SW[3]      ; HEX4[1]     ; 8.001  ;        ;        ; 8.437  ;
; SW[3]      ; HEX4[2]     ; 7.807  ;        ;        ; 8.262  ;
; SW[3]      ; HEX4[3]     ; 7.835  ;        ;        ; 8.383  ;
; SW[3]      ; HEX4[4]     ; 7.951  ;        ;        ; 8.430  ;
; SW[3]      ; HEX4[6]     ; 8.209  ;        ;        ; 8.711  ;
; SW[3]      ; HEX5[0]     ;        ; 8.207  ; 8.886  ;        ;
; SW[3]      ; HEX5[3]     ;        ; 7.876  ; 8.552  ;        ;
; SW[3]      ; HEX5[4]     ;        ; 9.766  ; 10.686 ;        ;
; SW[3]      ; HEX5[5]     ;        ; 9.760  ; 10.680 ;        ;
; SW[3]      ; HEX5[6]     ;        ; 7.963  ; 8.636  ;        ;
; SW[3]      ; LEDR[0]     ; 10.250 ; 10.845 ; 10.810 ; 11.388 ;
; SW[3]      ; LEDR[1]     ; 10.029 ; 10.550 ; 10.594 ; 11.094 ;
; SW[3]      ; LEDR[2]     ; 10.466 ; 11.264 ; 11.026 ; 11.807 ;
; SW[3]      ; LEDR[3]     ; 10.524 ; 11.378 ; 11.091 ; 11.924 ;
+------------+-------------+--------+--------+--------+--------+


+--------------------------------------------------------------+
; Minimum Propagation Delay                                    ;
+------------+-------------+--------+--------+--------+--------+
; Input Port ; Output Port ; RR     ; RF     ; FR     ; FF     ;
+------------+-------------+--------+--------+--------+--------+
; SW[0]      ; HEX0[0]     ; 7.977  ; 7.916  ; 8.407  ; 8.357  ;
; SW[0]      ; HEX0[1]     ; 7.907  ; 7.841  ; 8.337  ; 8.282  ;
; SW[0]      ; HEX0[2]     ; 7.691  ; 7.643  ; 8.121  ; 8.084  ;
; SW[0]      ; HEX0[3]     ; 7.900  ; 7.841  ; 8.330  ; 8.282  ;
; SW[0]      ; HEX0[4]     ; 7.688  ;        ;        ; 8.080  ;
; SW[0]      ; HEX0[5]     ; 7.865  ; 7.810  ; 8.295  ; 8.251  ;
; SW[0]      ; HEX0[6]     ;        ; 7.693  ; 8.199  ;        ;
; SW[0]      ; HEX1[0]     ; 8.017  ; 7.912  ; 8.446  ; 8.352  ;
; SW[0]      ; HEX1[1]     ; 8.331  ; 8.176  ; 8.760  ; 8.616  ;
; SW[0]      ; HEX1[2]     ; 7.980  ; 7.879  ; 8.409  ; 8.319  ;
; SW[0]      ; HEX1[3]     ; 8.239  ;        ;        ; 8.555  ;
; SW[0]      ; HEX1[4]     ; 8.516  ;        ;        ; 8.794  ;
; SW[0]      ; HEX1[5]     ; 8.194  ;        ;        ; 8.514  ;
; SW[0]      ; HEX1[6]     ; 8.094  ;        ;        ; 8.413  ;
; SW[0]      ; HEX2[0]     ; 7.589  ; 7.540  ; 8.018  ; 7.980  ;
; SW[0]      ; HEX2[2]     ; 8.471  ; 8.392  ; 8.900  ; 8.832  ;
; SW[0]      ; HEX2[3]     ; 8.130  ; 8.113  ; 8.559  ; 8.553  ;
; SW[0]      ; HEX2[4]     ; 7.992  ;        ;        ; 8.380  ;
; SW[0]      ; HEX2[5]     ; 8.374  ; 8.375  ; 8.803  ; 8.815  ;
; SW[0]      ; HEX2[6]     ; 8.165  ; 8.125  ; 8.594  ; 8.565  ;
; SW[0]      ; HEX3[0]     ;        ; 8.035  ; 8.542  ;        ;
; SW[0]      ; HEX3[1]     ; 7.602  ; 7.537  ; 8.032  ; 7.978  ;
; SW[0]      ; HEX3[2]     ; 8.270  ; 8.082  ; 8.700  ; 8.523  ;
; SW[0]      ; HEX3[3]     ;        ; 7.561  ; 8.021  ;        ;
; SW[0]      ; HEX3[5]     ; 7.914  ;        ;        ; 8.276  ;
; SW[0]      ; HEX3[6]     ; 7.951  ; 7.878  ; 8.381  ; 8.319  ;
; SW[0]      ; HEX4[0]     ; 8.012  ;        ;        ; 8.420  ;
; SW[0]      ; HEX4[1]     ; 7.972  ; 7.870  ; 8.403  ; 8.312  ;
; SW[0]      ; HEX4[2]     ;        ; 7.646  ; 8.176  ;        ;
; SW[0]      ; HEX4[3]     ; 7.840  ;        ;        ; 8.279  ;
; SW[0]      ; HEX4[4]     ; 7.944  ;        ;        ; 8.321  ;
; SW[0]      ; HEX4[6]     ; 8.173  ;        ;        ; 8.581  ;
; SW[0]      ; LEDR[0]     ; 9.996  ;        ;        ; 10.871 ;
; SW[0]      ; LEDR[1]     ; 9.788  ; 10.172 ; 10.227 ; 10.600 ;
; SW[0]      ; LEDR[2]     ; 10.133 ; 10.660 ; 10.573 ; 11.089 ;
; SW[0]      ; LEDR[3]     ; 10.173 ;        ;        ; 11.184 ;
; SW[1]      ; HEX0[0]     ; 7.772  ;        ;        ; 8.200  ;
; SW[1]      ; HEX0[1]     ; 7.702  ;        ;        ; 8.125  ;
; SW[1]      ; HEX0[2]     ; 7.486  ;        ;        ; 7.927  ;
; SW[1]      ; HEX0[3]     ; 7.695  ;        ;        ; 8.125  ;
; SW[1]      ; HEX0[4]     ; 7.443  ;        ;        ; 7.890  ;
; SW[1]      ; HEX0[5]     ; 7.660  ;        ;        ; 8.094  ;
; SW[1]      ; HEX0[6]     ; 7.557  ;        ;        ; 7.966  ;
; SW[1]      ; HEX1[0]     ; 7.762  ; 7.542  ; 8.283  ; 8.151  ;
; SW[1]      ; HEX1[1]     ; 8.076  ; 7.806  ; 8.597  ; 8.415  ;
; SW[1]      ; HEX1[2]     ; 7.725  ; 7.509  ; 8.246  ; 8.118  ;
; SW[1]      ; HEX1[3]     ; 8.016  ;        ;        ; 8.377  ;
; SW[1]      ; HEX1[4]     ; 8.293  ;        ;        ; 8.616  ;
; SW[1]      ; HEX1[5]     ; 7.971  ;        ;        ; 8.336  ;
; SW[1]      ; HEX1[6]     ; 7.871  ;        ;        ; 8.235  ;
; SW[1]      ; HEX2[0]     ; 7.325  ; 7.160  ; 7.845  ; 7.768  ;
; SW[1]      ; HEX2[2]     ; 8.207  ; 8.012  ; 8.727  ; 8.620  ;
; SW[1]      ; HEX2[3]     ; 7.866  ; 7.733  ; 8.386  ; 8.341  ;
; SW[1]      ; HEX2[4]     ;        ; 7.689  ; 8.218  ;        ;
; SW[1]      ; HEX2[5]     ; 8.110  ; 7.995  ; 8.630  ; 8.603  ;
; SW[1]      ; HEX2[6]     ; 7.901  ; 7.745  ; 8.421  ; 8.353  ;
; SW[1]      ; HEX3[0]     ;        ; 7.609  ; 8.320  ;        ;
; SW[1]      ; HEX3[1]     ; 7.332  ; 7.286  ; 7.827  ; 7.750  ;
; SW[1]      ; HEX3[2]     ; 8.000  ; 7.831  ; 8.495  ; 8.295  ;
; SW[1]      ; HEX3[3]     ;        ; 7.135  ; 7.799  ;        ;
; SW[1]      ; HEX3[5]     ; 7.602  ;        ;        ; 8.015  ;
; SW[1]      ; HEX3[6]     ; 7.681  ; 7.627  ; 8.176  ; 8.091  ;
; SW[1]      ; HEX4[0]     ;        ; 7.727  ; 8.237  ;        ;
; SW[1]      ; HEX4[1]     ; 7.661  ; 7.443  ; 8.178  ; 8.049  ;
; SW[1]      ; HEX4[2]     ; 7.658  ;        ;        ; 8.044  ;
; SW[1]      ; HEX4[3]     ;        ; 7.586  ; 8.065  ;        ;
; SW[1]      ; HEX4[4]     ;        ; 7.628  ; 8.169  ;        ;
; SW[1]      ; HEX4[6]     ;        ; 7.888  ; 8.398  ;        ;
; SW[1]      ; HEX5[0]     ;        ; 8.025  ; 8.574  ;        ;
; SW[1]      ; HEX5[3]     ;        ; 7.718  ; 8.265  ;        ;
; SW[1]      ; HEX5[4]     ;        ; 9.467  ; 10.164 ;        ;
; SW[1]      ; HEX5[5]     ;        ; 9.458  ; 10.156 ;        ;
; SW[1]      ; HEX5[6]     ;        ; 7.803  ; 8.355  ;        ;
; SW[1]      ; LEDR[0]     ; 9.824  ; 10.252 ; 10.293 ; 10.752 ;
; SW[1]      ; LEDR[1]     ; 9.441  ; 9.940  ; 10.052 ; 10.463 ;
; SW[1]      ; LEDR[2]     ; 9.957  ; 10.464 ; 10.426 ; 10.965 ;
; SW[1]      ; LEDR[3]     ; 9.821  ; 10.519 ; 10.432 ; 11.041 ;
; SW[2]      ; HEX0[0]     ; 7.947  ;        ;        ; 8.339  ;
; SW[2]      ; HEX0[1]     ; 7.877  ;        ;        ; 8.264  ;
; SW[2]      ; HEX0[2]     ; 7.661  ;        ;        ; 8.066  ;
; SW[2]      ; HEX0[3]     ; 7.870  ;        ;        ; 8.264  ;
; SW[2]      ; HEX0[4]     ; 7.658  ;        ;        ; 8.062  ;
; SW[2]      ; HEX0[5]     ; 7.835  ;        ;        ; 8.233  ;
; SW[2]      ; HEX0[6]     ; 7.731  ;        ;        ; 8.107  ;
; SW[2]      ; HEX1[0]     ; 7.978  ; 7.873  ; 8.425  ; 8.326  ;
; SW[2]      ; HEX1[1]     ; 8.292  ; 8.137  ; 8.739  ; 8.590  ;
; SW[2]      ; HEX1[2]     ; 7.941  ; 7.840  ; 8.388  ; 8.293  ;
; SW[2]      ; HEX1[3]     ; 8.191  ;        ;        ; 8.520  ;
; SW[2]      ; HEX1[4]     ; 8.468  ;        ;        ; 8.759  ;
; SW[2]      ; HEX1[5]     ; 8.146  ;        ;        ; 8.479  ;
; SW[2]      ; HEX1[6]     ; 8.046  ;        ;        ; 8.378  ;
; SW[2]      ; HEX2[0]     ;        ; 7.493  ; 7.989  ;        ;
; SW[2]      ; HEX2[2]     ;        ; 8.345  ; 8.871  ;        ;
; SW[2]      ; HEX2[3]     ;        ; 8.066  ; 8.530  ;        ;
; SW[2]      ; HEX2[4]     ;        ; 7.866  ; 8.364  ;        ;
; SW[2]      ; HEX2[5]     ;        ; 8.328  ; 8.774  ;        ;
; SW[2]      ; HEX2[6]     ;        ; 8.078  ; 8.565  ;        ;
; SW[2]      ; HEX3[0]     ; 8.039  ;        ;        ; 8.412  ;
; SW[2]      ; HEX3[1]     ; 7.528  ; 7.463  ; 7.973  ; 7.913  ;
; SW[2]      ; HEX3[2]     ; 8.196  ; 8.008  ; 8.641  ; 8.458  ;
; SW[2]      ; HEX3[3]     ; 7.518  ;        ;        ; 7.938  ;
; SW[2]      ; HEX3[5]     ;        ; 7.761  ; 8.284  ;        ;
; SW[2]      ; HEX3[6]     ; 7.877  ; 7.804  ; 8.322  ; 8.254  ;
; SW[2]      ; HEX4[0]     ; 7.939  ;        ;        ; 8.355  ;
; SW[2]      ; HEX4[1]     ; 7.899  ;        ;        ; 8.247  ;
; SW[2]      ; HEX4[2]     ; 7.745  ;        ;        ; 8.106  ;
; SW[2]      ; HEX4[3]     ; 7.767  ;        ;        ; 8.214  ;
; SW[2]      ; HEX4[4]     ; 7.871  ;        ;        ; 8.256  ;
; SW[2]      ; HEX4[6]     ; 8.100  ;        ;        ; 8.516  ;
; SW[2]      ; HEX5[0]     ;        ; 8.113  ; 8.641  ;        ;
; SW[2]      ; HEX5[3]     ;        ; 7.806  ; 8.332  ;        ;
; SW[2]      ; HEX5[4]     ;        ; 9.555  ; 10.231 ;        ;
; SW[2]      ; HEX5[5]     ;        ; 9.546  ; 10.223 ;        ;
; SW[2]      ; HEX5[6]     ;        ; 7.891  ; 8.422  ;        ;
; SW[2]      ; LEDR[0]     ;        ; 10.426 ; 10.432 ;        ;
; SW[2]      ; LEDR[1]     ; 9.691  ; 10.045 ; 10.118 ; 10.519 ;
; SW[2]      ; LEDR[2]     ; 10.112 ; 10.639 ; 10.564 ; 11.086 ;
; SW[2]      ; LEDR[3]     ; 10.153 ; 10.734 ; 10.604 ; 11.180 ;
; SW[3]      ; HEX0[0]     ; 7.305  ; 7.258  ; 7.744  ; 7.708  ;
; SW[3]      ; HEX0[1]     ; 7.235  ; 7.183  ; 7.674  ; 7.633  ;
; SW[3]      ; HEX0[2]     ; 7.019  ; 6.985  ; 7.458  ; 7.435  ;
; SW[3]      ; HEX0[3]     ; 7.228  ; 7.183  ; 7.667  ; 7.633  ;
; SW[3]      ; HEX0[4]     ; 7.032  ;        ;        ; 7.441  ;
; SW[3]      ; HEX0[5]     ; 7.193  ; 7.152  ; 7.632  ; 7.602  ;
; SW[3]      ; HEX0[6]     ;        ; 7.024  ; 7.526  ;        ;
; SW[3]      ; HEX1[0]     ; 7.349  ; 7.248  ; 7.791  ; 7.704  ;
; SW[3]      ; HEX1[1]     ; 7.663  ; 7.512  ; 8.105  ; 7.968  ;
; SW[3]      ; HEX1[2]     ; 7.312  ; 7.215  ; 7.754  ; 7.671  ;
; SW[3]      ; HEX1[3]     ;        ; 7.434  ; 7.984  ;        ;
; SW[3]      ; HEX1[4]     ;        ; 7.673  ; 8.261  ;        ;
; SW[3]      ; HEX1[5]     ;        ; 7.393  ; 7.939  ;        ;
; SW[3]      ; HEX1[6]     ;        ; 7.292  ; 7.839  ;        ;
; SW[3]      ; HEX2[0]     ; 6.910  ;        ;        ; 7.320  ;
; SW[3]      ; HEX2[2]     ; 7.792  ;        ;        ; 8.172  ;
; SW[3]      ; HEX2[3]     ; 7.451  ;        ;        ; 7.893  ;
; SW[3]      ; HEX2[4]     ; 7.279  ;        ;        ; 7.690  ;
; SW[3]      ; HEX2[5]     ; 7.695  ;        ;        ; 8.155  ;
; SW[3]      ; HEX2[6]     ; 7.486  ;        ;        ; 7.905  ;
; SW[3]      ; HEX3[0]     ; 7.415  ;        ;        ; 7.796  ;
; SW[3]      ; HEX3[1]     ; 6.889  ;        ;        ; 7.286  ;
; SW[3]      ; HEX3[2]     ; 7.557  ;        ;        ; 7.831  ;
; SW[3]      ; HEX3[3]     ; 6.894  ;        ;        ; 7.322  ;
; SW[3]      ; HEX3[5]     ; 7.215  ;        ;        ; 7.595  ;
; SW[3]      ; HEX3[6]     ; 7.238  ;        ;        ; 7.627  ;
; SW[3]      ; HEX4[0]     ; 7.298  ;        ;        ; 7.727  ;
; SW[3]      ; HEX4[1]     ; 7.273  ;        ;        ; 7.629  ;
; SW[3]      ; HEX4[2]     ; 7.102  ;        ;        ; 7.477  ;
; SW[3]      ; HEX4[3]     ; 7.126  ;        ;        ; 7.586  ;
; SW[3]      ; HEX4[4]     ; 7.230  ;        ;        ; 7.628  ;
; SW[3]      ; HEX4[6]     ; 7.459  ;        ;        ; 7.888  ;
; SW[3]      ; HEX5[0]     ;        ; 7.488  ; 8.010  ;        ;
; SW[3]      ; HEX5[3]     ;        ; 7.181  ; 7.701  ;        ;
; SW[3]      ; HEX5[4]     ;        ; 8.930  ; 9.600  ;        ;
; SW[3]      ; HEX5[5]     ;        ; 8.921  ; 9.592  ;        ;
; SW[3]      ; HEX5[6]     ;        ; 7.266  ; 7.791  ;        ;
; SW[3]      ; LEDR[0]     ; 9.354  ; 9.788  ; 9.801  ; 10.223 ;
; SW[3]      ; LEDR[1]     ; 9.152  ; 9.532  ; 9.603  ; 9.969  ;
; SW[3]      ; LEDR[2]     ; 9.486  ; 9.999  ; 9.933  ; 10.435 ;
; SW[3]      ; LEDR[3]     ; 9.532  ; 10.110 ; 9.984  ; 10.548 ;
+------------+-------------+--------+--------+--------+--------+


----------------------------------------------
; Slow 1100mV 85C Model Metastability Report ;
----------------------------------------------
No synchronizer chains to report.


-------------------------------------
; Slow 1100mV 0C Model Fmax Summary ;
-------------------------------------
No paths to report.


--------------------------------------
; Slow 1100mV 0C Model Setup Summary ;
--------------------------------------
No paths to report.


-------------------------------------
; Slow 1100mV 0C Model Hold Summary ;
-------------------------------------
No paths to report.


-----------------------------------------
; Slow 1100mV 0C Model Recovery Summary ;
-----------------------------------------
No paths to report.


----------------------------------------
; Slow 1100mV 0C Model Removal Summary ;
----------------------------------------
No paths to report.


----------------------------------------------------
; Slow 1100mV 0C Model Minimum Pulse Width Summary ;
----------------------------------------------------
No paths to report.


+--------------------------------------------------------------+
; Propagation Delay                                            ;
+------------+-------------+--------+--------+--------+--------+
; Input Port ; Output Port ; RR     ; RF     ; FR     ; FF     ;
+------------+-------------+--------+--------+--------+--------+
; SW[0]      ; HEX0[0]     ; 8.572  ; 8.510  ; 9.180  ; 9.109  ;
; SW[0]      ; HEX0[1]     ; 8.476  ; 8.442  ; 9.084  ; 9.041  ;
; SW[0]      ; HEX0[2]     ; 8.212  ; 8.212  ; 8.820  ; 8.811  ;
; SW[0]      ; HEX0[3]     ; 8.471  ; 8.440  ; 9.079  ; 9.039  ;
; SW[0]      ; HEX0[4]     ; 8.218  ;        ;        ; 8.814  ;
; SW[0]      ; HEX0[5]     ; 8.431  ; 8.406  ; 9.039  ; 9.005  ;
; SW[0]      ; HEX0[6]     ;        ; 8.275  ; 8.905  ;        ;
; SW[0]      ; HEX1[0]     ; 8.632  ; 8.513  ; 9.240  ; 9.111  ;
; SW[0]      ; HEX1[1]     ; 9.000  ; 8.807  ; 9.608  ; 9.405  ;
; SW[0]      ; HEX1[2]     ; 8.591  ; 8.477  ; 9.199  ; 9.075  ;
; SW[0]      ; HEX1[3]     ; 8.913  ;        ;        ; 9.356  ;
; SW[0]      ; HEX1[4]     ; 9.285  ;        ;        ; 9.637  ;
; SW[0]      ; HEX1[5]     ; 8.864  ;        ;        ; 9.312  ;
; SW[0]      ; HEX1[6]     ; 8.697  ;        ;        ; 9.180  ;
; SW[0]      ; HEX2[0]     ; 8.119  ; 8.113  ; 8.729  ; 8.714  ;
; SW[0]      ; HEX2[2]     ; 9.146  ; 9.010  ; 9.756  ; 9.611  ;
; SW[0]      ; HEX2[3]     ; 8.761  ; 8.713  ; 9.371  ; 9.314  ;
; SW[0]      ; HEX2[4]     ; 8.583  ;        ;        ; 9.123  ;
; SW[0]      ; HEX2[5]     ; 8.988  ; 8.972  ; 9.598  ; 9.573  ;
; SW[0]      ; HEX2[6]     ; 8.772  ; 8.735  ; 9.382  ; 9.336  ;
; SW[0]      ; HEX3[0]     ;        ; 8.653  ; 9.385  ;        ;
; SW[0]      ; HEX3[1]     ; 8.119  ; 8.117  ; 8.727  ; 8.717  ;
; SW[0]      ; HEX3[2]     ; 8.944  ; 8.725  ; 9.552  ; 9.325  ;
; SW[0]      ; HEX3[3]     ;        ; 8.135  ; 8.726  ;        ;
; SW[0]      ; HEX3[5]     ; 8.503  ;        ;        ; 9.023  ;
; SW[0]      ; HEX3[6]     ; 8.538  ; 8.467  ; 9.146  ; 9.067  ;
; SW[0]      ; HEX4[0]     ; 8.586  ;        ;        ; 9.154  ;
; SW[0]      ; HEX4[1]     ; 8.566  ; 8.463  ; 9.175  ; 9.063  ;
; SW[0]      ; HEX4[2]     ;        ; 8.156  ; 8.983  ;        ;
; SW[0]      ; HEX4[3]     ; 8.407  ;        ;        ; 8.997  ;
; SW[0]      ; HEX4[4]     ; 8.527  ;        ;        ; 9.061  ;
; SW[0]      ; HEX4[6]     ; 8.778  ;        ;        ; 9.308  ;
; SW[0]      ; LEDR[0]     ; 10.768 ;        ;        ; 12.004 ;
; SW[0]      ; LEDR[1]     ; 10.527 ; 11.085 ; 11.123 ; 11.691 ;
; SW[0]      ; LEDR[2]     ; 10.969 ; 11.842 ; 11.566 ; 12.448 ;
; SW[0]      ; LEDR[3]     ; 11.056 ;        ;        ; 12.556 ;
; SW[1]      ; HEX0[0]     ; 8.385  ;        ;        ; 8.891  ;
; SW[1]      ; HEX0[1]     ; 8.289  ;        ;        ; 8.823  ;
; SW[1]      ; HEX0[2]     ; 8.025  ;        ;        ; 8.593  ;
; SW[1]      ; HEX0[3]     ; 8.284  ;        ;        ; 8.821  ;
; SW[1]      ; HEX0[4]     ; 7.888  ;        ;        ; 8.560  ;
; SW[1]      ; HEX0[5]     ; 8.244  ;        ;        ; 8.787  ;
; SW[1]      ; HEX0[6]     ; 8.098  ;        ;        ; 8.644  ;
; SW[1]      ; HEX1[0]     ; 8.290  ; 8.010  ; 8.956  ; 8.844  ;
; SW[1]      ; HEX1[1]     ; 8.658  ; 8.304  ; 9.324  ; 9.138  ;
; SW[1]      ; HEX1[2]     ; 8.249  ; 7.974  ; 8.915  ; 8.808  ;
; SW[1]      ; HEX1[3]     ; 8.699  ;        ;        ; 9.111  ;
; SW[1]      ; HEX1[4]     ; 9.071  ;        ;        ; 9.392  ;
; SW[1]      ; HEX1[5]     ; 8.650  ;        ;        ; 9.067  ;
; SW[1]      ; HEX1[6]     ; 8.483  ;        ;        ; 8.935  ;
; SW[1]      ; HEX2[0]     ; 7.763  ; 7.596  ; 8.431  ; 8.432  ;
; SW[1]      ; HEX2[2]     ; 8.790  ; 8.493  ; 9.458  ; 9.329  ;
; SW[1]      ; HEX2[3]     ; 8.405  ; 8.196  ; 9.073  ; 9.032  ;
; SW[1]      ; HEX2[4]     ;        ; 8.169  ; 9.037  ;        ;
; SW[1]      ; HEX2[5]     ; 8.632  ; 8.455  ; 9.300  ; 9.291  ;
; SW[1]      ; HEX2[6]     ; 8.416  ; 8.218  ; 9.084  ; 9.054  ;
; SW[1]      ; HEX3[0]     ;        ; 8.086  ; 9.032  ;        ;
; SW[1]      ; HEX3[1]     ; 7.854  ; 7.762  ; 8.572  ; 8.417  ;
; SW[1]      ; HEX3[2]     ; 8.679  ; 8.370  ; 9.397  ; 9.025  ;
; SW[1]      ; HEX3[3]     ;        ; 7.568  ; 8.373  ;        ;
; SW[1]      ; HEX3[5]     ; 8.096  ;        ;        ; 8.687  ;
; SW[1]      ; HEX3[6]     ; 8.273  ; 8.112  ; 8.991  ; 8.767  ;
; SW[1]      ; HEX4[0]     ;        ; 8.198  ; 9.037  ;        ;
; SW[1]      ; HEX4[1]     ; 8.158  ; 7.894  ; 8.819  ; 8.723  ;
; SW[1]      ; HEX4[2]     ; 8.213  ;        ;        ; 8.791  ;
; SW[1]      ; HEX4[3]     ;        ; 8.041  ; 8.858  ;        ;
; SW[1]      ; HEX4[4]     ;        ; 8.105  ; 8.978  ;        ;
; SW[1]      ; HEX4[6]     ;        ; 8.352  ; 9.229  ;        ;
; SW[1]      ; HEX5[0]     ;        ; 8.601  ; 9.380  ;        ;
; SW[1]      ; HEX5[3]     ;        ; 8.291  ; 9.060  ;        ;
; SW[1]      ; HEX5[4]     ;        ; 10.091 ; 11.156 ;        ;
; SW[1]      ; HEX5[5]     ;        ; 10.092 ; 11.158 ;        ;
; SW[1]      ; HEX5[6]     ;        ; 8.379  ; 9.131  ;        ;
; SW[1]      ; LEDR[0]     ; 10.503 ; 11.224 ; 11.163 ; 11.947 ;
; SW[1]      ; LEDR[1]     ; 10.049 ; 10.768 ; 10.884 ; 11.435 ;
; SW[1]      ; LEDR[2]     ; 10.699 ; 11.663 ; 11.359 ; 12.386 ;
; SW[1]      ; LEDR[3]     ; 10.573 ; 11.628 ; 11.408 ; 12.295 ;
; SW[2]      ; HEX0[0]     ; 8.525  ;        ;        ; 9.052  ;
; SW[2]      ; HEX0[1]     ; 8.429  ;        ;        ; 8.984  ;
; SW[2]      ; HEX0[2]     ; 8.165  ;        ;        ; 8.754  ;
; SW[2]      ; HEX0[3]     ; 8.424  ;        ;        ; 8.982  ;
; SW[2]      ; HEX0[4]     ; 8.171  ;        ;        ; 8.758  ;
; SW[2]      ; HEX0[5]     ; 8.384  ;        ;        ; 8.948  ;
; SW[2]      ; HEX0[6]     ; 8.240  ;        ;        ; 8.807  ;
; SW[2]      ; HEX1[0]     ; 8.575  ; 8.443  ; 9.162  ; 9.045  ;
; SW[2]      ; HEX1[1]     ; 8.943  ; 8.737  ; 9.530  ; 9.339  ;
; SW[2]      ; HEX1[2]     ; 8.534  ; 8.407  ; 9.121  ; 9.009  ;
; SW[2]      ; HEX1[3]     ; 8.845  ;        ;        ; 9.278  ;
; SW[2]      ; HEX1[4]     ; 9.217  ;        ;        ; 9.559  ;
; SW[2]      ; HEX1[5]     ; 8.796  ;        ;        ; 9.234  ;
; SW[2]      ; HEX1[6]     ; 8.629  ;        ;        ; 9.102  ;
; SW[2]      ; HEX2[0]     ;        ; 8.034  ; 8.640  ;        ;
; SW[2]      ; HEX2[2]     ;        ; 8.931  ; 9.667  ;        ;
; SW[2]      ; HEX2[3]     ;        ; 8.634  ; 9.282  ;        ;
; SW[2]      ; HEX2[4]     ;        ; 8.410  ; 9.070  ;        ;
; SW[2]      ; HEX2[5]     ;        ; 8.893  ; 9.509  ;        ;
; SW[2]      ; HEX2[6]     ;        ; 8.656  ; 9.293  ;        ;
; SW[2]      ; HEX3[0]     ; 8.676  ;        ;        ; 9.141  ;
; SW[2]      ; HEX3[1]     ; 8.019  ; 8.005  ; 8.605  ; 8.605  ;
; SW[2]      ; HEX3[2]     ; 8.844  ; 8.613  ; 9.430  ; 9.213  ;
; SW[2]      ; HEX3[3]     ; 8.017  ;        ;        ; 8.623  ;
; SW[2]      ; HEX3[5]     ;        ; 8.312  ; 8.989  ;        ;
; SW[2]      ; HEX3[6]     ; 8.438  ; 8.355  ; 9.024  ; 8.955  ;
; SW[2]      ; HEX4[0]     ; 8.486  ;        ;        ; 9.042  ;
; SW[2]      ; HEX4[1]     ; 8.466  ;        ;        ; 8.951  ;
; SW[2]      ; HEX4[2]     ; 8.297  ;        ;        ; 8.808  ;
; SW[2]      ; HEX4[3]     ; 8.307  ;        ;        ; 8.885  ;
; SW[2]      ; HEX4[4]     ; 8.427  ;        ;        ; 8.949  ;
; SW[2]      ; HEX4[6]     ; 8.678  ;        ;        ; 9.196  ;
; SW[2]      ; HEX5[0]     ;        ; 8.673  ; 9.386  ;        ;
; SW[2]      ; HEX5[3]     ;        ; 8.363  ; 9.066  ;        ;
; SW[2]      ; HEX5[4]     ;        ; 10.163 ; 11.162 ;        ;
; SW[2]      ; HEX5[5]     ;        ; 10.164 ; 11.164 ;        ;
; SW[2]      ; HEX5[6]     ;        ; 8.451  ; 9.137  ;        ;
; SW[2]      ; LEDR[0]     ;        ; 11.365 ; 11.323 ;        ;
; SW[2]      ; LEDR[1]     ; 10.335 ; 10.979 ; 10.904 ; 11.611 ;
; SW[2]      ; LEDR[2]     ; 10.917 ; 11.803 ; 11.519 ; 12.391 ;
; SW[2]      ; LEDR[3]     ; 11.005 ; 11.911 ; 11.606 ; 12.498 ;
; SW[3]      ; HEX0[0]     ; 7.732  ; 7.641  ; 8.312  ; 8.242  ;
; SW[3]      ; HEX0[1]     ; 7.636  ; 7.573  ; 8.216  ; 8.174  ;
; SW[3]      ; HEX0[2]     ; 7.372  ; 7.343  ; 7.952  ; 7.944  ;
; SW[3]      ; HEX0[3]     ; 7.631  ; 7.571  ; 8.211  ; 8.172  ;
; SW[3]      ; HEX0[4]     ; 7.384  ;        ;        ; 7.958  ;
; SW[3]      ; HEX0[5]     ; 7.591  ; 7.537  ; 8.171  ; 8.138  ;
; SW[3]      ; HEX0[6]     ;        ; 7.395  ; 8.025  ;        ;
; SW[3]      ; HEX1[0]     ; 7.787  ; 7.632  ; 8.372  ; 8.244  ;
; SW[3]      ; HEX1[1]     ; 8.155  ; 7.926  ; 8.740  ; 8.538  ;
; SW[3]      ; HEX1[2]     ; 7.746  ; 7.596  ; 8.331  ; 8.208  ;
; SW[3]      ; HEX1[3]     ;        ; 7.862  ; 8.629  ;        ;
; SW[3]      ; HEX1[4]     ;        ; 8.143  ; 9.001  ;        ;
; SW[3]      ; HEX1[5]     ;        ; 7.818  ; 8.580  ;        ;
; SW[3]      ; HEX1[6]     ;        ; 7.686  ; 8.413  ;        ;
; SW[3]      ; HEX2[0]     ; 7.261  ;        ;        ; 7.832  ;
; SW[3]      ; HEX2[2]     ; 8.288  ;        ;        ; 8.729  ;
; SW[3]      ; HEX2[3]     ; 7.903  ;        ;        ; 8.432  ;
; SW[3]      ; HEX2[4]     ; 7.697  ;        ;        ; 8.207  ;
; SW[3]      ; HEX2[5]     ; 8.130  ;        ;        ; 8.691  ;
; SW[3]      ; HEX2[6]     ; 7.914  ;        ;        ; 8.454  ;
; SW[3]      ; HEX3[0]     ; 7.897  ;        ;        ; 8.347  ;
; SW[3]      ; HEX3[1]     ; 7.232  ;        ;        ; 7.801  ;
; SW[3]      ; HEX3[2]     ; 8.057  ;        ;        ; 8.409  ;
; SW[3]      ; HEX3[3]     ; 7.238  ;        ;        ; 7.829  ;
; SW[3]      ; HEX3[5]     ; 7.623  ;        ;        ; 8.117  ;
; SW[3]      ; HEX3[6]     ; 7.651  ;        ;        ; 8.151  ;
; SW[3]      ; HEX4[0]     ; 7.698  ;        ;        ; 8.236  ;
; SW[3]      ; HEX4[1]     ; 7.685  ;        ;        ; 8.155  ;
; SW[3]      ; HEX4[2]     ; 7.506  ;        ;        ; 7.998  ;
; SW[3]      ; HEX4[3]     ; 7.519  ;        ;        ; 8.079  ;
; SW[3]      ; HEX4[4]     ; 7.639  ;        ;        ; 8.143  ;
; SW[3]      ; HEX4[6]     ; 7.890  ;        ;        ; 8.390  ;
; SW[3]      ; HEX5[0]     ;        ; 7.863  ; 8.598  ;        ;
; SW[3]      ; HEX5[3]     ;        ; 7.553  ; 8.278  ;        ;
; SW[3]      ; HEX5[4]     ;        ; 9.353  ; 10.374 ;        ;
; SW[3]      ; HEX5[5]     ;        ; 9.354  ; 10.376 ;        ;
; SW[3]      ; HEX5[6]     ;        ; 7.641  ; 8.349  ;        ;
; SW[3]      ; LEDR[0]     ; 9.912  ; 10.571 ; 10.513 ; 11.151 ;
; SW[3]      ; LEDR[1]     ; 9.670  ; 10.264 ; 10.283 ; 10.850 ;
; SW[3]      ; LEDR[2]     ; 10.108 ; 11.010 ; 10.709 ; 11.590 ;
; SW[3]      ; LEDR[3]     ; 10.194 ; 11.125 ; 10.806 ; 11.709 ;
+------------+-------------+--------+--------+--------+--------+


+-------------------------------------------------------------+
; Minimum Propagation Delay                                   ;
+------------+-------------+-------+--------+--------+--------+
; Input Port ; Output Port ; RR    ; RF     ; FR     ; FF     ;
+------------+-------------+-------+--------+--------+--------+
; SW[0]      ; HEX0[0]     ; 7.774 ; 7.694  ; 8.232  ; 8.164  ;
; SW[0]      ; HEX0[1]     ; 7.701 ; 7.637  ; 8.159  ; 8.107  ;
; SW[0]      ; HEX0[2]     ; 7.480 ; 7.439  ; 7.938  ; 7.909  ;
; SW[0]      ; HEX0[3]     ; 7.696 ; 7.635  ; 8.154  ; 8.105  ;
; SW[0]      ; HEX0[4]     ; 7.474 ;        ;        ; 7.910  ;
; SW[0]      ; HEX0[5]     ; 7.656 ; 7.600  ; 8.114  ; 8.070  ;
; SW[0]      ; HEX0[6]     ;       ; 7.496  ; 8.014  ;        ;
; SW[0]      ; HEX1[0]     ; 7.811 ; 7.694  ; 8.269  ; 8.163  ;
; SW[0]      ; HEX1[1]     ; 8.130 ; 7.957  ; 8.588  ; 8.426  ;
; SW[0]      ; HEX1[2]     ; 7.770 ; 7.658  ; 8.228  ; 8.127  ;
; SW[0]      ; HEX1[3]     ; 8.038 ;        ;        ; 8.368  ;
; SW[0]      ; HEX1[4]     ; 8.319 ;        ;        ; 8.606  ;
; SW[0]      ; HEX1[5]     ; 7.990 ;        ;        ; 8.324  ;
; SW[0]      ; HEX1[6]     ; 7.875 ;        ;        ; 8.223  ;
; SW[0]      ; HEX2[0]     ; 7.373 ; 7.337  ; 7.832  ; 7.808  ;
; SW[0]      ; HEX2[2]     ; 8.260 ; 8.139  ; 8.719  ; 8.610  ;
; SW[0]      ; HEX2[3]     ; 7.911 ; 7.862  ; 8.370  ; 8.333  ;
; SW[0]      ; HEX2[4]     ; 7.773 ;        ;        ; 8.165  ;
; SW[0]      ; HEX2[5]     ; 8.156 ; 8.124  ; 8.615  ; 8.595  ;
; SW[0]      ; HEX2[6]     ; 7.956 ; 7.904  ; 8.415  ; 8.375  ;
; SW[0]      ; HEX3[0]     ;       ; 7.797  ; 8.364  ;        ;
; SW[0]      ; HEX3[1]     ; 7.373 ; 7.334  ; 7.832  ; 7.804  ;
; SW[0]      ; HEX3[2]     ; 8.056 ; 7.857  ; 8.515  ; 8.327  ;
; SW[0]      ; HEX3[3]     ;       ; 7.353  ; 7.825  ;        ;
; SW[0]      ; HEX3[5]     ; 7.693 ;        ;        ; 8.077  ;
; SW[0]      ; HEX3[6]     ; 7.730 ; 7.645  ; 8.189  ; 8.115  ;
; SW[0]      ; HEX4[0]     ; 7.796 ;        ;        ; 8.210  ;
; SW[0]      ; HEX4[1]     ; 7.749 ; 7.639  ; 8.208  ; 8.109  ;
; SW[0]      ; HEX4[2]     ;       ; 7.405  ; 7.989  ;        ;
; SW[0]      ; HEX4[3]     ; 7.618 ;        ;        ; 8.053  ;
; SW[0]      ; HEX4[4]     ; 7.724 ;        ;        ; 8.110  ;
; SW[0]      ; HEX4[6]     ; 7.948 ;        ;        ; 8.337  ;
; SW[0]      ; LEDR[0]     ; 9.749 ;        ;        ; 10.720 ;
; SW[0]      ; LEDR[1]     ; 9.530 ; 9.982  ; 9.997  ; 10.438 ;
; SW[0]      ; LEDR[2]     ; 9.867 ; 10.496 ; 10.336 ; 10.953 ;
; SW[0]      ; LEDR[3]     ; 9.937 ;        ;        ; 11.059 ;
; SW[1]      ; HEX0[0]     ; 7.522 ;        ;        ; 7.976  ;
; SW[1]      ; HEX0[1]     ; 7.449 ;        ;        ; 7.919  ;
; SW[1]      ; HEX0[2]     ; 7.228 ;        ;        ; 7.721  ;
; SW[1]      ; HEX0[3]     ; 7.444 ;        ;        ; 7.917  ;
; SW[1]      ; HEX0[4]     ; 7.176 ;        ;        ; 7.633  ;
; SW[1]      ; HEX0[5]     ; 7.404 ;        ;        ; 7.882  ;
; SW[1]      ; HEX0[6]     ; 7.293 ;        ;        ; 7.767  ;
; SW[1]      ; HEX1[0]     ; 7.503 ; 7.247  ; 8.023  ; 7.876  ;
; SW[1]      ; HEX1[1]     ; 7.822 ; 7.510  ; 8.342  ; 8.139  ;
; SW[1]      ; HEX1[2]     ; 7.462 ; 7.211  ; 7.982  ; 7.840  ;
; SW[1]      ; HEX1[3]     ; 7.763 ;        ;        ; 8.157  ;
; SW[1]      ; HEX1[4]     ; 8.044 ;        ;        ; 8.395  ;
; SW[1]      ; HEX1[5]     ; 7.715 ;        ;        ; 8.113  ;
; SW[1]      ; HEX1[6]     ; 7.600 ;        ;        ; 8.012  ;
; SW[1]      ; HEX2[0]     ; 7.052 ; 6.877  ; 7.573  ; 7.507  ;
; SW[1]      ; HEX2[2]     ; 7.939 ; 7.679  ; 8.460  ; 8.309  ;
; SW[1]      ; HEX2[3]     ; 7.590 ; 7.402  ; 8.111  ; 8.032  ;
; SW[1]      ; HEX2[4]     ;       ; 7.393  ; 8.007  ;        ;
; SW[1]      ; HEX2[5]     ; 7.835 ; 7.664  ; 8.356  ; 8.294  ;
; SW[1]      ; HEX2[6]     ; 7.635 ; 7.444  ; 8.156  ; 8.074  ;
; SW[1]      ; HEX3[0]     ;       ; 7.294  ; 8.057  ;        ;
; SW[1]      ; HEX3[1]     ; 7.054 ; 7.032  ; 7.606  ; 7.544  ;
; SW[1]      ; HEX3[2]     ; 7.737 ; 7.555  ; 8.289  ; 8.067  ;
; SW[1]      ; HEX3[3]     ;       ; 6.850  ; 7.518  ;        ;
; SW[1]      ; HEX3[5]     ; 7.328 ;        ;        ; 7.729  ;
; SW[1]      ; HEX3[6]     ; 7.411 ; 7.343  ; 7.963  ; 7.855  ;
; SW[1]      ; HEX4[0]     ;       ; 7.436  ; 8.027  ;        ;
; SW[1]      ; HEX4[1]     ; 7.383 ; 7.135  ; 7.898  ; 7.759  ;
; SW[1]      ; HEX4[2]     ; 7.420 ;        ;        ; 7.838  ;
; SW[1]      ; HEX4[3]     ;       ; 7.279  ; 7.849  ;        ;
; SW[1]      ; HEX4[4]     ;       ; 7.336  ; 7.955  ;        ;
; SW[1]      ; HEX4[6]     ;       ; 7.563  ; 8.179  ;        ;
; SW[1]      ; HEX5[0]     ;       ; 7.745  ; 8.360  ;        ;
; SW[1]      ; HEX5[3]     ;       ; 7.460  ; 8.066  ;        ;
; SW[1]      ; HEX5[4]     ;       ; 9.107  ; 9.902  ;        ;
; SW[1]      ; HEX5[5]     ;       ; 9.106  ; 9.901  ;        ;
; SW[1]      ; HEX5[6]     ;       ; 7.544  ; 8.141  ;        ;
; SW[1]      ; LEDR[0]     ; 9.525 ; 10.023 ; 10.042 ; 10.580 ;
; SW[1]      ; LEDR[1]     ; 9.105 ; 9.696  ; 9.734  ; 10.216 ;
; SW[1]      ; LEDR[2]     ; 9.640 ; 10.252 ; 10.157 ; 10.808 ;
; SW[1]      ; LEDR[3]     ; 9.508 ; 10.311 ; 10.137 ; 10.831 ;
; SW[2]      ; HEX0[0]     ; 7.757 ;        ;        ; 8.154  ;
; SW[2]      ; HEX0[1]     ; 7.684 ;        ;        ; 8.097  ;
; SW[2]      ; HEX0[2]     ; 7.463 ;        ;        ; 7.899  ;
; SW[2]      ; HEX0[3]     ; 7.679 ;        ;        ; 8.095  ;
; SW[2]      ; HEX0[4]     ; 7.458 ;        ;        ; 7.900  ;
; SW[2]      ; HEX0[5]     ; 7.639 ;        ;        ; 8.060  ;
; SW[2]      ; HEX0[6]     ; 7.531 ;        ;        ; 7.947  ;
; SW[2]      ; HEX1[0]     ; 7.786 ; 7.669  ; 8.257  ; 8.145  ;
; SW[2]      ; HEX1[1]     ; 8.105 ; 7.932  ; 8.576  ; 8.408  ;
; SW[2]      ; HEX1[2]     ; 7.745 ; 7.633  ; 8.216  ; 8.109  ;
; SW[2]      ; HEX1[3]     ; 8.004 ;        ;        ; 8.340  ;
; SW[2]      ; HEX1[4]     ; 8.285 ;        ;        ; 8.578  ;
; SW[2]      ; HEX1[5]     ; 7.956 ;        ;        ; 8.296  ;
; SW[2]      ; HEX1[6]     ; 7.841 ;        ;        ; 8.195  ;
; SW[2]      ; HEX2[0]     ;       ; 7.303  ; 7.810  ;        ;
; SW[2]      ; HEX2[2]     ;       ; 8.105  ; 8.697  ;        ;
; SW[2]      ; HEX2[3]     ;       ; 7.828  ; 8.348  ;        ;
; SW[2]      ; HEX2[4]     ;       ; 7.633  ; 8.181  ;        ;
; SW[2]      ; HEX2[5]     ;       ; 8.090  ; 8.593  ;        ;
; SW[2]      ; HEX2[6]     ;       ; 7.870  ; 8.393  ;        ;
; SW[2]      ; HEX3[0]     ; 7.843 ;        ;        ; 8.210  ;
; SW[2]      ; HEX3[1]     ; 7.311 ; 7.271  ; 7.781  ; 7.747  ;
; SW[2]      ; HEX3[2]     ; 7.994 ; 7.794  ; 8.464  ; 8.270  ;
; SW[2]      ; HEX3[3]     ; 7.304 ;        ;        ; 7.766  ;
; SW[2]      ; HEX3[5]     ;       ; 7.545  ; 8.101  ;        ;
; SW[2]      ; HEX3[6]     ; 7.668 ; 7.582  ; 8.138  ; 8.058  ;
; SW[2]      ; HEX4[0]     ; 7.733 ;        ;        ; 8.153  ;
; SW[2]      ; HEX4[1]     ; 7.686 ;        ;        ; 8.052  ;
; SW[2]      ; HEX4[2]     ; 7.545 ;        ;        ; 7.926  ;
; SW[2]      ; HEX4[3]     ; 7.555 ;        ;        ; 7.996  ;
; SW[2]      ; HEX4[4]     ; 7.661 ;        ;        ; 8.053  ;
; SW[2]      ; HEX4[6]     ; 7.885 ;        ;        ; 8.280  ;
; SW[2]      ; HEX5[0]     ;       ; 7.871  ; 8.453  ;        ;
; SW[2]      ; HEX5[3]     ;       ; 7.586  ; 8.159  ;        ;
; SW[2]      ; HEX5[4]     ;       ; 9.233  ; 9.995  ;        ;
; SW[2]      ; HEX5[5]     ;       ; 9.232  ; 9.994  ;        ;
; SW[2]      ; HEX5[6]     ;       ; 7.670  ; 8.234  ;        ;
; SW[2]      ; LEDR[0]     ;       ; 10.260 ; 10.220 ;        ;
; SW[2]      ; LEDR[1]     ; 9.423 ; 9.848  ; 9.881  ; 10.357 ;
; SW[2]      ; LEDR[2]     ; 9.859 ; 10.487 ; 10.335 ; 10.958 ;
; SW[2]      ; LEDR[3]     ; 9.929 ; 10.593 ; 10.404 ; 11.063 ;
; SW[3]      ; HEX0[0]     ; 7.025 ; 6.959  ; 7.495  ; 7.444  ;
; SW[3]      ; HEX0[1]     ; 6.952 ; 6.902  ; 7.422  ; 7.387  ;
; SW[3]      ; HEX0[2]     ; 6.731 ; 6.704  ; 7.201  ; 7.189  ;
; SW[3]      ; HEX0[3]     ; 6.947 ; 6.900  ; 7.417  ; 7.385  ;
; SW[3]      ; HEX0[4]     ; 6.738 ;        ;        ; 7.198  ;
; SW[3]      ; HEX0[5]     ; 6.907 ; 6.865  ; 7.377  ; 7.350  ;
; SW[3]      ; HEX0[6]     ;       ; 6.751  ; 7.267  ;        ;
; SW[3]      ; HEX1[0]     ; 7.066 ; 6.949  ; 7.541  ; 7.441  ;
; SW[3]      ; HEX1[1]     ; 7.385 ; 7.212  ; 7.860  ; 7.704  ;
; SW[3]      ; HEX1[2]     ; 7.025 ; 6.913  ; 7.500  ; 7.405  ;
; SW[3]      ; HEX1[3]     ;       ; 7.141  ; 7.739  ;        ;
; SW[3]      ; HEX1[4]     ;       ; 7.379  ; 8.020  ;        ;
; SW[3]      ; HEX1[5]     ;       ; 7.097  ; 7.691  ;        ;
; SW[3]      ; HEX1[6]     ;       ; 6.996  ; 7.576  ;        ;
; SW[3]      ; HEX2[0]     ; 6.615 ;        ;        ; 7.073  ;
; SW[3]      ; HEX2[2]     ; 7.502 ;        ;        ; 7.875  ;
; SW[3]      ; HEX2[3]     ; 7.153 ;        ;        ; 7.598  ;
; SW[3]      ; HEX2[4]     ; 6.985 ;        ;        ; 7.404  ;
; SW[3]      ; HEX2[5]     ; 7.398 ;        ;        ; 7.860  ;
; SW[3]      ; HEX2[6]     ; 7.198 ;        ;        ; 7.640  ;
; SW[3]      ; HEX3[0]     ; 7.129 ;        ;        ; 7.512  ;
; SW[3]      ; HEX3[1]     ; 6.584 ;        ;        ; 7.041  ;
; SW[3]      ; HEX3[2]     ; 7.267 ;        ;        ; 7.564  ;
; SW[3]      ; HEX3[3]     ; 6.590 ;        ;        ; 7.068  ;
; SW[3]      ; HEX3[5]     ; 6.917 ;        ;        ; 7.322  ;
; SW[3]      ; HEX3[6]     ; 6.941 ;        ;        ; 7.352  ;
; SW[3]      ; HEX4[0]     ; 7.006 ;        ;        ; 7.446  ;
; SW[3]      ; HEX4[1]     ; 6.970 ;        ;        ; 7.352  ;
; SW[3]      ; HEX4[2]     ; 6.815 ;        ;        ; 7.216  ;
; SW[3]      ; HEX4[3]     ; 6.828 ;        ;        ; 7.289  ;
; SW[3]      ; HEX4[4]     ; 6.934 ;        ;        ; 7.346  ;
; SW[3]      ; HEX4[6]     ; 7.158 ;        ;        ; 7.573  ;
; SW[3]      ; HEX5[0]     ;       ; 7.153  ; 7.739  ;        ;
; SW[3]      ; HEX5[3]     ;       ; 6.868  ; 7.445  ;        ;
; SW[3]      ; HEX5[4]     ;       ; 8.515  ; 9.281  ;        ;
; SW[3]      ; HEX5[5]     ;       ; 8.514  ; 9.280  ;        ;
; SW[3]      ; HEX5[6]     ;       ; 6.952  ; 7.520  ;        ;
; SW[3]      ; LEDR[0]     ; 9.025 ; 9.527  ; 9.510  ; 9.997  ;
; SW[3]      ; LEDR[1]     ; 8.806 ; 9.258  ; 9.299  ; 9.734  ;
; SW[3]      ; LEDR[2]     ; 9.140 ; 9.755  ; 9.625  ; 10.225 ;
; SW[3]      ; LEDR[3]     ; 9.209 ; 9.873  ; 9.702  ; 10.349 ;
+------------+-------------+-------+--------+--------+--------+


---------------------------------------------
; Slow 1100mV 0C Model Metastability Report ;
---------------------------------------------
No synchronizer chains to report.


---------------------------------------
; Fast 1100mV 85C Model Setup Summary ;
---------------------------------------
No paths to report.


--------------------------------------
; Fast 1100mV 85C Model Hold Summary ;
--------------------------------------
No paths to report.


------------------------------------------
; Fast 1100mV 85C Model Recovery Summary ;
------------------------------------------
No paths to report.


-----------------------------------------
; Fast 1100mV 85C Model Removal Summary ;
-----------------------------------------
No paths to report.


-----------------------------------------------------
; Fast 1100mV 85C Model Minimum Pulse Width Summary ;
-----------------------------------------------------
No paths to report.


+----------------------------------------------------------+
; Propagation Delay                                        ;
+------------+-------------+-------+-------+-------+-------+
; Input Port ; Output Port ; RR    ; RF    ; FR    ; FF    ;
+------------+-------------+-------+-------+-------+-------+
; SW[0]      ; HEX0[0]     ; 4.758 ; 4.647 ; 5.724 ; 5.611 ;
; SW[0]      ; HEX0[1]     ; 4.675 ; 4.584 ; 5.641 ; 5.548 ;
; SW[0]      ; HEX0[2]     ; 4.508 ; 4.452 ; 5.474 ; 5.416 ;
; SW[0]      ; HEX0[3]     ; 4.661 ; 4.575 ; 5.627 ; 5.539 ;
; SW[0]      ; HEX0[4]     ; 4.530 ;       ;       ; 5.437 ;
; SW[0]      ; HEX0[5]     ; 4.655 ; 4.575 ; 5.621 ; 5.539 ;
; SW[0]      ; HEX0[6]     ;       ; 4.492 ; 5.535 ;       ;
; SW[0]      ; HEX1[0]     ; 4.778 ; 4.626 ; 5.745 ; 5.591 ;
; SW[0]      ; HEX1[1]     ; 5.042 ; 4.826 ; 6.009 ; 5.791 ;
; SW[0]      ; HEX1[2]     ; 4.770 ; 4.624 ; 5.737 ; 5.589 ;
; SW[0]      ; HEX1[3]     ; 4.916 ;       ;       ; 5.706 ;
; SW[0]      ; HEX1[4]     ; 5.165 ;       ;       ; 5.887 ;
; SW[0]      ; HEX1[5]     ; 4.901 ;       ;       ; 5.696 ;
; SW[0]      ; HEX1[6]     ; 4.847 ;       ;       ; 5.656 ;
; SW[0]      ; HEX2[0]     ; 4.482 ; 4.425 ; 5.450 ; 5.390 ;
; SW[0]      ; HEX2[2]     ; 5.071 ; 4.894 ; 6.039 ; 5.859 ;
; SW[0]      ; HEX2[3]     ; 4.845 ; 4.740 ; 5.813 ; 5.705 ;
; SW[0]      ; HEX2[4]     ; 4.753 ;       ;       ; 5.613 ;
; SW[0]      ; HEX2[5]     ; 4.986 ; 4.886 ; 5.954 ; 5.851 ;
; SW[0]      ; HEX2[6]     ; 4.834 ; 4.735 ; 5.802 ; 5.700 ;
; SW[0]      ; HEX3[0]     ;       ; 4.736 ; 5.855 ;       ;
; SW[0]      ; HEX3[1]     ; 4.480 ; 4.414 ; 5.449 ; 5.381 ;
; SW[0]      ; HEX3[2]     ; 5.021 ; 4.783 ; 5.990 ; 5.750 ;
; SW[0]      ; HEX3[3]     ;       ; 4.435 ; 5.449 ;       ;
; SW[0]      ; HEX3[5]     ; 4.728 ;       ;       ; 5.567 ;
; SW[0]      ; HEX3[6]     ; 4.747 ; 4.627 ; 5.716 ; 5.594 ;
; SW[0]      ; HEX4[0]     ; 4.741 ;       ;       ; 5.612 ;
; SW[0]      ; HEX4[1]     ; 4.766 ; 4.632 ; 5.735 ; 5.599 ;
; SW[0]      ; HEX4[2]     ;       ; 4.536 ; 5.649 ;       ;
; SW[0]      ; HEX4[3]     ; 4.650 ;       ;       ; 5.545 ;
; SW[0]      ; HEX4[4]     ; 4.714 ;       ;       ; 5.569 ;
; SW[0]      ; HEX4[6]     ; 4.873 ;       ;       ; 5.722 ;
; SW[0]      ; LEDR[0]     ; 5.996 ;       ;       ; 7.539 ;
; SW[0]      ; LEDR[1]     ; 5.835 ; 6.358 ; 6.795 ; 7.320 ;
; SW[0]      ; LEDR[2]     ; 6.177 ; 6.916 ; 7.138 ; 7.879 ;
; SW[0]      ; LEDR[3]     ; 6.244 ;       ;       ; 7.969 ;
; SW[1]      ; HEX0[0]     ; 4.716 ;       ;       ; 5.575 ;
; SW[1]      ; HEX0[1]     ; 4.633 ;       ;       ; 5.512 ;
; SW[1]      ; HEX0[2]     ; 4.466 ;       ;       ; 5.380 ;
; SW[1]      ; HEX0[3]     ; 4.619 ;       ;       ; 5.503 ;
; SW[1]      ; HEX0[4]     ; 4.448 ;       ;       ; 5.399 ;
; SW[1]      ; HEX0[5]     ; 4.613 ;       ;       ; 5.503 ;
; SW[1]      ; HEX0[6]     ; 4.515 ;       ;       ; 5.409 ;
; SW[1]      ; HEX1[0]     ; 4.685 ; 4.502 ; 5.677 ; 5.541 ;
; SW[1]      ; HEX1[1]     ; 4.949 ; 4.702 ; 5.941 ; 5.741 ;
; SW[1]      ; HEX1[2]     ; 4.677 ; 4.500 ; 5.669 ; 5.539 ;
; SW[1]      ; HEX1[3]     ; 4.852 ;       ;       ; 5.645 ;
; SW[1]      ; HEX1[4]     ; 5.101 ;       ;       ; 5.826 ;
; SW[1]      ; HEX1[5]     ; 4.837 ;       ;       ; 5.635 ;
; SW[1]      ; HEX1[6]     ; 4.783 ;       ;       ; 5.595 ;
; SW[1]      ; HEX2[0]     ; 4.378 ; 4.289 ; 5.370 ; 5.329 ;
; SW[1]      ; HEX2[2]     ; 4.967 ; 4.758 ; 5.959 ; 5.798 ;
; SW[1]      ; HEX2[3]     ; 4.741 ; 4.604 ; 5.733 ; 5.644 ;
; SW[1]      ; HEX2[4]     ;       ; 4.518 ; 5.645 ;       ;
; SW[1]      ; HEX2[5]     ; 4.882 ; 4.750 ; 5.874 ; 5.790 ;
; SW[1]      ; HEX2[6]     ; 4.730 ; 4.599 ; 5.722 ; 5.639 ;
; SW[1]      ; HEX3[0]     ;       ; 4.556 ; 5.720 ;       ;
; SW[1]      ; HEX3[1]     ; 4.369 ; 4.285 ; 5.371 ; 5.265 ;
; SW[1]      ; HEX3[2]     ; 4.910 ; 4.654 ; 5.912 ; 5.634 ;
; SW[1]      ; HEX3[3]     ;       ; 4.255 ; 5.314 ;       ;
; SW[1]      ; HEX3[5]     ; 4.578 ;       ;       ; 5.450 ;
; SW[1]      ; HEX3[6]     ; 4.636 ; 4.498 ; 5.638 ; 5.478 ;
; SW[1]      ; HEX4[0]     ;       ; 4.516 ; 5.631 ;       ;
; SW[1]      ; HEX4[1]     ; 4.616 ; 4.451 ; 5.599 ; 5.481 ;
; SW[1]      ; HEX4[2]     ; 4.598 ;       ;       ; 5.472 ;
; SW[1]      ; HEX4[3]     ;       ; 4.449 ; 5.540 ;       ;
; SW[1]      ; HEX4[4]     ;       ; 4.473 ; 5.604 ;       ;
; SW[1]      ; HEX4[6]     ;       ; 4.626 ; 5.763 ;       ;
; SW[1]      ; HEX5[0]     ;       ; 4.711 ; 5.858 ;       ;
; SW[1]      ; HEX5[3]     ;       ; 4.533 ; 5.653 ;       ;
; SW[1]      ; HEX5[4]     ;       ; 5.571 ; 6.935 ;       ;
; SW[1]      ; HEX5[5]     ;       ; 5.553 ; 6.917 ;       ;
; SW[1]      ; HEX5[6]     ;       ; 4.597 ; 5.720 ;       ;
; SW[1]      ; LEDR[0]     ; 5.948 ; 6.547 ; 6.935 ; 7.556 ;
; SW[1]      ; LEDR[1]     ; 5.734 ; 6.288 ; 6.772 ; 7.279 ;
; SW[1]      ; LEDR[2]     ; 6.125 ; 6.882 ; 7.111 ; 7.889 ;
; SW[1]      ; LEDR[3]     ; 6.139 ; 6.932 ; 7.177 ; 7.923 ;
; SW[2]      ; HEX0[0]     ; 4.728 ;       ;       ; 5.553 ;
; SW[2]      ; HEX0[1]     ; 4.645 ;       ;       ; 5.490 ;
; SW[2]      ; HEX0[2]     ; 4.478 ;       ;       ; 5.358 ;
; SW[2]      ; HEX0[3]     ; 4.631 ;       ;       ; 5.481 ;
; SW[2]      ; HEX0[4]     ; 4.500 ;       ;       ; 5.379 ;
; SW[2]      ; HEX0[5]     ; 4.625 ;       ;       ; 5.481 ;
; SW[2]      ; HEX0[6]     ; 4.529 ;       ;       ; 5.389 ;
; SW[2]      ; HEX1[0]     ; 4.739 ; 4.586 ; 5.675 ; 5.523 ;
; SW[2]      ; HEX1[1]     ; 5.003 ; 4.786 ; 5.939 ; 5.723 ;
; SW[2]      ; HEX1[2]     ; 4.731 ; 4.584 ; 5.667 ; 5.521 ;
; SW[2]      ; HEX1[3]     ; 4.868 ;       ;       ; 5.628 ;
; SW[2]      ; HEX1[4]     ; 5.117 ;       ;       ; 5.809 ;
; SW[2]      ; HEX1[5]     ; 4.853 ;       ;       ; 5.618 ;
; SW[2]      ; HEX1[6]     ; 4.799 ;       ;       ; 5.578 ;
; SW[2]      ; HEX2[0]     ;       ; 4.375 ; 5.370 ;       ;
; SW[2]      ; HEX2[2]     ;       ; 4.844 ; 5.959 ;       ;
; SW[2]      ; HEX2[3]     ;       ; 4.690 ; 5.733 ;       ;
; SW[2]      ; HEX2[4]     ;       ; 4.568 ; 5.610 ;       ;
; SW[2]      ; HEX2[5]     ;       ; 4.836 ; 5.874 ;       ;
; SW[2]      ; HEX2[6]     ;       ; 4.685 ; 5.722 ;       ;
; SW[2]      ; HEX3[0]     ; 4.810 ;       ;       ; 5.593 ;
; SW[2]      ; HEX3[1]     ; 4.403 ; 4.336 ; 5.336 ; 5.270 ;
; SW[2]      ; HEX3[2]     ; 4.944 ; 4.705 ; 5.877 ; 5.639 ;
; SW[2]      ; HEX3[3]     ; 4.404 ;       ;       ; 5.292 ;
; SW[2]      ; HEX3[5]     ;       ; 4.522 ; 5.584 ;       ;
; SW[2]      ; HEX3[6]     ; 4.670 ; 4.549 ; 5.603 ; 5.483 ;
; SW[2]      ; HEX4[0]     ; 4.665 ;       ;       ; 5.502 ;
; SW[2]      ; HEX4[1]     ; 4.691 ;       ;       ; 5.489 ;
; SW[2]      ; HEX4[2]     ; 4.606 ;       ;       ; 5.429 ;
; SW[2]      ; HEX4[3]     ; 4.574 ;       ;       ; 5.435 ;
; SW[2]      ; HEX4[4]     ; 4.638 ;       ;       ; 5.459 ;
; SW[2]      ; HEX4[6]     ; 4.797 ;       ;       ; 5.612 ;
; SW[2]      ; HEX5[0]     ;       ; 4.718 ; 5.813 ;       ;
; SW[2]      ; HEX5[3]     ;       ; 4.540 ; 5.608 ;       ;
; SW[2]      ; HEX5[4]     ;       ; 5.578 ; 6.890 ;       ;
; SW[2]      ; HEX5[5]     ;       ; 5.560 ; 6.872 ;       ;
; SW[2]      ; HEX5[6]     ;       ; 4.604 ; 5.675 ;       ;
; SW[2]      ; LEDR[0]     ;       ; 6.558 ; 6.913 ;       ;
; SW[2]      ; LEDR[1]     ; 5.780 ; 6.320 ; 6.708 ; 7.269 ;
; SW[2]      ; LEDR[2]     ; 6.152 ; 6.892 ; 7.089 ; 7.828 ;
; SW[2]      ; LEDR[3]     ; 6.219 ; 6.983 ; 7.156 ; 7.918 ;
; SW[3]      ; HEX0[0]     ; 4.442 ; 4.335 ; 5.366 ; 5.260 ;
; SW[3]      ; HEX0[1]     ; 4.359 ; 4.272 ; 5.283 ; 5.197 ;
; SW[3]      ; HEX0[2]     ; 4.192 ; 4.140 ; 5.116 ; 5.065 ;
; SW[3]      ; HEX0[3]     ; 4.345 ; 4.263 ; 5.269 ; 5.188 ;
; SW[3]      ; HEX0[4]     ; 4.220 ;       ;       ; 5.096 ;
; SW[3]      ; HEX0[5]     ; 4.339 ; 4.263 ; 5.263 ; 5.188 ;
; SW[3]      ; HEX0[6]     ;       ; 4.170 ; 5.166 ;       ;
; SW[3]      ; HEX1[0]     ; 4.458 ; 4.309 ; 5.384 ; 5.238 ;
; SW[3]      ; HEX1[1]     ; 4.722 ; 4.509 ; 5.648 ; 5.438 ;
; SW[3]      ; HEX1[2]     ; 4.450 ; 4.307 ; 5.376 ; 5.236 ;
; SW[3]      ; HEX1[3]     ;       ; 4.407 ; 5.502 ;       ;
; SW[3]      ; HEX1[4]     ;       ; 4.588 ; 5.751 ;       ;
; SW[3]      ; HEX1[5]     ;       ; 4.397 ; 5.487 ;       ;
; SW[3]      ; HEX1[6]     ;       ; 4.357 ; 5.433 ;       ;
; SW[3]      ; HEX2[0]     ; 4.150 ;       ;       ; 5.024 ;
; SW[3]      ; HEX2[2]     ; 4.739 ;       ;       ; 5.493 ;
; SW[3]      ; HEX2[3]     ; 4.513 ;       ;       ; 5.339 ;
; SW[3]      ; HEX2[4]     ; 4.395 ;       ;       ; 5.215 ;
; SW[3]      ; HEX2[5]     ; 4.654 ;       ;       ; 5.485 ;
; SW[3]      ; HEX2[6]     ; 4.502 ;       ;       ; 5.334 ;
; SW[3]      ; HEX3[0]     ; 4.533 ;       ;       ; 5.315 ;
; SW[3]      ; HEX3[1]     ; 4.122 ;       ;       ; 4.982 ;
; SW[3]      ; HEX3[2]     ; 4.663 ;       ;       ; 5.351 ;
; SW[3]      ; HEX3[3]     ; 4.127 ;       ;       ; 5.014 ;
; SW[3]      ; HEX3[5]     ; 4.375 ;       ;       ; 5.177 ;
; SW[3]      ; HEX3[6]     ; 4.389 ;       ;       ; 5.195 ;
; SW[3]      ; HEX4[0]     ; 4.382 ;       ;       ; 5.212 ;
; SW[3]      ; HEX4[1]     ; 4.412 ;       ;       ; 5.209 ;
; SW[3]      ; HEX4[2]     ; 4.320 ;       ;       ; 5.137 ;
; SW[3]      ; HEX4[3]     ; 4.291 ;       ;       ; 5.145 ;
; SW[3]      ; HEX4[4]     ; 4.355 ;       ;       ; 5.169 ;
; SW[3]      ; HEX4[6]     ; 4.514 ;       ;       ; 5.322 ;
; SW[3]      ; HEX5[0]     ;       ; 4.441 ; 5.525 ;       ;
; SW[3]      ; HEX5[3]     ;       ; 4.263 ; 5.320 ;       ;
; SW[3]      ; HEX5[4]     ;       ; 5.301 ; 6.602 ;       ;
; SW[3]      ; HEX5[5]     ;       ; 5.283 ; 6.584 ;       ;
; SW[3]      ; HEX5[6]     ;       ; 4.327 ; 5.387 ;       ;
; SW[3]      ; LEDR[0]     ; 5.695 ; 6.272 ; 6.621 ; 7.197 ;
; SW[3]      ; LEDR[1]     ; 5.538 ; 6.058 ; 6.469 ; 6.986 ;
; SW[3]      ; LEDR[2]     ; 5.871 ; 6.606 ; 6.797 ; 7.531 ;
; SW[3]      ; LEDR[3]     ; 5.943 ; 6.702 ; 6.874 ; 7.630 ;
+------------+-------------+-------+-------+-------+-------+


+----------------------------------------------------------+
; Minimum Propagation Delay                                ;
+------------+-------------+-------+-------+-------+-------+
; Input Port ; Output Port ; RR    ; RF    ; FR    ; FF    ;
+------------+-------------+-------+-------+-------+-------+
; SW[0]      ; HEX0[0]     ; 4.386 ; 4.292 ; 5.251 ; 5.161 ;
; SW[0]      ; HEX0[1]     ; 4.321 ; 4.235 ; 5.186 ; 5.104 ;
; SW[0]      ; HEX0[2]     ; 4.181 ; 4.121 ; 5.046 ; 4.990 ;
; SW[0]      ; HEX0[3]     ; 4.307 ; 4.226 ; 5.172 ; 5.095 ;
; SW[0]      ; HEX0[4]     ; 4.201 ;       ;       ; 5.009 ;
; SW[0]      ; HEX0[5]     ; 4.302 ; 4.226 ; 5.167 ; 5.095 ;
; SW[0]      ; HEX0[6]     ;       ; 4.157 ; 5.102 ;       ;
; SW[0]      ; HEX1[0]     ; 4.394 ; 4.270 ; 5.259 ; 5.139 ;
; SW[0]      ; HEX1[1]     ; 4.624 ; 4.452 ; 5.489 ; 5.321 ;
; SW[0]      ; HEX1[2]     ; 4.387 ; 4.268 ; 5.252 ; 5.137 ;
; SW[0]      ; HEX1[3]     ; 4.504 ;       ;       ; 5.234 ;
; SW[0]      ; HEX1[4]     ; 4.695 ;       ;       ; 5.388 ;
; SW[0]      ; HEX1[5]     ; 4.488 ;       ;       ; 5.224 ;
; SW[0]      ; HEX1[6]     ; 4.459 ;       ;       ; 5.199 ;
; SW[0]      ; HEX2[0]     ; 4.151 ; 4.090 ; 5.017 ; 4.960 ;
; SW[0]      ; HEX2[2]     ; 4.666 ; 4.514 ; 5.532 ; 5.384 ;
; SW[0]      ; HEX2[3]     ; 4.456 ; 4.369 ; 5.322 ; 5.239 ;
; SW[0]      ; HEX2[4]     ; 4.383 ;       ;       ; 5.158 ;
; SW[0]      ; HEX2[5]     ; 4.614 ; 4.518 ; 5.480 ; 5.388 ;
; SW[0]      ; HEX2[6]     ; 4.467 ; 4.375 ; 5.333 ; 5.245 ;
; SW[0]      ; HEX3[0]     ;       ; 4.359 ; 5.338 ;       ;
; SW[0]      ; HEX3[1]     ; 4.145 ; 4.075 ; 5.013 ; 4.947 ;
; SW[0]      ; HEX3[2]     ; 4.586 ; 4.396 ; 5.454 ; 5.268 ;
; SW[0]      ; HEX3[3]     ;       ; 4.098 ; 5.013 ;       ;
; SW[0]      ; HEX3[5]     ; 4.352 ;       ;       ; 5.116 ;
; SW[0]      ; HEX3[6]     ; 4.368 ; 4.269 ; 5.236 ; 5.141 ;
; SW[0]      ; HEX4[0]     ; 4.382 ;       ;       ; 5.163 ;
; SW[0]      ; HEX4[1]     ; 4.390 ; 4.272 ; 5.257 ; 5.143 ;
; SW[0]      ; HEX4[2]     ;       ; 4.195 ; 5.159 ;       ;
; SW[0]      ; HEX4[3]     ; 4.290 ;       ;       ; 5.095 ;
; SW[0]      ; HEX4[4]     ; 4.350 ;       ;       ; 5.117 ;
; SW[0]      ; HEX4[6]     ; 4.497 ;       ;       ; 5.260 ;
; SW[0]      ; LEDR[0]     ; 5.524 ;       ;       ; 6.881 ;
; SW[0]      ; LEDR[1]     ; 5.384 ; 5.835 ; 6.249 ; 6.696 ;
; SW[0]      ; LEDR[2]     ; 5.655 ; 6.226 ; 6.521 ; 7.088 ;
; SW[0]      ; LEDR[3]     ; 5.708 ;       ;       ; 7.162 ;
; SW[1]      ; HEX0[0]     ; 4.318 ;       ;       ; 5.125 ;
; SW[1]      ; HEX0[1]     ; 4.253 ;       ;       ; 5.068 ;
; SW[1]      ; HEX0[2]     ; 4.113 ;       ;       ; 4.954 ;
; SW[1]      ; HEX0[3]     ; 4.239 ;       ;       ; 5.059 ;
; SW[1]      ; HEX0[4]     ; 4.129 ;       ;       ; 4.950 ;
; SW[1]      ; HEX0[5]     ; 4.234 ;       ;       ; 5.059 ;
; SW[1]      ; HEX0[6]     ; 4.159 ;       ;       ; 4.980 ;
; SW[1]      ; HEX1[0]     ; 4.311 ; 4.149 ; 5.199 ; 5.069 ;
; SW[1]      ; HEX1[1]     ; 4.541 ; 4.331 ; 5.429 ; 5.251 ;
; SW[1]      ; HEX1[2]     ; 4.304 ; 4.147 ; 5.192 ; 5.067 ;
; SW[1]      ; HEX1[3]     ; 4.417 ;       ;       ; 5.177 ;
; SW[1]      ; HEX1[4]     ; 4.608 ;       ;       ; 5.331 ;
; SW[1]      ; HEX1[5]     ; 4.401 ;       ;       ; 5.167 ;
; SW[1]      ; HEX1[6]     ; 4.372 ;       ;       ; 5.142 ;
; SW[1]      ; HEX2[0]     ; 4.059 ; 3.960 ; 4.946 ; 4.881 ;
; SW[1]      ; HEX2[2]     ; 4.574 ; 4.384 ; 5.461 ; 5.305 ;
; SW[1]      ; HEX2[3]     ; 4.364 ; 4.239 ; 5.251 ; 5.160 ;
; SW[1]      ; HEX2[4]     ;       ; 4.172 ; 5.147 ;       ;
; SW[1]      ; HEX2[5]     ; 4.522 ; 4.388 ; 5.409 ; 5.309 ;
; SW[1]      ; HEX2[6]     ; 4.375 ; 4.245 ; 5.262 ; 5.166 ;
; SW[1]      ; HEX3[0]     ;       ; 4.190 ; 5.219 ;       ;
; SW[1]      ; HEX3[1]     ; 4.018 ; 3.961 ; 4.909 ; 4.842 ;
; SW[1]      ; HEX3[2]     ; 4.459 ; 4.282 ; 5.350 ; 5.163 ;
; SW[1]      ; HEX3[3]     ;       ; 3.929 ; 4.894 ;       ;
; SW[1]      ; HEX3[5]     ; 4.220 ;       ;       ; 4.987 ;
; SW[1]      ; HEX3[6]     ; 4.241 ; 4.155 ; 5.132 ; 5.036 ;
; SW[1]      ; HEX4[0]     ;       ; 4.177 ; 5.144 ;       ;
; SW[1]      ; HEX4[1]     ; 4.257 ; 4.101 ; 5.138 ; 5.014 ;
; SW[1]      ; HEX4[2]     ; 4.233 ;       ;       ; 5.019 ;
; SW[1]      ; HEX4[3]     ;       ; 4.109 ; 5.052 ;       ;
; SW[1]      ; HEX4[4]     ;       ; 4.131 ; 5.112 ;       ;
; SW[1]      ; HEX4[6]     ;       ; 4.274 ; 5.259 ;       ;
; SW[1]      ; HEX5[0]     ;       ; 4.339 ; 5.362 ;       ;
; SW[1]      ; HEX5[3]     ;       ; 4.174 ; 5.160 ;       ;
; SW[1]      ; HEX5[4]     ;       ; 5.131 ; 6.317 ;       ;
; SW[1]      ; HEX5[5]     ;       ; 5.111 ; 6.297 ;       ;
; SW[1]      ; HEX5[6]     ;       ; 4.236 ; 5.237 ;       ;
; SW[1]      ; LEDR[0]     ; 5.480 ; 5.963 ; 6.367 ; 6.860 ;
; SW[1]      ; LEDR[1]     ; 5.284 ; 5.773 ; 6.203 ; 6.660 ;
; SW[1]      ; LEDR[2]     ; 5.608 ; 6.165 ; 6.495 ; 7.063 ;
; SW[1]      ; LEDR[3]     ; 5.605 ; 6.235 ; 6.524 ; 7.122 ;
; SW[2]      ; HEX0[0]     ; 4.375 ;       ;       ; 5.139 ;
; SW[2]      ; HEX0[1]     ; 4.310 ;       ;       ; 5.082 ;
; SW[2]      ; HEX0[2]     ; 4.170 ;       ;       ; 4.968 ;
; SW[2]      ; HEX0[3]     ; 4.296 ;       ;       ; 5.073 ;
; SW[2]      ; HEX0[4]     ; 4.191 ;       ;       ; 4.986 ;
; SW[2]      ; HEX0[5]     ; 4.291 ;       ;       ; 5.073 ;
; SW[2]      ; HEX0[6]     ; 4.217 ;       ;       ; 4.995 ;
; SW[2]      ; HEX1[0]     ; 4.375 ; 4.251 ; 5.229 ; 5.107 ;
; SW[2]      ; HEX1[1]     ; 4.605 ; 4.433 ; 5.459 ; 5.289 ;
; SW[2]      ; HEX1[2]     ; 4.368 ; 4.249 ; 5.222 ; 5.105 ;
; SW[2]      ; HEX1[3]     ; 4.477 ;       ;       ; 5.194 ;
; SW[2]      ; HEX1[4]     ; 4.668 ;       ;       ; 5.348 ;
; SW[2]      ; HEX1[5]     ; 4.461 ;       ;       ; 5.184 ;
; SW[2]      ; HEX1[6]     ; 4.432 ;       ;       ; 5.159 ;
; SW[2]      ; HEX2[0]     ;       ; 4.064 ; 4.978 ;       ;
; SW[2]      ; HEX2[2]     ;       ; 4.488 ; 5.493 ;       ;
; SW[2]      ; HEX2[3]     ;       ; 4.343 ; 5.283 ;       ;
; SW[2]      ; HEX2[4]     ;       ; 4.235 ; 5.183 ;       ;
; SW[2]      ; HEX2[5]     ;       ; 4.492 ; 5.441 ;       ;
; SW[2]      ; HEX2[6]     ;       ; 4.349 ; 5.294 ;       ;
; SW[2]      ; HEX3[0]     ; 4.419 ;       ;       ; 5.161 ;
; SW[2]      ; HEX3[1]     ; 4.093 ; 4.024 ; 4.946 ; 4.879 ;
; SW[2]      ; HEX3[2]     ; 4.534 ; 4.345 ; 5.387 ; 5.200 ;
; SW[2]      ; HEX3[3]     ; 4.094 ;       ;       ; 4.900 ;
; SW[2]      ; HEX3[5]     ;       ; 4.193 ; 5.153 ;       ;
; SW[2]      ; HEX3[6]     ; 4.316 ; 4.218 ; 5.169 ; 5.073 ;
; SW[2]      ; HEX4[0]     ; 4.331 ;       ;       ; 5.095 ;
; SW[2]      ; HEX4[1]     ; 4.340 ;       ;       ; 5.074 ;
; SW[2]      ; HEX4[2]     ; 4.264 ;       ;       ; 5.023 ;
; SW[2]      ; HEX4[3]     ; 4.239 ;       ;       ; 5.027 ;
; SW[2]      ; HEX4[4]     ; 4.299 ;       ;       ; 5.049 ;
; SW[2]      ; HEX4[6]     ; 4.446 ;       ;       ; 5.192 ;
; SW[2]      ; HEX5[0]     ;       ; 4.371 ; 5.367 ;       ;
; SW[2]      ; HEX5[3]     ;       ; 4.206 ; 5.165 ;       ;
; SW[2]      ; HEX5[4]     ;       ; 5.163 ; 6.322 ;       ;
; SW[2]      ; HEX5[5]     ;       ; 5.143 ; 6.302 ;       ;
; SW[2]      ; HEX5[6]     ;       ; 4.268 ; 5.242 ;       ;
; SW[2]      ; LEDR[0]     ;       ; 6.018 ; 6.380 ;       ;
; SW[2]      ; LEDR[1]     ; 5.362 ; 5.794 ; 6.208 ; 6.661 ;
; SW[2]      ; LEDR[2]     ; 5.651 ; 6.221 ; 6.508 ; 7.076 ;
; SW[2]      ; LEDR[3]     ; 5.704 ; 6.296 ; 6.560 ; 7.150 ;
; SW[3]      ; HEX0[0]     ; 4.105 ; 4.023 ; 4.952 ; 4.871 ;
; SW[3]      ; HEX0[1]     ; 4.040 ; 3.966 ; 4.887 ; 4.814 ;
; SW[3]      ; HEX0[2]     ; 3.900 ; 3.852 ; 4.747 ; 4.700 ;
; SW[3]      ; HEX0[3]     ; 4.026 ; 3.957 ; 4.873 ; 4.805 ;
; SW[3]      ; HEX0[4]     ; 3.926 ;       ;       ; 4.726 ;
; SW[3]      ; HEX0[5]     ; 4.021 ; 3.957 ; 4.868 ; 4.805 ;
; SW[3]      ; HEX0[6]     ;       ; 3.879 ; 4.792 ;       ;
; SW[3]      ; HEX1[0]     ; 4.110 ; 3.995 ; 4.958 ; 4.846 ;
; SW[3]      ; HEX1[1]     ; 4.340 ; 4.177 ; 5.188 ; 5.028 ;
; SW[3]      ; HEX1[2]     ; 4.103 ; 3.993 ; 4.951 ; 4.844 ;
; SW[3]      ; HEX1[3]     ;       ; 4.076 ; 5.050 ;       ;
; SW[3]      ; HEX1[4]     ;       ; 4.230 ; 5.241 ;       ;
; SW[3]      ; HEX1[5]     ;       ; 4.066 ; 5.034 ;       ;
; SW[3]      ; HEX1[6]     ;       ; 4.041 ; 5.005 ;       ;
; SW[3]      ; HEX2[0]     ; 3.856 ;       ;       ; 4.656 ;
; SW[3]      ; HEX2[2]     ; 4.371 ;       ;       ; 5.080 ;
; SW[3]      ; HEX2[3]     ; 4.161 ;       ;       ; 4.935 ;
; SW[3]      ; HEX2[4]     ; 4.065 ;       ;       ; 4.826 ;
; SW[3]      ; HEX2[5]     ; 4.319 ;       ;       ; 5.084 ;
; SW[3]      ; HEX2[6]     ; 4.172 ;       ;       ; 4.941 ;
; SW[3]      ; HEX3[0]     ; 4.158 ;       ;       ; 4.906 ;
; SW[3]      ; HEX3[1]     ; 3.828 ;       ;       ; 4.614 ;
; SW[3]      ; HEX3[2]     ; 4.269 ;       ;       ; 4.935 ;
; SW[3]      ; HEX3[3]     ; 3.833 ;       ;       ; 4.645 ;
; SW[3]      ; HEX3[5]     ; 4.040 ;       ;       ; 4.791 ;
; SW[3]      ; HEX3[6]     ; 4.051 ;       ;       ; 4.808 ;
; SW[3]      ; HEX4[0]     ; 4.063 ;       ;       ; 4.830 ;
; SW[3]      ; HEX4[1]     ; 4.077 ;       ;       ; 4.817 ;
; SW[3]      ; HEX4[2]     ; 3.995 ;       ;       ; 4.756 ;
; SW[3]      ; HEX4[3]     ; 3.971 ;       ;       ; 4.762 ;
; SW[3]      ; HEX4[4]     ; 4.031 ;       ;       ; 4.784 ;
; SW[3]      ; HEX4[6]     ; 4.178 ;       ;       ; 4.927 ;
; SW[3]      ; HEX5[0]     ;       ; 4.115 ; 5.098 ;       ;
; SW[3]      ; HEX5[3]     ;       ; 3.950 ; 4.896 ;       ;
; SW[3]      ; HEX5[4]     ;       ; 4.907 ; 6.053 ;       ;
; SW[3]      ; HEX5[5]     ;       ; 4.887 ; 6.033 ;       ;
; SW[3]      ; HEX5[6]     ;       ; 4.012 ; 4.973 ;       ;
; SW[3]      ; LEDR[0]     ; 5.265 ; 5.749 ; 6.113 ; 6.596 ;
; SW[3]      ; LEDR[1]     ; 5.127 ; 5.569 ; 5.980 ; 6.419 ;
; SW[3]      ; LEDR[2]     ; 5.392 ; 5.951 ; 6.240 ; 6.798 ;
; SW[3]      ; LEDR[3]     ; 5.448 ; 6.031 ; 6.300 ; 6.880 ;
+------------+-------------+-------+-------+-------+-------+


----------------------------------------------
; Fast 1100mV 85C Model Metastability Report ;
----------------------------------------------
No synchronizer chains to report.


--------------------------------------
; Fast 1100mV 0C Model Setup Summary ;
--------------------------------------
No paths to report.


-------------------------------------
; Fast 1100mV 0C Model Hold Summary ;
-------------------------------------
No paths to report.


-----------------------------------------
; Fast 1100mV 0C Model Recovery Summary ;
-----------------------------------------
No paths to report.


----------------------------------------
; Fast 1100mV 0C Model Removal Summary ;
----------------------------------------
No paths to report.


----------------------------------------------------
; Fast 1100mV 0C Model Minimum Pulse Width Summary ;
----------------------------------------------------
No paths to report.


+----------------------------------------------------------+
; Propagation Delay                                        ;
+------------+-------------+-------+-------+-------+-------+
; Input Port ; Output Port ; RR    ; RF    ; FR    ; FF    ;
+------------+-------------+-------+-------+-------+-------+
; SW[0]      ; HEX0[0]     ; 4.431 ; 4.342 ; 5.410 ; 5.318 ;
; SW[0]      ; HEX0[1]     ; 4.371 ; 4.301 ; 5.350 ; 5.277 ;
; SW[0]      ; HEX0[2]     ; 4.216 ; 4.174 ; 5.195 ; 5.150 ;
; SW[0]      ; HEX0[3]     ; 4.359 ; 4.293 ; 5.338 ; 5.269 ;
; SW[0]      ; HEX0[4]     ; 4.225 ;       ;       ; 5.158 ;
; SW[0]      ; HEX0[5]     ; 4.341 ; 4.279 ; 5.320 ; 5.255 ;
; SW[0]      ; HEX0[6]     ;       ; 4.215 ; 5.250 ;       ;
; SW[0]      ; HEX1[0]     ; 4.460 ; 4.337 ; 5.439 ; 5.313 ;
; SW[0]      ; HEX1[1]     ; 4.696 ; 4.518 ; 5.675 ; 5.494 ;
; SW[0]      ; HEX1[2]     ; 4.441 ; 4.322 ; 5.420 ; 5.298 ;
; SW[0]      ; HEX1[3]     ; 4.585 ;       ;       ; 5.421 ;
; SW[0]      ; HEX1[4]     ; 4.821 ;       ;       ; 5.595 ;
; SW[0]      ; HEX1[5]     ; 4.558 ;       ;       ; 5.397 ;
; SW[0]      ; HEX1[6]     ; 4.511 ;       ;       ; 5.364 ;
; SW[0]      ; HEX2[0]     ; 4.168 ; 4.125 ; 5.148 ; 5.102 ;
; SW[0]      ; HEX2[2]     ; 4.711 ; 4.548 ; 5.691 ; 5.525 ;
; SW[0]      ; HEX2[3]     ; 4.498 ; 4.401 ; 5.478 ; 5.378 ;
; SW[0]      ; HEX2[4]     ; 4.411 ;       ;       ; 5.292 ;
; SW[0]      ; HEX2[5]     ; 4.641 ; 4.544 ; 5.621 ; 5.521 ;
; SW[0]      ; HEX2[6]     ; 4.517 ; 4.430 ; 5.497 ; 5.407 ;
; SW[0]      ; HEX3[0]     ;       ; 4.416 ; 5.520 ;       ;
; SW[0]      ; HEX3[1]     ; 4.159 ; 4.114 ; 5.140 ; 5.092 ;
; SW[0]      ; HEX3[2]     ; 4.660 ; 4.467 ; 5.641 ; 5.445 ;
; SW[0]      ; HEX3[3]     ;       ; 4.134 ; 5.145 ;       ;
; SW[0]      ; HEX3[5]     ; 4.389 ;       ;       ; 5.262 ;
; SW[0]      ; HEX3[6]     ; 4.403 ; 4.307 ; 5.384 ; 5.285 ;
; SW[0]      ; HEX4[0]     ; 4.423 ;       ;       ; 5.317 ;
; SW[0]      ; HEX4[1]     ; 4.429 ; 4.319 ; 5.410 ; 5.297 ;
; SW[0]      ; HEX4[2]     ;       ; 4.227 ; 5.335 ;       ;
; SW[0]      ; HEX4[3]     ; 4.313 ;       ;       ; 5.224 ;
; SW[0]      ; HEX4[4]     ; 4.373 ;       ;       ; 5.249 ;
; SW[0]      ; HEX4[6]     ; 4.519 ;       ;       ; 5.379 ;
; SW[0]      ; LEDR[0]     ; 5.625 ;       ;       ; 7.110 ;
; SW[0]      ; LEDR[1]     ; 5.450 ; 5.913 ; 6.423 ; 6.889 ;
; SW[0]      ; LEDR[2]     ; 5.782 ; 6.433 ; 6.757 ; 7.411 ;
; SW[0]      ; LEDR[3]     ; 5.860 ;       ;       ; 7.496 ;
; SW[1]      ; HEX0[0]     ; 4.383 ;       ;       ; 5.274 ;
; SW[1]      ; HEX0[1]     ; 4.323 ;       ;       ; 5.233 ;
; SW[1]      ; HEX0[2]     ; 4.168 ;       ;       ; 5.106 ;
; SW[1]      ; HEX0[3]     ; 4.311 ;       ;       ; 5.225 ;
; SW[1]      ; HEX0[4]     ; 4.131 ;       ;       ; 5.095 ;
; SW[1]      ; HEX0[5]     ; 4.293 ;       ;       ; 5.211 ;
; SW[1]      ; HEX0[6]     ; 4.211 ;       ;       ; 5.136 ;
; SW[1]      ; HEX1[0]     ; 4.355 ; 4.197 ; 5.349 ; 5.238 ;
; SW[1]      ; HEX1[1]     ; 4.591 ; 4.378 ; 5.585 ; 5.419 ;
; SW[1]      ; HEX1[2]     ; 4.336 ; 4.182 ; 5.330 ; 5.223 ;
; SW[1]      ; HEX1[3]     ; 4.515 ;       ;       ; 5.353 ;
; SW[1]      ; HEX1[4]     ; 4.751 ;       ;       ; 5.527 ;
; SW[1]      ; HEX1[5]     ; 4.488 ;       ;       ; 5.329 ;
; SW[1]      ; HEX1[6]     ; 4.441 ;       ;       ; 5.296 ;
; SW[1]      ; HEX2[0]     ; 4.053 ; 3.974 ; 5.046 ; 5.015 ;
; SW[1]      ; HEX2[2]     ; 4.596 ; 4.397 ; 5.589 ; 5.438 ;
; SW[1]      ; HEX2[3]     ; 4.383 ; 4.250 ; 5.376 ; 5.291 ;
; SW[1]      ; HEX2[4]     ;       ; 4.178 ; 5.310 ;       ;
; SW[1]      ; HEX2[5]     ; 4.526 ; 4.393 ; 5.519 ; 5.434 ;
; SW[1]      ; HEX2[6]     ; 4.402 ; 4.279 ; 5.395 ; 5.320 ;
; SW[1]      ; HEX3[0]     ;       ; 4.219 ; 5.366 ;       ;
; SW[1]      ; HEX3[1]     ; 4.042 ; 3.978 ; 5.057 ; 4.970 ;
; SW[1]      ; HEX3[2]     ; 4.543 ; 4.331 ; 5.558 ; 5.323 ;
; SW[1]      ; HEX3[3]     ;       ; 3.937 ; 4.991 ;       ;
; SW[1]      ; HEX3[5]     ; 4.226 ;       ;       ; 5.122 ;
; SW[1]      ; HEX3[6]     ; 4.286 ; 4.171 ; 5.301 ; 5.163 ;
; SW[1]      ; HEX4[0]     ;       ; 4.200 ; 5.321 ;       ;
; SW[1]      ; HEX4[1]     ; 4.265 ; 4.120 ; 5.254 ; 5.157 ;
; SW[1]      ; HEX4[2]     ; 4.261 ;       ;       ; 5.167 ;
; SW[1]      ; HEX4[3]     ;       ; 4.107 ; 5.211 ;       ;
; SW[1]      ; HEX4[4]     ;       ; 4.132 ; 5.271 ;       ;
; SW[1]      ; HEX4[6]     ;       ; 4.262 ; 5.417 ;       ;
; SW[1]      ; HEX5[0]     ;       ; 4.355 ; 5.501 ;       ;
; SW[1]      ; HEX5[3]     ;       ; 4.208 ; 5.315 ;       ;
; SW[1]      ; HEX5[4]     ;       ; 5.118 ; 6.469 ;       ;
; SW[1]      ; HEX5[5]     ;       ; 5.116 ; 6.466 ;       ;
; SW[1]      ; HEX5[6]     ;       ; 4.264 ; 5.379 ;       ;
; SW[1]      ; LEDR[0]     ; 5.570 ; 6.097 ; 6.568 ; 7.118 ;
; SW[1]      ; LEDR[1]     ; 5.333 ; 5.831 ; 6.374 ; 6.825 ;
; SW[1]      ; LEDR[2]     ; 5.722 ; 6.392 ; 6.721 ; 7.414 ;
; SW[1]      ; LEDR[3]     ; 5.738 ; 6.432 ; 6.781 ; 7.427 ;
; SW[2]      ; HEX0[0]     ; 4.410 ;       ;       ; 5.270 ;
; SW[2]      ; HEX0[1]     ; 4.350 ;       ;       ; 5.229 ;
; SW[2]      ; HEX0[2]     ; 4.195 ;       ;       ; 5.102 ;
; SW[2]      ; HEX0[3]     ; 4.338 ;       ;       ; 5.221 ;
; SW[2]      ; HEX0[4]     ; 4.203 ;       ;       ; 5.110 ;
; SW[2]      ; HEX0[5]     ; 4.320 ;       ;       ; 5.207 ;
; SW[2]      ; HEX0[6]     ; 4.240 ;       ;       ; 5.134 ;
; SW[2]      ; HEX1[0]     ; 4.429 ; 4.304 ; 5.378 ; 5.255 ;
; SW[2]      ; HEX1[1]     ; 4.665 ; 4.485 ; 5.614 ; 5.436 ;
; SW[2]      ; HEX1[2]     ; 4.410 ; 4.289 ; 5.359 ; 5.240 ;
; SW[2]      ; HEX1[3]     ; 4.545 ;       ;       ; 5.353 ;
; SW[2]      ; HEX1[4]     ; 4.781 ;       ;       ; 5.527 ;
; SW[2]      ; HEX1[5]     ; 4.518 ;       ;       ; 5.329 ;
; SW[2]      ; HEX1[6]     ; 4.471 ;       ;       ; 5.296 ;
; SW[2]      ; HEX2[0]     ;       ; 4.082 ; 5.077 ;       ;
; SW[2]      ; HEX2[2]     ;       ; 4.505 ; 5.620 ;       ;
; SW[2]      ; HEX2[3]     ;       ; 4.358 ; 5.407 ;       ;
; SW[2]      ; HEX2[4]     ;       ; 4.243 ; 5.289 ;       ;
; SW[2]      ; HEX2[5]     ;       ; 4.501 ; 5.550 ;       ;
; SW[2]      ; HEX2[6]     ;       ; 4.387 ; 5.426 ;       ;
; SW[2]      ; HEX3[0]     ; 4.470 ;       ;       ; 5.293 ;
; SW[2]      ; HEX3[1]     ; 4.090 ; 4.043 ; 5.037 ; 4.992 ;
; SW[2]      ; HEX3[2]     ; 4.591 ; 4.396 ; 5.538 ; 5.345 ;
; SW[2]      ; HEX3[3]     ; 4.095 ;       ;       ; 5.011 ;
; SW[2]      ; HEX3[5]     ;       ; 4.213 ; 5.266 ;       ;
; SW[2]      ; HEX3[6]     ; 4.334 ; 4.236 ; 5.281 ; 5.185 ;
; SW[2]      ; HEX4[0]     ; 4.355 ;       ;       ; 5.217 ;
; SW[2]      ; HEX4[1]     ; 4.360 ;       ;       ; 5.197 ;
; SW[2]      ; HEX4[2]     ; 4.284 ;       ;       ; 5.142 ;
; SW[2]      ; HEX4[3]     ; 4.245 ;       ;       ; 5.124 ;
; SW[2]      ; HEX4[4]     ; 4.305 ;       ;       ; 5.149 ;
; SW[2]      ; HEX4[6]     ; 4.451 ;       ;       ; 5.279 ;
; SW[2]      ; HEX5[0]     ;       ; 4.375 ; 5.473 ;       ;
; SW[2]      ; HEX5[3]     ;       ; 4.228 ; 5.287 ;       ;
; SW[2]      ; HEX5[4]     ;       ; 5.138 ; 6.441 ;       ;
; SW[2]      ; HEX5[5]     ;       ; 5.136 ; 6.438 ;       ;
; SW[2]      ; HEX5[6]     ;       ; 4.284 ; 5.351 ;       ;
; SW[2]      ; LEDR[0]     ;       ; 6.123 ; 6.564 ;       ;
; SW[2]      ; LEDR[1]     ; 5.402 ; 5.883 ; 6.346 ; 6.849 ;
; SW[2]      ; LEDR[2]     ; 5.766 ; 6.419 ; 6.717 ; 7.368 ;
; SW[2]      ; LEDR[3]     ; 5.843 ; 6.504 ; 6.794 ; 7.453 ;
; SW[3]      ; HEX0[0]     ; 4.115 ; 4.027 ; 5.057 ; 4.972 ;
; SW[3]      ; HEX0[1]     ; 4.055 ; 3.986 ; 4.997 ; 4.931 ;
; SW[3]      ; HEX0[2]     ; 3.900 ; 3.859 ; 4.842 ; 4.804 ;
; SW[3]      ; HEX0[3]     ; 4.043 ; 3.978 ; 4.985 ; 4.923 ;
; SW[3]      ; HEX0[4]     ; 3.914 ;       ;       ; 4.821 ;
; SW[3]      ; HEX0[5]     ; 4.025 ; 3.964 ; 4.967 ; 4.909 ;
; SW[3]      ; HEX0[6]     ;       ; 3.889 ; 4.885 ;       ;
; SW[3]      ; HEX1[0]     ; 4.138 ; 4.014 ; 5.083 ; 4.964 ;
; SW[3]      ; HEX1[1]     ; 4.374 ; 4.195 ; 5.319 ; 5.145 ;
; SW[3]      ; HEX1[2]     ; 4.119 ; 3.999 ; 5.064 ; 4.949 ;
; SW[3]      ; HEX1[3]     ;       ; 4.107 ; 5.189 ;       ;
; SW[3]      ; HEX1[4]     ;       ; 4.281 ; 5.425 ;       ;
; SW[3]      ; HEX1[5]     ;       ; 4.083 ; 5.162 ;       ;
; SW[3]      ; HEX1[6]     ;       ; 4.050 ; 5.115 ;       ;
; SW[3]      ; HEX2[0]     ; 3.835 ;       ;       ; 4.742 ;
; SW[3]      ; HEX2[2]     ; 4.378 ;       ;       ; 5.165 ;
; SW[3]      ; HEX2[3]     ; 4.165 ;       ;       ; 5.018 ;
; SW[3]      ; HEX2[4]     ; 4.052 ;       ;       ; 4.900 ;
; SW[3]      ; HEX2[5]     ; 4.308 ;       ;       ; 5.161 ;
; SW[3]      ; HEX2[6]     ; 4.184 ;       ;       ; 5.047 ;
; SW[3]      ; HEX3[0]     ; 4.185 ;       ;       ; 5.010 ;
; SW[3]      ; HEX3[1]     ; 3.799 ;       ;       ; 4.699 ;
; SW[3]      ; HEX3[2]     ; 4.300 ;       ;       ; 5.052 ;
; SW[3]      ; HEX3[3]     ; 3.810 ;       ;       ; 4.728 ;
; SW[3]      ; HEX3[5]     ; 4.033 ;       ;       ; 4.878 ;
; SW[3]      ; HEX3[6]     ; 4.043 ;       ;       ; 4.892 ;
; SW[3]      ; HEX4[0]     ; 4.063 ;       ;       ; 4.923 ;
; SW[3]      ; HEX4[1]     ; 4.074 ;       ;       ; 4.911 ;
; SW[3]      ; HEX4[2]     ; 3.990 ;       ;       ; 4.845 ;
; SW[3]      ; HEX4[3]     ; 3.953 ;       ;       ; 4.830 ;
; SW[3]      ; HEX4[4]     ; 4.013 ;       ;       ; 4.855 ;
; SW[3]      ; HEX4[6]     ; 4.159 ;       ;       ; 4.985 ;
; SW[3]      ; HEX5[0]     ;       ; 4.088 ; 5.181 ;       ;
; SW[3]      ; HEX5[3]     ;       ; 3.941 ; 4.995 ;       ;
; SW[3]      ; HEX5[4]     ;       ; 4.851 ; 6.149 ;       ;
; SW[3]      ; HEX5[5]     ;       ; 4.849 ; 6.146 ;       ;
; SW[3]      ; HEX5[6]     ;       ; 3.997 ; 5.059 ;       ;
; SW[3]      ; LEDR[0]     ; 5.323 ; 5.830 ; 6.267 ; 6.771 ;
; SW[3]      ; LEDR[1]     ; 5.150 ; 5.614 ; 6.101 ; 6.560 ;
; SW[3]      ; LEDR[2]     ; 5.475 ; 6.125 ; 6.420 ; 7.067 ;
; SW[3]      ; LEDR[3]     ; 5.556 ; 6.216 ; 6.506 ; 7.161 ;
+------------+-------------+-------+-------+-------+-------+


+----------------------------------------------------------+
; Minimum Propagation Delay                                ;
+------------+-------------+-------+-------+-------+-------+
; Input Port ; Output Port ; RR    ; RF    ; FR    ; FF    ;
+------------+-------------+-------+-------+-------+-------+
; SW[0]      ; HEX0[0]     ; 4.079 ; 3.998 ; 4.970 ; 4.892 ;
; SW[0]      ; HEX0[1]     ; 4.031 ; 3.962 ; 4.922 ; 4.856 ;
; SW[0]      ; HEX0[2]     ; 3.898 ; 3.852 ; 4.789 ; 4.746 ;
; SW[0]      ; HEX0[3]     ; 4.019 ; 3.954 ; 4.910 ; 4.848 ;
; SW[0]      ; HEX0[4]     ; 3.904 ;       ;       ; 4.752 ;
; SW[0]      ; HEX0[5]     ; 4.001 ; 3.940 ; 4.892 ; 4.834 ;
; SW[0]      ; HEX0[6]     ;       ; 3.888 ; 4.839 ;       ;
; SW[0]      ; HEX1[0]     ; 4.097 ; 3.988 ; 4.989 ; 4.883 ;
; SW[0]      ; HEX1[1]     ; 4.304 ; 4.152 ; 5.196 ; 5.047 ;
; SW[0]      ; HEX1[2]     ; 4.078 ; 3.973 ; 4.970 ; 4.868 ;
; SW[0]      ; HEX1[3]     ; 4.199 ;       ;       ; 4.975 ;
; SW[0]      ; HEX1[4]     ; 4.383 ;       ;       ; 5.124 ;
; SW[0]      ; HEX1[5]     ; 4.172 ;       ;       ; 4.951 ;
; SW[0]      ; HEX1[6]     ; 4.147 ;       ;       ; 4.931 ;
; SW[0]      ; HEX2[0]     ; 3.845 ; 3.798 ; 4.737 ; 4.693 ;
; SW[0]      ; HEX2[2]     ; 4.329 ; 4.181 ; 5.221 ; 5.076 ;
; SW[0]      ; HEX2[3]     ; 4.128 ; 4.042 ; 5.020 ; 4.937 ;
; SW[0]      ; HEX2[4]     ; 4.057 ;       ;       ; 4.861 ;
; SW[0]      ; HEX2[5]     ; 4.282 ; 4.187 ; 5.174 ; 5.082 ;
; SW[0]      ; HEX2[6]     ; 4.164 ; 4.080 ; 5.056 ; 4.975 ;
; SW[0]      ; HEX3[0]     ;       ; 4.049 ; 5.044 ;       ;
; SW[0]      ; HEX3[1]     ; 3.835 ; 3.784 ; 4.727 ; 4.680 ;
; SW[0]      ; HEX3[2]     ; 4.258 ; 4.092 ; 5.150 ; 4.988 ;
; SW[0]      ; HEX3[3]     ;       ; 3.804 ; 4.731 ;       ;
; SW[0]      ; HEX3[5]     ; 4.031 ;       ;       ; 4.833 ;
; SW[0]      ; HEX3[6]     ; 4.046 ; 3.959 ; 4.938 ; 4.855 ;
; SW[0]      ; HEX4[0]     ; 4.079 ;       ;       ; 4.892 ;
; SW[0]      ; HEX4[1]     ; 4.070 ; 3.968 ; 4.962 ; 4.864 ;
; SW[0]      ; HEX4[2]     ;       ; 3.894 ; 4.873 ;       ;
; SW[0]      ; HEX4[3]     ; 3.968 ;       ;       ; 4.799 ;
; SW[0]      ; HEX4[4]     ; 4.024 ;       ;       ; 4.823 ;
; SW[0]      ; HEX4[6]     ; 4.159 ;       ;       ; 4.943 ;
; SW[0]      ; LEDR[0]     ; 5.170 ;       ;       ; 6.486 ;
; SW[0]      ; LEDR[1]     ; 5.014 ; 5.408 ; 5.906 ; 6.297 ;
; SW[0]      ; LEDR[2]     ; 5.277 ; 5.776 ; 6.170 ; 6.666 ;
; SW[0]      ; LEDR[3]     ; 5.340 ;       ;       ; 6.746 ;
; SW[1]      ; HEX0[0]     ; 4.003 ;       ;       ; 4.849 ;
; SW[1]      ; HEX0[1]     ; 3.955 ;       ;       ; 4.813 ;
; SW[1]      ; HEX0[2]     ; 3.822 ;       ;       ; 4.703 ;
; SW[1]      ; HEX0[3]     ; 3.943 ;       ;       ; 4.805 ;
; SW[1]      ; HEX0[4]     ; 3.819 ;       ;       ; 4.675 ;
; SW[1]      ; HEX0[5]     ; 3.925 ;       ;       ; 4.791 ;
; SW[1]      ; HEX0[6]     ; 3.862 ;       ;       ; 4.730 ;
; SW[1]      ; HEX1[0]     ; 4.003 ; 3.854 ; 4.909 ; 4.796 ;
; SW[1]      ; HEX1[1]     ; 4.210 ; 4.018 ; 5.116 ; 4.960 ;
; SW[1]      ; HEX1[2]     ; 3.984 ; 3.839 ; 4.890 ; 4.781 ;
; SW[1]      ; HEX1[3]     ; 4.103 ;       ;       ; 4.911 ;
; SW[1]      ; HEX1[4]     ; 4.287 ;       ;       ; 5.060 ;
; SW[1]      ; HEX1[5]     ; 4.076 ;       ;       ; 4.887 ;
; SW[1]      ; HEX1[6]     ; 4.051 ;       ;       ; 4.867 ;
; SW[1]      ; HEX2[0]     ; 3.740 ; 3.653 ; 4.645 ; 4.594 ;
; SW[1]      ; HEX2[2]     ; 4.224 ; 4.036 ; 5.129 ; 4.977 ;
; SW[1]      ; HEX2[3]     ; 4.023 ; 3.897 ; 4.928 ; 4.838 ;
; SW[1]      ; HEX2[4]     ;       ; 3.841 ; 4.841 ;       ;
; SW[1]      ; HEX2[5]     ; 4.177 ; 4.042 ; 5.082 ; 4.983 ;
; SW[1]      ; HEX2[6]     ; 4.059 ; 3.935 ; 4.964 ; 4.876 ;
; SW[1]      ; HEX3[0]     ;       ; 3.863 ; 4.906 ;       ;
; SW[1]      ; HEX3[1]     ; 3.698 ; 3.660 ; 4.618 ; 4.569 ;
; SW[1]      ; HEX3[2]     ; 4.121 ; 3.968 ; 5.041 ; 4.877 ;
; SW[1]      ; HEX3[3]     ;       ; 3.618 ; 4.593 ;       ;
; SW[1]      ; HEX3[5]     ; 3.886 ;       ;       ; 4.688 ;
; SW[1]      ; HEX3[6]     ; 3.909 ; 3.835 ; 4.829 ; 4.744 ;
; SW[1]      ; HEX4[0]     ;       ; 3.870 ; 4.862 ;       ;
; SW[1]      ; HEX4[1]     ; 3.922 ; 3.781 ; 4.823 ; 4.718 ;
; SW[1]      ; HEX4[2]     ; 3.910 ;       ;       ; 4.737 ;
; SW[1]      ; HEX4[3]     ;       ; 3.777 ; 4.751 ;       ;
; SW[1]      ; HEX4[4]     ;       ; 3.801 ; 4.807 ;       ;
; SW[1]      ; HEX4[6]     ;       ; 3.921 ; 4.942 ;       ;
; SW[1]      ; HEX5[0]     ;       ; 3.994 ; 5.037 ;       ;
; SW[1]      ; HEX5[3]     ;       ; 3.856 ; 4.857 ;       ;
; SW[1]      ; HEX5[4]     ;       ; 4.697 ; 5.887 ;       ;
; SW[1]      ; HEX5[5]     ;       ; 4.693 ; 5.883 ;       ;
; SW[1]      ; HEX5[6]     ;       ; 3.912 ; 4.926 ;       ;
; SW[1]      ; LEDR[0]     ; 5.117 ; 5.532 ; 6.031 ; 6.457 ;
; SW[1]      ; LEDR[1]     ; 4.900 ; 5.334 ; 5.841 ; 6.239 ;
; SW[1]      ; LEDR[2]     ; 5.220 ; 5.707 ; 6.135 ; 6.633 ;
; SW[1]      ; LEDR[3]     ; 5.222 ; 5.778 ; 6.164 ; 6.684 ;
; SW[2]      ; HEX0[0]     ; 4.074 ;       ;       ; 4.874 ;
; SW[2]      ; HEX0[1]     ; 4.026 ;       ;       ; 4.838 ;
; SW[2]      ; HEX0[2]     ; 3.893 ;       ;       ; 4.728 ;
; SW[2]      ; HEX0[3]     ; 4.014 ;       ;       ; 4.830 ;
; SW[2]      ; HEX0[4]     ; 3.899 ;       ;       ; 4.735 ;
; SW[2]      ; HEX0[5]     ; 3.996 ;       ;       ; 4.816 ;
; SW[2]      ; HEX0[6]     ; 3.934 ;       ;       ; 4.756 ;
; SW[2]      ; HEX1[0]     ; 4.084 ; 3.975 ; 4.963 ; 4.857 ;
; SW[2]      ; HEX1[1]     ; 4.291 ; 4.139 ; 5.170 ; 5.021 ;
; SW[2]      ; HEX1[2]     ; 4.065 ; 3.960 ; 4.944 ; 4.842 ;
; SW[2]      ; HEX1[3]     ; 4.177 ;       ;       ; 4.940 ;
; SW[2]      ; HEX1[4]     ; 4.361 ;       ;       ; 5.089 ;
; SW[2]      ; HEX1[5]     ; 4.150 ;       ;       ; 4.916 ;
; SW[2]      ; HEX1[6]     ; 4.125 ;       ;       ; 4.896 ;
; SW[2]      ; HEX2[0]     ;       ; 3.777 ; 4.704 ;       ;
; SW[2]      ; HEX2[2]     ;       ; 4.160 ; 5.188 ;       ;
; SW[2]      ; HEX2[3]     ;       ; 4.021 ; 4.987 ;       ;
; SW[2]      ; HEX2[4]     ;       ; 3.919 ; 4.887 ;       ;
; SW[2]      ; HEX2[5]     ;       ; 4.166 ; 5.141 ;       ;
; SW[2]      ; HEX2[6]     ;       ; 4.059 ; 5.023 ;       ;
; SW[2]      ; HEX3[0]     ; 4.105 ;       ;       ; 4.882 ;
; SW[2]      ; HEX3[1]     ; 3.788 ; 3.738 ; 4.665 ; 4.617 ;
; SW[2]      ; HEX3[2]     ; 4.211 ; 4.046 ; 5.088 ; 4.925 ;
; SW[2]      ; HEX3[3]     ; 3.792 ;       ;       ; 4.637 ;
; SW[2]      ; HEX3[5]     ;       ; 3.891 ; 4.862 ;       ;
; SW[2]      ; HEX3[6]     ; 3.999 ; 3.913 ; 4.876 ; 4.792 ;
; SW[2]      ; HEX4[0]     ; 4.033 ;       ;       ; 4.829 ;
; SW[2]      ; HEX4[1]     ; 4.023 ;       ;       ; 4.802 ;
; SW[2]      ; HEX4[2]     ; 3.955 ;       ;       ; 4.754 ;
; SW[2]      ; HEX4[3]     ; 3.922 ;       ;       ; 4.736 ;
; SW[2]      ; HEX4[4]     ; 3.978 ;       ;       ; 4.760 ;
; SW[2]      ; HEX4[6]     ; 4.113 ;       ;       ; 4.880 ;
; SW[2]      ; HEX5[0]     ;       ; 4.039 ; 5.055 ;       ;
; SW[2]      ; HEX5[3]     ;       ; 3.901 ; 4.875 ;       ;
; SW[2]      ; HEX5[4]     ;       ; 4.742 ; 5.905 ;       ;
; SW[2]      ; HEX5[5]     ;       ; 4.738 ; 5.901 ;       ;
; SW[2]      ; HEX5[6]     ;       ; 3.957 ; 4.944 ;       ;
; SW[2]      ; LEDR[0]     ;       ; 5.602 ; 6.056 ;       ;
; SW[2]      ; LEDR[1]     ; 4.997 ; 5.372 ; 5.871 ; 6.267 ;
; SW[2]      ; LEDR[2]     ; 5.279 ; 5.778 ; 6.160 ; 6.657 ;
; SW[2]      ; LEDR[3]     ; 5.342 ; 5.858 ; 6.224 ; 6.737 ;
; SW[3]      ; HEX0[0]     ; 3.795 ; 3.723 ; 4.670 ; 4.600 ;
; SW[3]      ; HEX0[1]     ; 3.747 ; 3.687 ; 4.622 ; 4.564 ;
; SW[3]      ; HEX0[2]     ; 3.614 ; 3.577 ; 4.489 ; 4.454 ;
; SW[3]      ; HEX0[3]     ; 3.735 ; 3.679 ; 4.610 ; 4.556 ;
; SW[3]      ; HEX0[4]     ; 3.625 ;       ;       ; 4.469 ;
; SW[3]      ; HEX0[5]     ; 3.717 ; 3.665 ; 4.592 ; 4.542 ;
; SW[3]      ; HEX0[6]     ;       ; 3.604 ; 4.529 ;       ;
; SW[3]      ; HEX1[0]     ; 3.809 ; 3.707 ; 4.688 ; 4.590 ;
; SW[3]      ; HEX1[1]     ; 4.016 ; 3.871 ; 4.895 ; 4.754 ;
; SW[3]      ; HEX1[2]     ; 3.790 ; 3.692 ; 4.669 ; 4.575 ;
; SW[3]      ; HEX1[3]     ;       ; 3.786 ; 4.770 ;       ;
; SW[3]      ; HEX1[4]     ;       ; 3.935 ; 4.954 ;       ;
; SW[3]      ; HEX1[5]     ;       ; 3.762 ; 4.743 ;       ;
; SW[3]      ; HEX1[6]     ;       ; 3.742 ; 4.718 ;       ;
; SW[3]      ; HEX2[0]     ; 3.547 ;       ;       ; 4.389 ;
; SW[3]      ; HEX2[2]     ; 4.031 ;       ;       ; 4.772 ;
; SW[3]      ; HEX2[3]     ; 3.830 ;       ;       ; 4.633 ;
; SW[3]      ; HEX2[4]     ; 3.735 ;       ;       ; 4.529 ;
; SW[3]      ; HEX2[5]     ; 3.984 ;       ;       ; 4.778 ;
; SW[3]      ; HEX2[6]     ; 3.866 ;       ;       ; 4.671 ;
; SW[3]      ; HEX3[0]     ; 3.835 ;       ;       ; 4.620 ;
; SW[3]      ; HEX3[1]     ; 3.512 ;       ;       ; 4.347 ;
; SW[3]      ; HEX3[2]     ; 3.935 ;       ;       ; 4.655 ;
; SW[3]      ; HEX3[3]     ; 3.522 ;       ;       ; 4.375 ;
; SW[3]      ; HEX3[5]     ; 3.714 ;       ;       ; 4.509 ;
; SW[3]      ; HEX3[6]     ; 3.723 ;       ;       ; 4.522 ;
; SW[3]      ; HEX4[0]     ; 3.756 ;       ;       ; 4.558 ;
; SW[3]      ; HEX4[1]     ; 3.751 ;       ;       ; 4.539 ;
; SW[3]      ; HEX4[2]     ; 3.677 ;       ;       ; 4.480 ;
; SW[3]      ; HEX4[3]     ; 3.645 ;       ;       ; 4.465 ;
; SW[3]      ; HEX4[4]     ; 3.701 ;       ;       ; 4.489 ;
; SW[3]      ; HEX4[6]     ; 3.836 ;       ;       ; 4.609 ;
; SW[3]      ; HEX5[0]     ;       ; 3.773 ; 4.781 ;       ;
; SW[3]      ; HEX5[3]     ;       ; 3.635 ; 4.601 ;       ;
; SW[3]      ; HEX5[4]     ;       ; 4.476 ; 5.631 ;       ;
; SW[3]      ; HEX5[5]     ;       ; 4.472 ; 5.627 ;       ;
; SW[3]      ; HEX5[6]     ;       ; 3.691 ; 4.670 ;       ;
; SW[3]      ; LEDR[0]     ; 4.906 ; 5.324 ; 5.783 ; 6.199 ;
; SW[3]      ; LEDR[1]     ; 4.753 ; 5.140 ; 5.636 ; 6.019 ;
; SW[3]      ; LEDR[2]     ; 5.010 ; 5.500 ; 5.887 ; 6.375 ;
; SW[3]      ; LEDR[3]     ; 5.076 ; 5.585 ; 5.959 ; 6.464 ;
+------------+-------------+-------+-------+-------+-------+


---------------------------------------------
; Fast 1100mV 0C Model Metastability Report ;
---------------------------------------------
No synchronizer chains to report.


+----------------------------------------------------------------------------+
; Multicorner Timing Analysis Summary                                        ;
+------------------+-------+------+----------+---------+---------------------+
; Clock            ; Setup ; Hold ; Recovery ; Removal ; Minimum Pulse Width ;
+------------------+-------+------+----------+---------+---------------------+
; Worst-case Slack ; N/A   ; N/A  ; N/A      ; N/A     ; N/A                 ;
; Design-wide TNS  ; 0.0   ; 0.0  ; 0.0      ; 0.0     ; 0.0                 ;
+------------------+-------+------+----------+---------+---------------------+


+--------------------------------------------------------------+
; Propagation Delay                                            ;
+------------+-------------+--------+--------+--------+--------+
; Input Port ; Output Port ; RR     ; RF     ; FR     ; FF     ;
+------------+-------------+--------+--------+--------+--------+
; SW[0]      ; HEX0[0]     ; 8.787  ; 8.726  ; 9.365  ; 9.296  ;
; SW[0]      ; HEX0[1]     ; 8.689  ; 8.639  ; 9.267  ; 9.209  ;
; SW[0]      ; HEX0[2]     ; 8.429  ; 8.412  ; 9.007  ; 8.982  ;
; SW[0]      ; HEX0[3]     ; 8.683  ; 8.640  ; 9.261  ; 9.210  ;
; SW[0]      ; HEX0[4]     ; 8.434  ;        ;        ; 8.980  ;
; SW[0]      ; HEX0[5]     ; 8.648  ; 8.609  ; 9.226  ; 9.179  ;
; SW[0]      ; HEX0[6]     ;        ; 8.466  ; 9.094  ;        ;
; SW[0]      ; HEX1[0]     ; 8.850  ; 8.728  ; 9.426  ; 9.296  ;
; SW[0]      ; HEX1[1]     ; 9.216  ; 9.021  ; 9.792  ; 9.589  ;
; SW[0]      ; HEX1[2]     ; 8.812  ; 8.694  ; 9.388  ; 9.262  ;
; SW[0]      ; HEX1[3]     ; 9.128  ;        ;        ; 9.537  ;
; SW[0]      ; HEX1[4]     ; 9.497  ;        ;        ; 9.820  ;
; SW[0]      ; HEX1[5]     ; 9.083  ;        ;        ; 9.496  ;
; SW[0]      ; HEX1[6]     ; 8.932  ;        ;        ; 9.364  ;
; SW[0]      ; HEX2[0]     ; 8.339  ; 8.314  ; 8.915  ; 8.883  ;
; SW[0]      ; HEX2[2]     ; 9.370  ; 9.257  ; 9.946  ; 9.826  ;
; SW[0]      ; HEX2[3]     ; 8.995  ; 8.960  ; 9.571  ; 9.529  ;
; SW[0]      ; HEX2[4]     ; 8.813  ;        ;        ; 9.331  ;
; SW[0]      ; HEX2[5]     ; 9.218  ; 9.221  ; 9.794  ; 9.790  ;
; SW[0]      ; HEX2[6]     ; 8.991  ; 8.951  ; 9.567  ; 9.520  ;
; SW[0]      ; HEX3[0]     ;        ; 8.886  ; 9.575  ;        ;
; SW[0]      ; HEX3[1]     ; 8.352  ; 8.314  ; 8.931  ; 8.885  ;
; SW[0]      ; HEX3[2]     ; 9.175  ; 8.939  ; 9.754  ; 9.510  ;
; SW[0]      ; HEX3[3]     ;        ; 8.339  ; 8.924  ;        ;
; SW[0]      ; HEX3[5]     ; 8.733  ;        ;        ; 9.219  ;
; SW[0]      ; HEX3[6]     ; 8.772  ; 8.694  ; 9.351  ; 9.265  ;
; SW[0]      ; HEX4[0]     ; 8.812  ;        ;        ; 9.360  ;
; SW[0]      ; HEX4[1]     ; 8.797  ; 8.690  ; 9.376  ; 9.260  ;
; SW[0]      ; HEX4[2]     ;        ; 8.398  ; 9.172  ;        ;
; SW[0]      ; HEX4[3]     ; 8.641  ;        ;        ; 9.219  ;
; SW[0]      ; HEX4[4]     ; 8.757  ;        ;        ; 9.266  ;
; SW[0]      ; HEX4[6]     ; 9.015  ;        ;        ; 9.547  ;
; SW[0]      ; LEDR[0]     ; 11.011 ;        ;        ; 12.161 ;
; SW[0]      ; LEDR[1]     ; 10.784 ; 11.278 ; 11.351 ; 11.853 ;
; SW[0]      ; LEDR[2]     ; 11.232 ; 12.009 ; 11.802 ; 12.587 ;
; SW[0]      ; LEDR[3]     ; 11.285 ;        ;        ; 12.690 ;
; SW[1]      ; HEX0[0]     ; 8.641  ;        ;        ; 9.114  ;
; SW[1]      ; HEX0[1]     ; 8.543  ;        ;        ; 9.027  ;
; SW[1]      ; HEX0[2]     ; 8.283  ;        ;        ; 8.800  ;
; SW[1]      ; HEX0[3]     ; 8.537  ;        ;        ; 9.028  ;
; SW[1]      ; HEX0[4]     ; 8.160  ;        ;        ; 8.840  ;
; SW[1]      ; HEX0[5]     ; 8.502  ;        ;        ; 8.997  ;
; SW[1]      ; HEX0[6]     ; 8.361  ;        ;        ; 8.841  ;
; SW[1]      ; HEX1[0]     ; 8.565  ; 8.313  ; 9.235  ; 9.144  ;
; SW[1]      ; HEX1[1]     ; 8.931  ; 8.606  ; 9.601  ; 9.437  ;
; SW[1]      ; HEX1[2]     ; 8.527  ; 8.279  ; 9.197  ; 9.110  ;
; SW[1]      ; HEX1[3]     ; 8.961  ;        ;        ; 9.330  ;
; SW[1]      ; HEX1[4]     ; 9.330  ;        ;        ; 9.613  ;
; SW[1]      ; HEX1[5]     ; 8.916  ;        ;        ; 9.289  ;
; SW[1]      ; HEX1[6]     ; 8.765  ;        ;        ; 9.157  ;
; SW[1]      ; HEX2[0]     ; 8.041  ; 7.888  ; 8.709  ; 8.717  ;
; SW[1]      ; HEX2[2]     ; 9.072  ; 8.831  ; 9.740  ; 9.660  ;
; SW[1]      ; HEX2[3]     ; 8.697  ; 8.534  ; 9.365  ; 9.363  ;
; SW[1]      ; HEX2[4]     ;        ; 8.465  ; 9.251  ;        ;
; SW[1]      ; HEX2[5]     ; 8.920  ; 8.795  ; 9.588  ; 9.624  ;
; SW[1]      ; HEX2[6]     ; 8.693  ; 8.525  ; 9.361  ; 9.354  ;
; SW[1]      ; HEX3[0]     ;        ; 8.407  ; 9.314  ;        ;
; SW[1]      ; HEX3[1]     ; 8.132  ; 8.019  ; 8.790  ; 8.622  ;
; SW[1]      ; HEX3[2]     ; 8.955  ; 8.644  ; 9.613  ; 9.247  ;
; SW[1]      ; HEX3[3]     ;        ; 7.860  ; 8.663  ;        ;
; SW[1]      ; HEX3[5]     ; 8.384  ;        ;        ; 8.998  ;
; SW[1]      ; HEX3[6]     ; 8.552  ; 8.399  ; 9.210  ; 9.002  ;
; SW[1]      ; HEX4[0]     ;        ; 8.492  ; 9.248  ;        ;
; SW[1]      ; HEX4[1]     ; 8.446  ; 8.209  ; 9.113  ; 9.037  ;
; SW[1]      ; HEX4[2]     ; 8.459  ;        ;        ; 8.987  ;
; SW[1]      ; HEX4[3]     ;        ; 8.351  ; 9.077  ;        ;
; SW[1]      ; HEX4[4]     ;        ; 8.398  ; 9.193  ;        ;
; SW[1]      ; HEX4[6]     ;        ; 8.679  ; 9.451  ;        ;
; SW[1]      ; HEX5[0]     ;        ; 8.875  ; 9.601  ;        ;
; SW[1]      ; HEX5[3]     ;        ; 8.544  ; 9.267  ;        ;
; SW[1]      ; HEX5[4]     ;        ; 10.434 ; 11.401 ;        ;
; SW[1]      ; HEX5[5]     ;        ; 10.428 ; 11.395 ;        ;
; SW[1]      ; HEX5[6]     ;        ; 8.631  ; 9.351  ;        ;
; SW[1]      ; LEDR[0]     ; 10.805 ; 11.454 ; 11.413 ; 12.117 ;
; SW[1]      ; LEDR[1]     ; 10.395 ; 11.019 ; 11.227 ; 11.690 ;
; SW[1]      ; LEDR[2]     ; 11.021 ; 11.873 ; 11.630 ; 12.537 ;
; SW[1]      ; LEDR[3]     ; 10.891 ; 11.848 ; 11.724 ; 12.520 ;
; SW[2]      ; HEX0[0]     ; 8.726  ;        ;        ; 9.228  ;
; SW[2]      ; HEX0[1]     ; 8.628  ;        ;        ; 9.141  ;
; SW[2]      ; HEX0[2]     ; 8.368  ;        ;        ; 8.914  ;
; SW[2]      ; HEX0[3]     ; 8.622  ;        ;        ; 9.142  ;
; SW[2]      ; HEX0[4]     ; 8.373  ;        ;        ; 8.912  ;
; SW[2]      ; HEX0[5]     ; 8.587  ;        ;        ; 9.111  ;
; SW[2]      ; HEX0[6]     ; 8.444  ;        ;        ; 8.957  ;
; SW[2]      ; HEX1[0]     ; 8.777  ; 8.645  ; 9.340  ; 9.218  ;
; SW[2]      ; HEX1[1]     ; 9.143  ; 8.938  ; 9.706  ; 9.511  ;
; SW[2]      ; HEX1[2]     ; 8.739  ; 8.611  ; 9.302  ; 9.184  ;
; SW[2]      ; HEX1[3]     ; 9.045  ;        ;        ; 9.448  ;
; SW[2]      ; HEX1[4]     ; 9.414  ;        ;        ; 9.731  ;
; SW[2]      ; HEX1[5]     ; 9.000  ;        ;        ; 9.407  ;
; SW[2]      ; HEX1[6]     ; 8.849  ;        ;        ; 9.275  ;
; SW[2]      ; HEX2[0]     ;        ; 8.221  ; 8.817  ;        ;
; SW[2]      ; HEX2[2]     ;        ; 9.164  ; 9.848  ;        ;
; SW[2]      ; HEX2[3]     ;        ; 8.867  ; 9.473  ;        ;
; SW[2]      ; HEX2[4]     ;        ; 8.639  ; 9.261  ;        ;
; SW[2]      ; HEX2[5]     ;        ; 9.128  ; 9.696  ;        ;
; SW[2]      ; HEX2[6]     ;        ; 8.858  ; 9.469  ;        ;
; SW[2]      ; HEX3[0]     ; 8.885  ;        ;        ; 9.334  ;
; SW[2]      ; HEX3[1]     ; 8.241  ; 8.193  ; 8.800  ; 8.763  ;
; SW[2]      ; HEX3[2]     ; 9.064  ; 8.818  ; 9.623  ; 9.388  ;
; SW[2]      ; HEX3[3]     ; 8.234  ;        ;        ; 8.787  ;
; SW[2]      ; HEX3[5]     ;        ; 8.528  ; 9.181  ;        ;
; SW[2]      ; HEX3[6]     ; 8.661  ; 8.573  ; 9.220  ; 9.143  ;
; SW[2]      ; HEX4[0]     ; 8.701  ;        ;        ; 9.238  ;
; SW[2]      ; HEX4[1]     ; 8.686  ;        ;        ; 9.138  ;
; SW[2]      ; HEX4[2]     ; 8.505  ;        ;        ; 8.978  ;
; SW[2]      ; HEX4[3]     ; 8.530  ;        ;        ; 9.097  ;
; SW[2]      ; HEX4[4]     ; 8.646  ;        ;        ; 9.144  ;
; SW[2]      ; HEX4[6]     ; 8.904  ;        ;        ; 9.425  ;
; SW[2]      ; HEX5[0]     ;        ; 8.911  ; 9.583  ;        ;
; SW[2]      ; HEX5[3]     ;        ; 8.580  ; 9.249  ;        ;
; SW[2]      ; HEX5[4]     ;        ; 10.470 ; 11.383 ;        ;
; SW[2]      ; HEX5[5]     ;        ; 10.464 ; 11.377 ;        ;
; SW[2]      ; HEX5[6]     ;        ; 8.667  ; 9.333  ;        ;
; SW[2]      ; LEDR[0]     ;        ; 11.537 ; 11.527 ;        ;
; SW[2]      ; LEDR[1]     ; 10.604 ; 11.171 ; 11.144 ; 11.763 ;
; SW[2]      ; LEDR[2]     ; 11.170 ; 11.957 ; 11.743 ; 12.519 ;
; SW[2]      ; LEDR[3]     ; 11.223 ; 12.060 ; 11.795 ; 12.622 ;
; SW[3]      ; HEX0[0]     ; 8.030  ; 7.948  ; 8.576  ; 8.511  ;
; SW[3]      ; HEX0[1]     ; 7.932  ; 7.861  ; 8.478  ; 8.424  ;
; SW[3]      ; HEX0[2]     ; 7.672  ; 7.634  ; 8.218  ; 8.197  ;
; SW[3]      ; HEX0[3]     ; 7.926  ; 7.862  ; 8.472  ; 8.425  ;
; SW[3]      ; HEX0[4]     ; 7.688  ;        ;        ; 8.207  ;
; SW[3]      ; HEX0[5]     ; 7.891  ; 7.831  ; 8.437  ; 8.394  ;
; SW[3]      ; HEX0[6]     ;        ; 7.674  ; 8.293  ;        ;
; SW[3]      ; HEX1[0]     ; 8.090  ; 7.941  ; 8.640  ; 8.512  ;
; SW[3]      ; HEX1[1]     ; 8.456  ; 8.234  ; 9.006  ; 8.805  ;
; SW[3]      ; HEX1[2]     ; 8.052  ; 7.907  ; 8.602  ; 8.478  ;
; SW[3]      ; HEX1[3]     ;        ; 8.163  ; 8.891  ;        ;
; SW[3]      ; HEX1[4]     ;        ; 8.446  ; 9.260  ;        ;
; SW[3]      ; HEX1[5]     ;        ; 8.122  ; 8.846  ;        ;
; SW[3]      ; HEX1[6]     ;        ; 7.990  ; 8.695  ;        ;
; SW[3]      ; HEX2[0]     ; 7.565  ;        ;        ; 8.084  ;
; SW[3]      ; HEX2[2]     ; 8.596  ;        ;        ; 9.027  ;
; SW[3]      ; HEX2[3]     ; 8.221  ;        ;        ; 8.730  ;
; SW[3]      ; HEX2[4]     ; 8.009  ;        ;        ; 8.497  ;
; SW[3]      ; HEX2[5]     ; 8.444  ;        ;        ; 8.991  ;
; SW[3]      ; HEX2[6]     ; 8.217  ;        ;        ; 8.721  ;
; SW[3]      ; HEX3[0]     ; 8.202  ;        ;        ; 8.635  ;
; SW[3]      ; HEX3[1]     ; 7.547  ;        ;        ; 8.051  ;
; SW[3]      ; HEX3[2]     ; 8.370  ;        ;        ; 8.676  ;
; SW[3]      ; HEX3[3]     ; 7.551  ;        ;        ; 8.088  ;
; SW[3]      ; HEX3[5]     ; 7.939  ;        ;        ; 8.397  ;
; SW[3]      ; HEX3[6]     ; 7.967  ;        ;        ; 8.431  ;
; SW[3]      ; HEX4[0]     ; 8.006  ;        ;        ; 8.524  ;
; SW[3]      ; HEX4[1]     ; 8.001  ;        ;        ; 8.437  ;
; SW[3]      ; HEX4[2]     ; 7.807  ;        ;        ; 8.262  ;
; SW[3]      ; HEX4[3]     ; 7.835  ;        ;        ; 8.383  ;
; SW[3]      ; HEX4[4]     ; 7.951  ;        ;        ; 8.430  ;
; SW[3]      ; HEX4[6]     ; 8.209  ;        ;        ; 8.711  ;
; SW[3]      ; HEX5[0]     ;        ; 8.207  ; 8.886  ;        ;
; SW[3]      ; HEX5[3]     ;        ; 7.876  ; 8.552  ;        ;
; SW[3]      ; HEX5[4]     ;        ; 9.766  ; 10.686 ;        ;
; SW[3]      ; HEX5[5]     ;        ; 9.760  ; 10.680 ;        ;
; SW[3]      ; HEX5[6]     ;        ; 7.963  ; 8.636  ;        ;
; SW[3]      ; LEDR[0]     ; 10.250 ; 10.845 ; 10.810 ; 11.388 ;
; SW[3]      ; LEDR[1]     ; 10.029 ; 10.550 ; 10.594 ; 11.094 ;
; SW[3]      ; LEDR[2]     ; 10.466 ; 11.264 ; 11.026 ; 11.807 ;
; SW[3]      ; LEDR[3]     ; 10.524 ; 11.378 ; 11.091 ; 11.924 ;
+------------+-------------+--------+--------+--------+--------+


+----------------------------------------------------------+
; Minimum Propagation Delay                                ;
+------------+-------------+-------+-------+-------+-------+
; Input Port ; Output Port ; RR    ; RF    ; FR    ; FF    ;
+------------+-------------+-------+-------+-------+-------+
; SW[0]      ; HEX0[0]     ; 4.079 ; 3.998 ; 4.970 ; 4.892 ;
; SW[0]      ; HEX0[1]     ; 4.031 ; 3.962 ; 4.922 ; 4.856 ;
; SW[0]      ; HEX0[2]     ; 3.898 ; 3.852 ; 4.789 ; 4.746 ;
; SW[0]      ; HEX0[3]     ; 4.019 ; 3.954 ; 4.910 ; 4.848 ;
; SW[0]      ; HEX0[4]     ; 3.904 ;       ;       ; 4.752 ;
; SW[0]      ; HEX0[5]     ; 4.001 ; 3.940 ; 4.892 ; 4.834 ;
; SW[0]      ; HEX0[6]     ;       ; 3.888 ; 4.839 ;       ;
; SW[0]      ; HEX1[0]     ; 4.097 ; 3.988 ; 4.989 ; 4.883 ;
; SW[0]      ; HEX1[1]     ; 4.304 ; 4.152 ; 5.196 ; 5.047 ;
; SW[0]      ; HEX1[2]     ; 4.078 ; 3.973 ; 4.970 ; 4.868 ;
; SW[0]      ; HEX1[3]     ; 4.199 ;       ;       ; 4.975 ;
; SW[0]      ; HEX1[4]     ; 4.383 ;       ;       ; 5.124 ;
; SW[0]      ; HEX1[5]     ; 4.172 ;       ;       ; 4.951 ;
; SW[0]      ; HEX1[6]     ; 4.147 ;       ;       ; 4.931 ;
; SW[0]      ; HEX2[0]     ; 3.845 ; 3.798 ; 4.737 ; 4.693 ;
; SW[0]      ; HEX2[2]     ; 4.329 ; 4.181 ; 5.221 ; 5.076 ;
; SW[0]      ; HEX2[3]     ; 4.128 ; 4.042 ; 5.020 ; 4.937 ;
; SW[0]      ; HEX2[4]     ; 4.057 ;       ;       ; 4.861 ;
; SW[0]      ; HEX2[5]     ; 4.282 ; 4.187 ; 5.174 ; 5.082 ;
; SW[0]      ; HEX2[6]     ; 4.164 ; 4.080 ; 5.056 ; 4.975 ;
; SW[0]      ; HEX3[0]     ;       ; 4.049 ; 5.044 ;       ;
; SW[0]      ; HEX3[1]     ; 3.835 ; 3.784 ; 4.727 ; 4.680 ;
; SW[0]      ; HEX3[2]     ; 4.258 ; 4.092 ; 5.150 ; 4.988 ;
; SW[0]      ; HEX3[3]     ;       ; 3.804 ; 4.731 ;       ;
; SW[0]      ; HEX3[5]     ; 4.031 ;       ;       ; 4.833 ;
; SW[0]      ; HEX3[6]     ; 4.046 ; 3.959 ; 4.938 ; 4.855 ;
; SW[0]      ; HEX4[0]     ; 4.079 ;       ;       ; 4.892 ;
; SW[0]      ; HEX4[1]     ; 4.070 ; 3.968 ; 4.962 ; 4.864 ;
; SW[0]      ; HEX4[2]     ;       ; 3.894 ; 4.873 ;       ;
; SW[0]      ; HEX4[3]     ; 3.968 ;       ;       ; 4.799 ;
; SW[0]      ; HEX4[4]     ; 4.024 ;       ;       ; 4.823 ;
; SW[0]      ; HEX4[6]     ; 4.159 ;       ;       ; 4.943 ;
; SW[0]      ; LEDR[0]     ; 5.170 ;       ;       ; 6.486 ;
; SW[0]      ; LEDR[1]     ; 5.014 ; 5.408 ; 5.906 ; 6.297 ;
; SW[0]      ; LEDR[2]     ; 5.277 ; 5.776 ; 6.170 ; 6.666 ;
; SW[0]      ; LEDR[3]     ; 5.340 ;       ;       ; 6.746 ;
; SW[1]      ; HEX0[0]     ; 4.003 ;       ;       ; 4.849 ;
; SW[1]      ; HEX0[1]     ; 3.955 ;       ;       ; 4.813 ;
; SW[1]      ; HEX0[2]     ; 3.822 ;       ;       ; 4.703 ;
; SW[1]      ; HEX0[3]     ; 3.943 ;       ;       ; 4.805 ;
; SW[1]      ; HEX0[4]     ; 3.819 ;       ;       ; 4.675 ;
; SW[1]      ; HEX0[5]     ; 3.925 ;       ;       ; 4.791 ;
; SW[1]      ; HEX0[6]     ; 3.862 ;       ;       ; 4.730 ;
; SW[1]      ; HEX1[0]     ; 4.003 ; 3.854 ; 4.909 ; 4.796 ;
; SW[1]      ; HEX1[1]     ; 4.210 ; 4.018 ; 5.116 ; 4.960 ;
; SW[1]      ; HEX1[2]     ; 3.984 ; 3.839 ; 4.890 ; 4.781 ;
; SW[1]      ; HEX1[3]     ; 4.103 ;       ;       ; 4.911 ;
; SW[1]      ; HEX1[4]     ; 4.287 ;       ;       ; 5.060 ;
; SW[1]      ; HEX1[5]     ; 4.076 ;       ;       ; 4.887 ;
; SW[1]      ; HEX1[6]     ; 4.051 ;       ;       ; 4.867 ;
; SW[1]      ; HEX2[0]     ; 3.740 ; 3.653 ; 4.645 ; 4.594 ;
; SW[1]      ; HEX2[2]     ; 4.224 ; 4.036 ; 5.129 ; 4.977 ;
; SW[1]      ; HEX2[3]     ; 4.023 ; 3.897 ; 4.928 ; 4.838 ;
; SW[1]      ; HEX2[4]     ;       ; 3.841 ; 4.841 ;       ;
; SW[1]      ; HEX2[5]     ; 4.177 ; 4.042 ; 5.082 ; 4.983 ;
; SW[1]      ; HEX2[6]     ; 4.059 ; 3.935 ; 4.964 ; 4.876 ;
; SW[1]      ; HEX3[0]     ;       ; 3.863 ; 4.906 ;       ;
; SW[1]      ; HEX3[1]     ; 3.698 ; 3.660 ; 4.618 ; 4.569 ;
; SW[1]      ; HEX3[2]     ; 4.121 ; 3.968 ; 5.041 ; 4.877 ;
; SW[1]      ; HEX3[3]     ;       ; 3.618 ; 4.593 ;       ;
; SW[1]      ; HEX3[5]     ; 3.886 ;       ;       ; 4.688 ;
; SW[1]      ; HEX3[6]     ; 3.909 ; 3.835 ; 4.829 ; 4.744 ;
; SW[1]      ; HEX4[0]     ;       ; 3.870 ; 4.862 ;       ;
; SW[1]      ; HEX4[1]     ; 3.922 ; 3.781 ; 4.823 ; 4.718 ;
; SW[1]      ; HEX4[2]     ; 3.910 ;       ;       ; 4.737 ;
; SW[1]      ; HEX4[3]     ;       ; 3.777 ; 4.751 ;       ;
; SW[1]      ; HEX4[4]     ;       ; 3.801 ; 4.807 ;       ;
; SW[1]      ; HEX4[6]     ;       ; 3.921 ; 4.942 ;       ;
; SW[1]      ; HEX5[0]     ;       ; 3.994 ; 5.037 ;       ;
; SW[1]      ; HEX5[3]     ;       ; 3.856 ; 4.857 ;       ;
; SW[1]      ; HEX5[4]     ;       ; 4.697 ; 5.887 ;       ;
; SW[1]      ; HEX5[5]     ;       ; 4.693 ; 5.883 ;       ;
; SW[1]      ; HEX5[6]     ;       ; 3.912 ; 4.926 ;       ;
; SW[1]      ; LEDR[0]     ; 5.117 ; 5.532 ; 6.031 ; 6.457 ;
; SW[1]      ; LEDR[1]     ; 4.900 ; 5.334 ; 5.841 ; 6.239 ;
; SW[1]      ; LEDR[2]     ; 5.220 ; 5.707 ; 6.135 ; 6.633 ;
; SW[1]      ; LEDR[3]     ; 5.222 ; 5.778 ; 6.164 ; 6.684 ;
; SW[2]      ; HEX0[0]     ; 4.074 ;       ;       ; 4.874 ;
; SW[2]      ; HEX0[1]     ; 4.026 ;       ;       ; 4.838 ;
; SW[2]      ; HEX0[2]     ; 3.893 ;       ;       ; 4.728 ;
; SW[2]      ; HEX0[3]     ; 4.014 ;       ;       ; 4.830 ;
; SW[2]      ; HEX0[4]     ; 3.899 ;       ;       ; 4.735 ;
; SW[2]      ; HEX0[5]     ; 3.996 ;       ;       ; 4.816 ;
; SW[2]      ; HEX0[6]     ; 3.934 ;       ;       ; 4.756 ;
; SW[2]      ; HEX1[0]     ; 4.084 ; 3.975 ; 4.963 ; 4.857 ;
; SW[2]      ; HEX1[1]     ; 4.291 ; 4.139 ; 5.170 ; 5.021 ;
; SW[2]      ; HEX1[2]     ; 4.065 ; 3.960 ; 4.944 ; 4.842 ;
; SW[2]      ; HEX1[3]     ; 4.177 ;       ;       ; 4.940 ;
; SW[2]      ; HEX1[4]     ; 4.361 ;       ;       ; 5.089 ;
; SW[2]      ; HEX1[5]     ; 4.150 ;       ;       ; 4.916 ;
; SW[2]      ; HEX1[6]     ; 4.125 ;       ;       ; 4.896 ;
; SW[2]      ; HEX2[0]     ;       ; 3.777 ; 4.704 ;       ;
; SW[2]      ; HEX2[2]     ;       ; 4.160 ; 5.188 ;       ;
; SW[2]      ; HEX2[3]     ;       ; 4.021 ; 4.987 ;       ;
; SW[2]      ; HEX2[4]     ;       ; 3.919 ; 4.887 ;       ;
; SW[2]      ; HEX2[5]     ;       ; 4.166 ; 5.141 ;       ;
; SW[2]      ; HEX2[6]     ;       ; 4.059 ; 5.023 ;       ;
; SW[2]      ; HEX3[0]     ; 4.105 ;       ;       ; 4.882 ;
; SW[2]      ; HEX3[1]     ; 3.788 ; 3.738 ; 4.665 ; 4.617 ;
; SW[2]      ; HEX3[2]     ; 4.211 ; 4.046 ; 5.088 ; 4.925 ;
; SW[2]      ; HEX3[3]     ; 3.792 ;       ;       ; 4.637 ;
; SW[2]      ; HEX3[5]     ;       ; 3.891 ; 4.862 ;       ;
; SW[2]      ; HEX3[6]     ; 3.999 ; 3.913 ; 4.876 ; 4.792 ;
; SW[2]      ; HEX4[0]     ; 4.033 ;       ;       ; 4.829 ;
; SW[2]      ; HEX4[1]     ; 4.023 ;       ;       ; 4.802 ;
; SW[2]      ; HEX4[2]     ; 3.955 ;       ;       ; 4.754 ;
; SW[2]      ; HEX4[3]     ; 3.922 ;       ;       ; 4.736 ;
; SW[2]      ; HEX4[4]     ; 3.978 ;       ;       ; 4.760 ;
; SW[2]      ; HEX4[6]     ; 4.113 ;       ;       ; 4.880 ;
; SW[2]      ; HEX5[0]     ;       ; 4.039 ; 5.055 ;       ;
; SW[2]      ; HEX5[3]     ;       ; 3.901 ; 4.875 ;       ;
; SW[2]      ; HEX5[4]     ;       ; 4.742 ; 5.905 ;       ;
; SW[2]      ; HEX5[5]     ;       ; 4.738 ; 5.901 ;       ;
; SW[2]      ; HEX5[6]     ;       ; 3.957 ; 4.944 ;       ;
; SW[2]      ; LEDR[0]     ;       ; 5.602 ; 6.056 ;       ;
; SW[2]      ; LEDR[1]     ; 4.997 ; 5.372 ; 5.871 ; 6.267 ;
; SW[2]      ; LEDR[2]     ; 5.279 ; 5.778 ; 6.160 ; 6.657 ;
; SW[2]      ; LEDR[3]     ; 5.342 ; 5.858 ; 6.224 ; 6.737 ;
; SW[3]      ; HEX0[0]     ; 3.795 ; 3.723 ; 4.670 ; 4.600 ;
; SW[3]      ; HEX0[1]     ; 3.747 ; 3.687 ; 4.622 ; 4.564 ;
; SW[3]      ; HEX0[2]     ; 3.614 ; 3.577 ; 4.489 ; 4.454 ;
; SW[3]      ; HEX0[3]     ; 3.735 ; 3.679 ; 4.610 ; 4.556 ;
; SW[3]      ; HEX0[4]     ; 3.625 ;       ;       ; 4.469 ;
; SW[3]      ; HEX0[5]     ; 3.717 ; 3.665 ; 4.592 ; 4.542 ;
; SW[3]      ; HEX0[6]     ;       ; 3.604 ; 4.529 ;       ;
; SW[3]      ; HEX1[0]     ; 3.809 ; 3.707 ; 4.688 ; 4.590 ;
; SW[3]      ; HEX1[1]     ; 4.016 ; 3.871 ; 4.895 ; 4.754 ;
; SW[3]      ; HEX1[2]     ; 3.790 ; 3.692 ; 4.669 ; 4.575 ;
; SW[3]      ; HEX1[3]     ;       ; 3.786 ; 4.770 ;       ;
; SW[3]      ; HEX1[4]     ;       ; 3.935 ; 4.954 ;       ;
; SW[3]      ; HEX1[5]     ;       ; 3.762 ; 4.743 ;       ;
; SW[3]      ; HEX1[6]     ;       ; 3.742 ; 4.718 ;       ;
; SW[3]      ; HEX2[0]     ; 3.547 ;       ;       ; 4.389 ;
; SW[3]      ; HEX2[2]     ; 4.031 ;       ;       ; 4.772 ;
; SW[3]      ; HEX2[3]     ; 3.830 ;       ;       ; 4.633 ;
; SW[3]      ; HEX2[4]     ; 3.735 ;       ;       ; 4.529 ;
; SW[3]      ; HEX2[5]     ; 3.984 ;       ;       ; 4.778 ;
; SW[3]      ; HEX2[6]     ; 3.866 ;       ;       ; 4.671 ;
; SW[3]      ; HEX3[0]     ; 3.835 ;       ;       ; 4.620 ;
; SW[3]      ; HEX3[1]     ; 3.512 ;       ;       ; 4.347 ;
; SW[3]      ; HEX3[2]     ; 3.935 ;       ;       ; 4.655 ;
; SW[3]      ; HEX3[3]     ; 3.522 ;       ;       ; 4.375 ;
; SW[3]      ; HEX3[5]     ; 3.714 ;       ;       ; 4.509 ;
; SW[3]      ; HEX3[6]     ; 3.723 ;       ;       ; 4.522 ;
; SW[3]      ; HEX4[0]     ; 3.756 ;       ;       ; 4.558 ;
; SW[3]      ; HEX4[1]     ; 3.751 ;       ;       ; 4.539 ;
; SW[3]      ; HEX4[2]     ; 3.677 ;       ;       ; 4.480 ;
; SW[3]      ; HEX4[3]     ; 3.645 ;       ;       ; 4.465 ;
; SW[3]      ; HEX4[4]     ; 3.701 ;       ;       ; 4.489 ;
; SW[3]      ; HEX4[6]     ; 3.836 ;       ;       ; 4.609 ;
; SW[3]      ; HEX5[0]     ;       ; 3.773 ; 4.781 ;       ;
; SW[3]      ; HEX5[3]     ;       ; 3.635 ; 4.601 ;       ;
; SW[3]      ; HEX5[4]     ;       ; 4.476 ; 5.631 ;       ;
; SW[3]      ; HEX5[5]     ;       ; 4.472 ; 5.627 ;       ;
; SW[3]      ; HEX5[6]     ;       ; 3.691 ; 4.670 ;       ;
; SW[3]      ; LEDR[0]     ; 4.906 ; 5.324 ; 5.783 ; 6.199 ;
; SW[3]      ; LEDR[1]     ; 4.753 ; 5.140 ; 5.636 ; 6.019 ;
; SW[3]      ; LEDR[2]     ; 5.010 ; 5.500 ; 5.887 ; 6.375 ;
; SW[3]      ; LEDR[3]     ; 5.076 ; 5.585 ; 5.959 ; 6.464 ;
+------------+-------------+-------+-------+-------+-------+


+------------------------------------------------------------------------------------------------------------------------------------------------------------------------------------------------------------------------------------------------------------------------------------------------------------------------------------------------------------------------------------------------------------+
; Board Trace Model Assignments                                                                                                                                                                                                                                                                                                                                                                              ;
+---------+--------------+-------------------+-------------------------+-------------------------+---------------+---------------------+----------------+------------------+--------+------------------+------------------------+------------------------+--------------+---------------+-----------------+-------+---------------------+--------------------+---------------+-----------------+-------------+
; Pin     ; I/O Standard ; Near Tline Length ; Near Tline L per Length ; Near Tline C per Length ; Near Series R ; Near Differential R ; Near Pull-up R ; Near Pull-down R ; Near C ; Far Tline Length ; Far Tline L per Length ; Far Tline C per Length ; Far Series R ; Far Pull-up R ; Far Pull-down R ; Far C ; Termination Voltage ; Far Differential R ; EBD File Name ; EBD Signal Name ; EBD Far-end ;
+---------+--------------+-------------------+-------------------------+-------------------------+---------------+---------------------+----------------+------------------+--------+------------------+------------------------+------------------------+--------------+---------------+-----------------+-------+---------------------+--------------------+---------------+-----------------+-------------+
; LEDR[0] ; 3.3-V LVTTL  ; 0 in              ; 0 H/in                  ; 0 F/in                  ; short         ; -                   ; open           ; open             ; open   ; 0 in             ; 0 H/in                 ; 0 F/in                 ; short        ; open          ; open            ; open  ; 0 V                 ; -                  ; n/a           ; n/a             ; n/a         ;
; LEDR[1] ; 3.3-V LVTTL  ; 0 in              ; 0 H/in                  ; 0 F/in                  ; short         ; -                   ; open           ; open             ; open   ; 0 in             ; 0 H/in                 ; 0 F/in                 ; short        ; open          ; open            ; open  ; 0 V                 ; -                  ; n/a           ; n/a             ; n/a         ;
; LEDR[2] ; 3.3-V LVTTL  ; 0 in              ; 0 H/in                  ; 0 F/in                  ; short         ; -                   ; open           ; open             ; open   ; 0 in             ; 0 H/in                 ; 0 F/in                 ; short        ; open          ; open            ; open  ; 0 V                 ; -                  ; n/a           ; n/a             ; n/a         ;
; LEDR[3] ; 3.3-V LVTTL  ; 0 in              ; 0 H/in                  ; 0 F/in                  ; short         ; -                   ; open           ; open             ; open   ; 0 in             ; 0 H/in                 ; 0 F/in                 ; short        ; open          ; open            ; open  ; 0 V                 ; -                  ; n/a           ; n/a             ; n/a         ;
; HEX0[0] ; 3.3-V LVTTL  ; 0 in              ; 0 H/in                  ; 0 F/in                  ; short         ; -                   ; open           ; open             ; open   ; 0 in             ; 0 H/in                 ; 0 F/in                 ; short        ; open          ; open            ; open  ; 0 V                 ; -                  ; n/a           ; n/a             ; n/a         ;
; HEX0[1] ; 3.3-V LVTTL  ; 0 in              ; 0 H/in                  ; 0 F/in                  ; short         ; -                   ; open           ; open             ; open   ; 0 in             ; 0 H/in                 ; 0 F/in                 ; short        ; open          ; open            ; open  ; 0 V                 ; -                  ; n/a           ; n/a             ; n/a         ;
; HEX0[2] ; 3.3-V LVTTL  ; 0 in              ; 0 H/in                  ; 0 F/in                  ; short         ; -                   ; open           ; open             ; open   ; 0 in             ; 0 H/in                 ; 0 F/in                 ; short        ; open          ; open            ; open  ; 0 V                 ; -                  ; n/a           ; n/a             ; n/a         ;
; HEX0[3] ; 3.3-V LVTTL  ; 0 in              ; 0 H/in                  ; 0 F/in                  ; short         ; -                   ; open           ; open             ; open   ; 0 in             ; 0 H/in                 ; 0 F/in                 ; short        ; open          ; open            ; open  ; 0 V                 ; -                  ; n/a           ; n/a             ; n/a         ;
; HEX0[4] ; 3.3-V LVTTL  ; 0 in              ; 0 H/in                  ; 0 F/in                  ; short         ; -                   ; open           ; open             ; open   ; 0 in             ; 0 H/in                 ; 0 F/in                 ; short        ; open          ; open            ; open  ; 0 V                 ; -                  ; n/a           ; n/a             ; n/a         ;
; HEX0[5] ; 3.3-V LVTTL  ; 0 in              ; 0 H/in                  ; 0 F/in                  ; short         ; -                   ; open           ; open             ; open   ; 0 in             ; 0 H/in                 ; 0 F/in                 ; short        ; open          ; open            ; open  ; 0 V                 ; -                  ; n/a           ; n/a             ; n/a         ;
; HEX0[6] ; 3.3-V LVTTL  ; 0 in              ; 0 H/in                  ; 0 F/in                  ; short         ; -                   ; open           ; open             ; open   ; 0 in             ; 0 H/in                 ; 0 F/in                 ; short        ; open          ; open            ; open  ; 0 V                 ; -                  ; n/a           ; n/a             ; n/a         ;
; HEX1[0] ; 3.3-V LVTTL  ; 0 in              ; 0 H/in                  ; 0 F/in                  ; short         ; -                   ; open           ; open             ; open   ; 0 in             ; 0 H/in                 ; 0 F/in                 ; short        ; open          ; open            ; open  ; 0 V                 ; -                  ; n/a           ; n/a             ; n/a         ;
; HEX1[1] ; 3.3-V LVTTL  ; 0 in              ; 0 H/in                  ; 0 F/in                  ; short         ; -                   ; open           ; open             ; open   ; 0 in             ; 0 H/in                 ; 0 F/in                 ; short        ; open          ; open            ; open  ; 0 V                 ; -                  ; n/a           ; n/a             ; n/a         ;
; HEX1[2] ; 3.3-V LVTTL  ; 0 in              ; 0 H/in                  ; 0 F/in                  ; short         ; -                   ; open           ; open             ; open   ; 0 in             ; 0 H/in                 ; 0 F/in                 ; short        ; open          ; open            ; open  ; 0 V                 ; -                  ; n/a           ; n/a             ; n/a         ;
; HEX1[3] ; 3.3-V LVTTL  ; 0 in              ; 0 H/in                  ; 0 F/in                  ; short         ; -                   ; open           ; open             ; open   ; 0 in             ; 0 H/in                 ; 0 F/in                 ; short        ; open          ; open            ; open  ; 0 V                 ; -                  ; n/a           ; n/a             ; n/a         ;
; HEX1[4] ; 3.3-V LVTTL  ; 0 in              ; 0 H/in                  ; 0 F/in                  ; short         ; -                   ; open           ; open             ; open   ; 0 in             ; 0 H/in                 ; 0 F/in                 ; short        ; open          ; open            ; open  ; 0 V                 ; -                  ; n/a           ; n/a             ; n/a         ;
; HEX1[5] ; 3.3-V LVTTL  ; 0 in              ; 0 H/in                  ; 0 F/in                  ; short         ; -                   ; open           ; open             ; open   ; 0 in             ; 0 H/in                 ; 0 F/in                 ; short        ; open          ; open            ; open  ; 0 V                 ; -                  ; n/a           ; n/a             ; n/a         ;
; HEX1[6] ; 3.3-V LVTTL  ; 0 in              ; 0 H/in                  ; 0 F/in                  ; short         ; -                   ; open           ; open             ; open   ; 0 in             ; 0 H/in                 ; 0 F/in                 ; short        ; open          ; open            ; open  ; 0 V                 ; -                  ; n/a           ; n/a             ; n/a         ;
; HEX2[0] ; 3.3-V LVTTL  ; 0 in              ; 0 H/in                  ; 0 F/in                  ; short         ; -                   ; open           ; open             ; open   ; 0 in             ; 0 H/in                 ; 0 F/in                 ; short        ; open          ; open            ; open  ; 0 V                 ; -                  ; n/a           ; n/a             ; n/a         ;
; HEX2[1] ; 3.3-V LVTTL  ; 0 in              ; 0 H/in                  ; 0 F/in                  ; short         ; -                   ; open           ; open             ; open   ; 0 in             ; 0 H/in                 ; 0 F/in                 ; short        ; open          ; open            ; open  ; 0 V                 ; -                  ; n/a           ; n/a             ; n/a         ;
; HEX2[2] ; 3.3-V LVTTL  ; 0 in              ; 0 H/in                  ; 0 F/in                  ; short         ; -                   ; open           ; open             ; open   ; 0 in             ; 0 H/in                 ; 0 F/in                 ; short        ; open          ; open            ; open  ; 0 V                 ; -                  ; n/a           ; n/a             ; n/a         ;
; HEX2[3] ; 3.3-V LVTTL  ; 0 in              ; 0 H/in                  ; 0 F/in                  ; short         ; -                   ; open           ; open             ; open   ; 0 in             ; 0 H/in                 ; 0 F/in                 ; short        ; open          ; open            ; open  ; 0 V                 ; -                  ; n/a           ; n/a             ; n/a         ;
; HEX2[4] ; 3.3-V LVTTL  ; 0 in              ; 0 H/in                  ; 0 F/in                  ; short         ; -                   ; open           ; open             ; open   ; 0 in             ; 0 H/in                 ; 0 F/in                 ; short        ; open          ; open            ; open  ; 0 V                 ; -                  ; n/a           ; n/a             ; n/a         ;
; HEX2[5] ; 3.3-V LVTTL  ; 0 in              ; 0 H/in                  ; 0 F/in                  ; short         ; -                   ; open           ; open             ; open   ; 0 in             ; 0 H/in                 ; 0 F/in                 ; short        ; open          ; open            ; open  ; 0 V                 ; -                  ; n/a           ; n/a             ; n/a         ;
; HEX2[6] ; 3.3-V LVTTL  ; 0 in              ; 0 H/in                  ; 0 F/in                  ; short         ; -                   ; open           ; open             ; open   ; 0 in             ; 0 H/in                 ; 0 F/in                 ; short        ; open          ; open            ; open  ; 0 V                 ; -                  ; n/a           ; n/a             ; n/a         ;
; HEX3[0] ; 3.3-V LVTTL  ; 0 in              ; 0 H/in                  ; 0 F/in                  ; short         ; -                   ; open           ; open             ; open   ; 0 in             ; 0 H/in                 ; 0 F/in                 ; short        ; open          ; open            ; open  ; 0 V                 ; -                  ; n/a           ; n/a             ; n/a         ;
; HEX3[1] ; 3.3-V LVTTL  ; 0 in              ; 0 H/in                  ; 0 F/in                  ; short         ; -                   ; open           ; open             ; open   ; 0 in             ; 0 H/in                 ; 0 F/in                 ; short        ; open          ; open            ; open  ; 0 V                 ; -                  ; n/a           ; n/a             ; n/a         ;
; HEX3[2] ; 3.3-V LVTTL  ; 0 in              ; 0 H/in                  ; 0 F/in                  ; short         ; -                   ; open           ; open             ; open   ; 0 in             ; 0 H/in                 ; 0 F/in                 ; short        ; open          ; open            ; open  ; 0 V                 ; -                  ; n/a           ; n/a             ; n/a         ;
; HEX3[3] ; 3.3-V LVTTL  ; 0 in              ; 0 H/in                  ; 0 F/in                  ; short         ; -                   ; open           ; open             ; open   ; 0 in             ; 0 H/in                 ; 0 F/in                 ; short        ; open          ; open            ; open  ; 0 V                 ; -                  ; n/a           ; n/a             ; n/a         ;
; HEX3[4] ; 3.3-V LVTTL  ; 0 in              ; 0 H/in                  ; 0 F/in                  ; short         ; -                   ; open           ; open             ; open   ; 0 in             ; 0 H/in                 ; 0 F/in                 ; short        ; open          ; open            ; open  ; 0 V                 ; -                  ; n/a           ; n/a             ; n/a         ;
; HEX3[5] ; 3.3-V LVTTL  ; 0 in              ; 0 H/in                  ; 0 F/in                  ; short         ; -                   ; open           ; open             ; open   ; 0 in             ; 0 H/in                 ; 0 F/in                 ; short        ; open          ; open            ; open  ; 0 V                 ; -                  ; n/a           ; n/a             ; n/a         ;
; HEX3[6] ; 3.3-V LVTTL  ; 0 in              ; 0 H/in                  ; 0 F/in                  ; short         ; -                   ; open           ; open             ; open   ; 0 in             ; 0 H/in                 ; 0 F/in                 ; short        ; open          ; open            ; open  ; 0 V                 ; -                  ; n/a           ; n/a             ; n/a         ;
; HEX4[0] ; 3.3-V LVTTL  ; 0 in              ; 0 H/in                  ; 0 F/in                  ; short         ; -                   ; open           ; open             ; open   ; 0 in             ; 0 H/in                 ; 0 F/in                 ; short        ; open          ; open            ; open  ; 0 V                 ; -                  ; n/a           ; n/a             ; n/a         ;
; HEX4[1] ; 3.3-V LVTTL  ; 0 in              ; 0 H/in                  ; 0 F/in                  ; short         ; -                   ; open           ; open             ; open   ; 0 in             ; 0 H/in                 ; 0 F/in                 ; short        ; open          ; open            ; open  ; 0 V                 ; -                  ; n/a           ; n/a             ; n/a         ;
; HEX4[2] ; 3.3-V LVTTL  ; 0 in              ; 0 H/in                  ; 0 F/in                  ; short         ; -                   ; open           ; open             ; open   ; 0 in             ; 0 H/in                 ; 0 F/in                 ; short        ; open          ; open            ; open  ; 0 V                 ; -                  ; n/a           ; n/a             ; n/a         ;
; HEX4[3] ; 3.3-V LVTTL  ; 0 in              ; 0 H/in                  ; 0 F/in                  ; short         ; -                   ; open           ; open             ; open   ; 0 in             ; 0 H/in                 ; 0 F/in                 ; short        ; open          ; open            ; open  ; 0 V                 ; -                  ; n/a           ; n/a             ; n/a         ;
; HEX4[4] ; 3.3-V LVTTL  ; 0 in              ; 0 H/in                  ; 0 F/in                  ; short         ; -                   ; open           ; open             ; open   ; 0 in             ; 0 H/in                 ; 0 F/in                 ; short        ; open          ; open            ; open  ; 0 V                 ; -                  ; n/a           ; n/a             ; n/a         ;
; HEX4[5] ; 3.3-V LVTTL  ; 0 in              ; 0 H/in                  ; 0 F/in                  ; short         ; -                   ; open           ; open             ; open   ; 0 in             ; 0 H/in                 ; 0 F/in                 ; short        ; open          ; open            ; open  ; 0 V                 ; -                  ; n/a           ; n/a             ; n/a         ;
; HEX4[6] ; 3.3-V LVTTL  ; 0 in              ; 0 H/in                  ; 0 F/in                  ; short         ; -                   ; open           ; open             ; open   ; 0 in             ; 0 H/in                 ; 0 F/in                 ; short        ; open          ; open            ; open  ; 0 V                 ; -                  ; n/a           ; n/a             ; n/a         ;
; HEX5[0] ; 3.3-V LVTTL  ; 0 in              ; 0 H/in                  ; 0 F/in                  ; short         ; -                   ; open           ; open             ; open   ; 0 in             ; 0 H/in                 ; 0 F/in                 ; short        ; open          ; open            ; open  ; 0 V                 ; -                  ; n/a           ; n/a             ; n/a         ;
; HEX5[1] ; 3.3-V LVTTL  ; 0 in              ; 0 H/in                  ; 0 F/in                  ; short         ; -                   ; open           ; open             ; open   ; 0 in             ; 0 H/in                 ; 0 F/in                 ; short        ; open          ; open            ; open  ; 0 V                 ; -                  ; n/a           ; n/a             ; n/a         ;
; HEX5[2] ; 3.3-V LVTTL  ; 0 in              ; 0 H/in                  ; 0 F/in                  ; short         ; -                   ; open           ; open             ; open   ; 0 in             ; 0 H/in                 ; 0 F/in                 ; short        ; open          ; open            ; open  ; 0 V                 ; -                  ; n/a           ; n/a             ; n/a         ;
; HEX5[3] ; 3.3-V LVTTL  ; 0 in              ; 0 H/in                  ; 0 F/in                  ; short         ; -                   ; open           ; open             ; open   ; 0 in             ; 0 H/in                 ; 0 F/in                 ; short        ; open          ; open            ; open  ; 0 V                 ; -                  ; n/a           ; n/a             ; n/a         ;
; HEX5[4] ; 3.3-V LVTTL  ; 0 in              ; 0 H/in                  ; 0 F/in                  ; short         ; -                   ; open           ; open             ; open   ; 0 in             ; 0 H/in                 ; 0 F/in                 ; short        ; open          ; open            ; open  ; 0 V                 ; -                  ; n/a           ; n/a             ; n/a         ;
; HEX5[5] ; 3.3-V LVTTL  ; 0 in              ; 0 H/in                  ; 0 F/in                  ; short         ; -                   ; open           ; open             ; open   ; 0 in             ; 0 H/in                 ; 0 F/in                 ; short        ; open          ; open            ; open  ; 0 V                 ; -                  ; n/a           ; n/a             ; n/a         ;
; HEX5[6] ; 3.3-V LVTTL  ; 0 in              ; 0 H/in                  ; 0 F/in                  ; short         ; -                   ; open           ; open             ; open   ; 0 in             ; 0 H/in                 ; 0 F/in                 ; short        ; open          ; open            ; open  ; 0 V                 ; -                  ; n/a           ; n/a             ; n/a         ;
+---------+--------------+-------------------+-------------------------+-------------------------+---------------+---------------------+----------------+------------------+--------+------------------+------------------------+------------------------+--------------+---------------+-----------------+-------+---------------------+--------------------+---------------+-----------------+-------------+


+----------------------------------------------------------+
; Input Transition Times                                   ;
+-------+--------------+-----------------+-----------------+
; Pin   ; I/O Standard ; 10-90 Rise Time ; 90-10 Fall Time ;
+-------+--------------+-----------------+-----------------+
; SW[3] ; 3.3-V LVTTL  ; 2640 ps         ; 2640 ps         ;
; SW[1] ; 3.3-V LVTTL  ; 2640 ps         ; 2640 ps         ;
; SW[2] ; 3.3-V LVTTL  ; 2640 ps         ; 2640 ps         ;
; SW[0] ; 3.3-V LVTTL  ; 2640 ps         ; 2640 ps         ;
+-------+--------------+-----------------+-----------------+


+--------------------------------------------------------------------------------------------------------------------------------------------------------------------------------------------------------------------------------------------------------------------------------------------------------------------------------------------------------------------------------------------------------------------------------------------------------------------------------------------------------------------------------------------------------------------------------------------------------------------------------------------------------------------------------------+
; Signal Integrity Metrics (Slow 1100mv 0c Model)                                                                                                                                                                                                                                                                                                                                                                                                                                                                                                                                                                                                                                      ;
+---------+--------------+---------------------+---------------------+------------------------------+------------------------------+---------------------+---------------------+--------------------------------------+--------------------------------------+-----------------------------+-----------------------------+----------------------------+----------------------------+-----------------------------+-----------------------------+--------------------+--------------------+-------------------------------------+-------------------------------------+----------------------------+----------------------------+---------------------------+---------------------------+
; Pin     ; I/O Standard ; Board Delay on Rise ; Board Delay on Fall ; Steady State Voh at FPGA Pin ; Steady State Vol at FPGA Pin ; Voh Max at FPGA Pin ; Vol Min at FPGA Pin ; Ringback Voltage on Rise at FPGA Pin ; Ringback Voltage on Fall at FPGA Pin ; 10-90 Rise Time at FPGA Pin ; 90-10 Fall Time at FPGA Pin ; Monotonic Rise at FPGA Pin ; Monotonic Fall at FPGA Pin ; Steady State Voh at Far-end ; Steady State Vol at Far-end ; Voh Max at Far-end ; Vol Min at Far-end ; Ringback Voltage on Rise at Far-end ; Ringback Voltage on Fall at Far-end ; 10-90 Rise Time at Far-end ; 90-10 Fall Time at Far-end ; Monotonic Rise at Far-end ; Monotonic Fall at Far-end ;
+---------+--------------+---------------------+---------------------+------------------------------+------------------------------+---------------------+---------------------+--------------------------------------+--------------------------------------+-----------------------------+-----------------------------+----------------------------+----------------------------+-----------------------------+-----------------------------+--------------------+--------------------+-------------------------------------+-------------------------------------+----------------------------+----------------------------+---------------------------+---------------------------+
; LEDR[0] ; 3.3-V LVTTL  ; 0 s                 ; 0 s                 ; 3.08 V                       ; 2.01e-07 V                   ; 3.13 V              ; -0.229 V            ; 0.131 V                              ; 0.38 V                               ; 4.37e-10 s                  ; 1.58e-10 s                  ; Yes                        ; No                         ; 3.08 V                      ; 2.01e-07 V                  ; 3.13 V             ; -0.229 V           ; 0.131 V                             ; 0.38 V                              ; 4.37e-10 s                 ; 1.58e-10 s                 ; Yes                       ; No                        ;
; LEDR[1] ; 3.3-V LVTTL  ; 0 s                 ; 0 s                 ; 3.08 V                       ; 2.01e-07 V                   ; 3.13 V              ; -0.229 V            ; 0.132 V                              ; 0.377 V                              ; 4.37e-10 s                  ; 1.58e-10 s                  ; Yes                        ; No                         ; 3.08 V                      ; 2.01e-07 V                  ; 3.13 V             ; -0.229 V           ; 0.132 V                             ; 0.377 V                             ; 4.37e-10 s                 ; 1.58e-10 s                 ; Yes                       ; No                        ;
; LEDR[2] ; 3.3-V LVTTL  ; 0 s                 ; 0 s                 ; 3.08 V                       ; 1.58e-07 V                   ; 3.09 V              ; -0.13 V             ; 0.032 V                              ; 0.298 V                              ; 4.39e-10 s                  ; 1.69e-10 s                  ; Yes                        ; Yes                        ; 3.08 V                      ; 1.58e-07 V                  ; 3.09 V             ; -0.13 V            ; 0.032 V                             ; 0.298 V                             ; 4.39e-10 s                 ; 1.69e-10 s                 ; Yes                       ; Yes                       ;
; LEDR[3] ; 3.3-V LVTTL  ; 0 s                 ; 0 s                 ; 3.08 V                       ; 2.1e-07 V                    ; 3.12 V              ; -0.169 V            ; 0.165 V                              ; 0.384 V                              ; 4.57e-10 s                  ; 1.75e-10 s                  ; Yes                        ; No                         ; 3.08 V                      ; 2.1e-07 V                   ; 3.12 V             ; -0.169 V           ; 0.165 V                             ; 0.384 V                             ; 4.57e-10 s                 ; 1.75e-10 s                 ; Yes                       ; No                        ;
; HEX0[0] ; 3.3-V LVTTL  ; 0 s                 ; 0 s                 ; 3.08 V                       ; 2.01e-07 V                   ; 3.13 V              ; -0.229 V            ; 0.132 V                              ; 0.377 V                              ; 4.37e-10 s                  ; 1.58e-10 s                  ; Yes                        ; No                         ; 3.08 V                      ; 2.01e-07 V                  ; 3.13 V             ; -0.229 V           ; 0.132 V                             ; 0.377 V                             ; 4.37e-10 s                 ; 1.58e-10 s                 ; Yes                       ; No                        ;
; HEX0[1] ; 3.3-V LVTTL  ; 0 s                 ; 0 s                 ; 3.08 V                       ; 2.01e-07 V                   ; 3.13 V              ; -0.229 V            ; 0.131 V                              ; 0.38 V                               ; 4.37e-10 s                  ; 1.58e-10 s                  ; Yes                        ; No                         ; 3.08 V                      ; 2.01e-07 V                  ; 3.13 V             ; -0.229 V           ; 0.131 V                             ; 0.38 V                              ; 4.37e-10 s                 ; 1.58e-10 s                 ; Yes                       ; No                        ;
; HEX0[2] ; 3.3-V LVTTL  ; 0 s                 ; 0 s                 ; 3.08 V                       ; 2.01e-07 V                   ; 3.13 V              ; -0.229 V            ; 0.131 V                              ; 0.38 V                               ; 4.37e-10 s                  ; 1.58e-10 s                  ; Yes                        ; No                         ; 3.08 V                      ; 2.01e-07 V                  ; 3.13 V             ; -0.229 V           ; 0.131 V                             ; 0.38 V                              ; 4.37e-10 s                 ; 1.58e-10 s                 ; Yes                       ; No                        ;
; HEX0[3] ; 3.3-V LVTTL  ; 0 s                 ; 0 s                 ; 3.08 V                       ; 2.01e-07 V                   ; 3.13 V              ; -0.229 V            ; 0.131 V                              ; 0.38 V                               ; 4.37e-10 s                  ; 1.58e-10 s                  ; Yes                        ; No                         ; 3.08 V                      ; 2.01e-07 V                  ; 3.13 V             ; -0.229 V           ; 0.131 V                             ; 0.38 V                              ; 4.37e-10 s                 ; 1.58e-10 s                 ; Yes                       ; No                        ;
; HEX0[4] ; 3.3-V LVTTL  ; 0 s                 ; 0 s                 ; 3.08 V                       ; 2.01e-07 V                   ; 3.13 V              ; -0.229 V            ; 0.132 V                              ; 0.377 V                              ; 4.37e-10 s                  ; 1.58e-10 s                  ; Yes                        ; No                         ; 3.08 V                      ; 2.01e-07 V                  ; 3.13 V             ; -0.229 V           ; 0.132 V                             ; 0.377 V                             ; 4.37e-10 s                 ; 1.58e-10 s                 ; Yes                       ; No                        ;
; HEX0[5] ; 3.3-V LVTTL  ; 0 s                 ; 0 s                 ; 3.08 V                       ; 2.01e-07 V                   ; 3.13 V              ; -0.229 V            ; 0.132 V                              ; 0.377 V                              ; 4.37e-10 s                  ; 1.58e-10 s                  ; Yes                        ; No                         ; 3.08 V                      ; 2.01e-07 V                  ; 3.13 V             ; -0.229 V           ; 0.132 V                             ; 0.377 V                             ; 4.37e-10 s                 ; 1.58e-10 s                 ; Yes                       ; No                        ;
; HEX0[6] ; 3.3-V LVTTL  ; 0 s                 ; 0 s                 ; 3.08 V                       ; 2.01e-07 V                   ; 3.13 V              ; -0.229 V            ; 0.131 V                              ; 0.38 V                               ; 4.37e-10 s                  ; 1.58e-10 s                  ; Yes                        ; No                         ; 3.08 V                      ; 2.01e-07 V                  ; 3.13 V             ; -0.229 V           ; 0.131 V                             ; 0.38 V                              ; 4.37e-10 s                 ; 1.58e-10 s                 ; Yes                       ; No                        ;
; HEX1[0] ; 3.3-V LVTTL  ; 0 s                 ; 0 s                 ; 3.08 V                       ; 2.01e-07 V                   ; 3.13 V              ; -0.229 V            ; 0.131 V                              ; 0.38 V                               ; 4.37e-10 s                  ; 1.58e-10 s                  ; Yes                        ; No                         ; 3.08 V                      ; 2.01e-07 V                  ; 3.13 V             ; -0.229 V           ; 0.131 V                             ; 0.38 V                              ; 4.37e-10 s                 ; 1.58e-10 s                 ; Yes                       ; No                        ;
; HEX1[1] ; 3.3-V LVTTL  ; 0 s                 ; 0 s                 ; 3.08 V                       ; 2.01e-07 V                   ; 3.13 V              ; -0.229 V            ; 0.132 V                              ; 0.377 V                              ; 4.37e-10 s                  ; 1.58e-10 s                  ; Yes                        ; No                         ; 3.08 V                      ; 2.01e-07 V                  ; 3.13 V             ; -0.229 V           ; 0.132 V                             ; 0.377 V                             ; 4.37e-10 s                 ; 1.58e-10 s                 ; Yes                       ; No                        ;
; HEX1[2] ; 3.3-V LVTTL  ; 0 s                 ; 0 s                 ; 3.08 V                       ; 2.01e-07 V                   ; 3.13 V              ; -0.229 V            ; 0.132 V                              ; 0.377 V                              ; 4.37e-10 s                  ; 1.58e-10 s                  ; Yes                        ; No                         ; 3.08 V                      ; 2.01e-07 V                  ; 3.13 V             ; -0.229 V           ; 0.132 V                             ; 0.377 V                             ; 4.37e-10 s                 ; 1.58e-10 s                 ; Yes                       ; No                        ;
; HEX1[3] ; 3.3-V LVTTL  ; 0 s                 ; 0 s                 ; 3.08 V                       ; 2.01e-07 V                   ; 3.13 V              ; -0.229 V            ; 0.131 V                              ; 0.38 V                               ; 4.37e-10 s                  ; 1.58e-10 s                  ; Yes                        ; No                         ; 3.08 V                      ; 2.01e-07 V                  ; 3.13 V             ; -0.229 V           ; 0.131 V                             ; 0.38 V                              ; 4.37e-10 s                 ; 1.58e-10 s                 ; Yes                       ; No                        ;
; HEX1[4] ; 3.3-V LVTTL  ; 0 s                 ; 0 s                 ; 3.08 V                       ; 2.01e-07 V                   ; 3.13 V              ; -0.229 V            ; 0.131 V                              ; 0.38 V                               ; 4.37e-10 s                  ; 1.58e-10 s                  ; Yes                        ; No                         ; 3.08 V                      ; 2.01e-07 V                  ; 3.13 V             ; -0.229 V           ; 0.131 V                             ; 0.38 V                              ; 4.37e-10 s                 ; 1.58e-10 s                 ; Yes                       ; No                        ;
; HEX1[5] ; 3.3-V LVTTL  ; 0 s                 ; 0 s                 ; 3.08 V                       ; 2.01e-07 V                   ; 3.13 V              ; -0.229 V            ; 0.132 V                              ; 0.377 V                              ; 4.37e-10 s                  ; 1.58e-10 s                  ; Yes                        ; No                         ; 3.08 V                      ; 2.01e-07 V                  ; 3.13 V             ; -0.229 V           ; 0.132 V                             ; 0.377 V                             ; 4.37e-10 s                 ; 1.58e-10 s                 ; Yes                       ; No                        ;
; HEX1[6] ; 3.3-V LVTTL  ; 0 s                 ; 0 s                 ; 3.08 V                       ; 2.01e-07 V                   ; 3.13 V              ; -0.229 V            ; 0.132 V                              ; 0.377 V                              ; 4.37e-10 s                  ; 1.58e-10 s                  ; Yes                        ; No                         ; 3.08 V                      ; 2.01e-07 V                  ; 3.13 V             ; -0.229 V           ; 0.132 V                             ; 0.377 V                             ; 4.37e-10 s                 ; 1.58e-10 s                 ; Yes                       ; No                        ;
; HEX2[0] ; 3.3-V LVTTL  ; 0 s                 ; 0 s                 ; 3.08 V                       ; 2.1e-07 V                    ; 3.12 V              ; -0.169 V            ; 0.165 V                              ; 0.384 V                              ; 4.57e-10 s                  ; 1.75e-10 s                  ; Yes                        ; No                         ; 3.08 V                      ; 2.1e-07 V                   ; 3.12 V             ; -0.169 V           ; 0.165 V                             ; 0.384 V                             ; 4.57e-10 s                 ; 1.75e-10 s                 ; Yes                       ; No                        ;
; HEX2[1] ; 3.3-V LVTTL  ; 0 s                 ; 0 s                 ; 3.08 V                       ; 2.01e-07 V                   ; 3.13 V              ; -0.229 V            ; 0.132 V                              ; 0.377 V                              ; 4.37e-10 s                  ; 1.58e-10 s                  ; Yes                        ; No                         ; 3.08 V                      ; 2.01e-07 V                  ; 3.13 V             ; -0.229 V           ; 0.132 V                             ; 0.377 V                             ; 4.37e-10 s                 ; 1.58e-10 s                 ; Yes                       ; No                        ;
; HEX2[2] ; 3.3-V LVTTL  ; 0 s                 ; 0 s                 ; 3.08 V                       ; 2.01e-07 V                   ; 3.13 V              ; -0.229 V            ; 0.132 V                              ; 0.377 V                              ; 4.37e-10 s                  ; 1.58e-10 s                  ; Yes                        ; No                         ; 3.08 V                      ; 2.01e-07 V                  ; 3.13 V             ; -0.229 V           ; 0.132 V                             ; 0.377 V                             ; 4.37e-10 s                 ; 1.58e-10 s                 ; Yes                       ; No                        ;
; HEX2[3] ; 3.3-V LVTTL  ; 0 s                 ; 0 s                 ; 3.08 V                       ; 1.58e-07 V                   ; 3.09 V              ; -0.13 V             ; 0.032 V                              ; 0.298 V                              ; 4.39e-10 s                  ; 1.69e-10 s                  ; Yes                        ; Yes                        ; 3.08 V                      ; 1.58e-07 V                  ; 3.09 V             ; -0.13 V            ; 0.032 V                             ; 0.298 V                             ; 4.39e-10 s                 ; 1.69e-10 s                 ; Yes                       ; Yes                       ;
; HEX2[4] ; 3.3-V LVTTL  ; 0 s                 ; 0 s                 ; 3.08 V                       ; 1.58e-07 V                   ; 3.09 V              ; -0.13 V             ; 0.032 V                              ; 0.298 V                              ; 4.39e-10 s                  ; 1.69e-10 s                  ; Yes                        ; Yes                        ; 3.08 V                      ; 1.58e-07 V                  ; 3.09 V             ; -0.13 V            ; 0.032 V                             ; 0.298 V                             ; 4.39e-10 s                 ; 1.69e-10 s                 ; Yes                       ; Yes                       ;
; HEX2[5] ; 3.3-V LVTTL  ; 0 s                 ; 0 s                 ; 3.08 V                       ; 2.01e-07 V                   ; 3.13 V              ; -0.229 V            ; 0.132 V                              ; 0.377 V                              ; 4.37e-10 s                  ; 1.58e-10 s                  ; Yes                        ; No                         ; 3.08 V                      ; 2.01e-07 V                  ; 3.13 V             ; -0.229 V           ; 0.132 V                             ; 0.377 V                             ; 4.37e-10 s                 ; 1.58e-10 s                 ; Yes                       ; No                        ;
; HEX2[6] ; 3.3-V LVTTL  ; 0 s                 ; 0 s                 ; 3.08 V                       ; 2.01e-07 V                   ; 3.13 V              ; -0.229 V            ; 0.131 V                              ; 0.38 V                               ; 4.37e-10 s                  ; 1.58e-10 s                  ; Yes                        ; No                         ; 3.08 V                      ; 2.01e-07 V                  ; 3.13 V             ; -0.229 V           ; 0.131 V                             ; 0.38 V                              ; 4.37e-10 s                 ; 1.58e-10 s                 ; Yes                       ; No                        ;
; HEX3[0] ; 3.3-V LVTTL  ; 0 s                 ; 0 s                 ; 3.08 V                       ; 1.58e-07 V                   ; 3.09 V              ; -0.13 V             ; 0.032 V                              ; 0.298 V                              ; 4.39e-10 s                  ; 1.69e-10 s                  ; Yes                        ; Yes                        ; 3.08 V                      ; 1.58e-07 V                  ; 3.09 V             ; -0.13 V            ; 0.032 V                             ; 0.298 V                             ; 4.39e-10 s                 ; 1.69e-10 s                 ; Yes                       ; Yes                       ;
; HEX3[1] ; 3.3-V LVTTL  ; 0 s                 ; 0 s                 ; 3.08 V                       ; 2.1e-07 V                    ; 3.12 V              ; -0.169 V            ; 0.165 V                              ; 0.384 V                              ; 4.57e-10 s                  ; 1.75e-10 s                  ; Yes                        ; No                         ; 3.08 V                      ; 2.1e-07 V                   ; 3.12 V             ; -0.169 V           ; 0.165 V                             ; 0.384 V                             ; 4.57e-10 s                 ; 1.75e-10 s                 ; Yes                       ; No                        ;
; HEX3[2] ; 3.3-V LVTTL  ; 0 s                 ; 0 s                 ; 3.08 V                       ; 2.1e-07 V                    ; 3.12 V              ; -0.169 V            ; 0.165 V                              ; 0.384 V                              ; 4.57e-10 s                  ; 1.75e-10 s                  ; Yes                        ; No                         ; 3.08 V                      ; 2.1e-07 V                   ; 3.12 V             ; -0.169 V           ; 0.165 V                             ; 0.384 V                             ; 4.57e-10 s                 ; 1.75e-10 s                 ; Yes                       ; No                        ;
; HEX3[3] ; 3.3-V LVTTL  ; 0 s                 ; 0 s                 ; 3.08 V                       ; 1.58e-07 V                   ; 3.09 V              ; -0.13 V             ; 0.032 V                              ; 0.298 V                              ; 4.39e-10 s                  ; 1.69e-10 s                  ; Yes                        ; Yes                        ; 3.08 V                      ; 1.58e-07 V                  ; 3.09 V             ; -0.13 V            ; 0.032 V                             ; 0.298 V                             ; 4.39e-10 s                 ; 1.69e-10 s                 ; Yes                       ; Yes                       ;
; HEX3[4] ; 3.3-V LVTTL  ; 0 s                 ; 0 s                 ; 3.08 V                       ; 2.1e-07 V                    ; 3.12 V              ; -0.169 V            ; 0.165 V                              ; 0.384 V                              ; 4.57e-10 s                  ; 1.75e-10 s                  ; Yes                        ; No                         ; 3.08 V                      ; 2.1e-07 V                   ; 3.12 V             ; -0.169 V           ; 0.165 V                             ; 0.384 V                             ; 4.57e-10 s                 ; 1.75e-10 s                 ; Yes                       ; No                        ;
; HEX3[5] ; 3.3-V LVTTL  ; 0 s                 ; 0 s                 ; 3.08 V                       ; 2.1e-07 V                    ; 3.12 V              ; -0.169 V            ; 0.165 V                              ; 0.384 V                              ; 4.57e-10 s                  ; 1.75e-10 s                  ; Yes                        ; No                         ; 3.08 V                      ; 2.1e-07 V                   ; 3.12 V             ; -0.169 V           ; 0.165 V                             ; 0.384 V                             ; 4.57e-10 s                 ; 1.75e-10 s                 ; Yes                       ; No                        ;
; HEX3[6] ; 3.3-V LVTTL  ; 0 s                 ; 0 s                 ; 3.08 V                       ; 1.58e-07 V                   ; 3.09 V              ; -0.13 V             ; 0.032 V                              ; 0.298 V                              ; 4.39e-10 s                  ; 1.69e-10 s                  ; Yes                        ; Yes                        ; 3.08 V                      ; 1.58e-07 V                  ; 3.09 V             ; -0.13 V            ; 0.032 V                             ; 0.298 V                             ; 4.39e-10 s                 ; 1.69e-10 s                 ; Yes                       ; Yes                       ;
; HEX4[0] ; 3.3-V LVTTL  ; 0 s                 ; 0 s                 ; 3.08 V                       ; 2.01e-07 V                   ; 3.13 V              ; -0.229 V            ; 0.131 V                              ; 0.38 V                               ; 4.37e-10 s                  ; 1.58e-10 s                  ; Yes                        ; No                         ; 3.08 V                      ; 2.01e-07 V                  ; 3.13 V             ; -0.229 V           ; 0.131 V                             ; 0.38 V                              ; 4.37e-10 s                 ; 1.58e-10 s                 ; Yes                       ; No                        ;
; HEX4[1] ; 3.3-V LVTTL  ; 0 s                 ; 0 s                 ; 3.08 V                       ; 1.58e-07 V                   ; 3.09 V              ; -0.13 V             ; 0.032 V                              ; 0.298 V                              ; 4.39e-10 s                  ; 1.69e-10 s                  ; Yes                        ; Yes                        ; 3.08 V                      ; 1.58e-07 V                  ; 3.09 V             ; -0.13 V            ; 0.032 V                             ; 0.298 V                             ; 4.39e-10 s                 ; 1.69e-10 s                 ; Yes                       ; Yes                       ;
; HEX4[2] ; 3.3-V LVTTL  ; 0 s                 ; 0 s                 ; 3.08 V                       ; 1.58e-07 V                   ; 3.09 V              ; -0.13 V             ; 0.032 V                              ; 0.298 V                              ; 4.39e-10 s                  ; 1.69e-10 s                  ; Yes                        ; Yes                        ; 3.08 V                      ; 1.58e-07 V                  ; 3.09 V             ; -0.13 V            ; 0.032 V                             ; 0.298 V                             ; 4.39e-10 s                 ; 1.69e-10 s                 ; Yes                       ; Yes                       ;
; HEX4[3] ; 3.3-V LVTTL  ; 0 s                 ; 0 s                 ; 3.08 V                       ; 1.58e-07 V                   ; 3.09 V              ; -0.13 V             ; 0.032 V                              ; 0.298 V                              ; 4.39e-10 s                  ; 1.69e-10 s                  ; Yes                        ; Yes                        ; 3.08 V                      ; 1.58e-07 V                  ; 3.09 V             ; -0.13 V            ; 0.032 V                             ; 0.298 V                             ; 4.39e-10 s                 ; 1.69e-10 s                 ; Yes                       ; Yes                       ;
; HEX4[4] ; 3.3-V LVTTL  ; 0 s                 ; 0 s                 ; 3.08 V                       ; 2.1e-07 V                    ; 3.12 V              ; -0.169 V            ; 0.165 V                              ; 0.384 V                              ; 4.57e-10 s                  ; 1.75e-10 s                  ; Yes                        ; No                         ; 3.08 V                      ; 2.1e-07 V                   ; 3.12 V             ; -0.169 V           ; 0.165 V                             ; 0.384 V                             ; 4.57e-10 s                 ; 1.75e-10 s                 ; Yes                       ; No                        ;
; HEX4[5] ; 3.3-V LVTTL  ; 0 s                 ; 0 s                 ; 3.08 V                       ; 2.1e-07 V                    ; 3.12 V              ; -0.169 V            ; 0.165 V                              ; 0.384 V                              ; 4.57e-10 s                  ; 1.75e-10 s                  ; Yes                        ; No                         ; 3.08 V                      ; 2.1e-07 V                   ; 3.12 V             ; -0.169 V           ; 0.165 V                             ; 0.384 V                             ; 4.57e-10 s                 ; 1.75e-10 s                 ; Yes                       ; No                        ;
; HEX4[6] ; 3.3-V LVTTL  ; 0 s                 ; 0 s                 ; 3.08 V                       ; 1.58e-07 V                   ; 3.09 V              ; -0.13 V             ; 0.032 V                              ; 0.298 V                              ; 4.39e-10 s                  ; 1.69e-10 s                  ; Yes                        ; Yes                        ; 3.08 V                      ; 1.58e-07 V                  ; 3.09 V             ; -0.13 V            ; 0.032 V                             ; 0.298 V                             ; 4.39e-10 s                 ; 1.69e-10 s                 ; Yes                       ; Yes                       ;
; HEX5[0] ; 3.3-V LVTTL  ; 0 s                 ; 0 s                 ; 3.08 V                       ; 2.1e-07 V                    ; 3.12 V              ; -0.169 V            ; 0.165 V                              ; 0.384 V                              ; 4.57e-10 s                  ; 1.75e-10 s                  ; Yes                        ; No                         ; 3.08 V                      ; 2.1e-07 V                   ; 3.12 V             ; -0.169 V           ; 0.165 V                             ; 0.384 V                             ; 4.57e-10 s                 ; 1.75e-10 s                 ; Yes                       ; No                        ;
; HEX5[1] ; 3.3-V LVTTL  ; 0 s                 ; 0 s                 ; 3.08 V                       ; 1.58e-07 V                   ; 3.09 V              ; -0.13 V             ; 0.032 V                              ; 0.298 V                              ; 4.39e-10 s                  ; 1.69e-10 s                  ; Yes                        ; Yes                        ; 3.08 V                      ; 1.58e-07 V                  ; 3.09 V             ; -0.13 V            ; 0.032 V                             ; 0.298 V                             ; 4.39e-10 s                 ; 1.69e-10 s                 ; Yes                       ; Yes                       ;
; HEX5[2] ; 3.3-V LVTTL  ; 0 s                 ; 0 s                 ; 3.08 V                       ; 1.58e-07 V                   ; 3.09 V              ; -0.13 V             ; 0.032 V                              ; 0.298 V                              ; 4.39e-10 s                  ; 1.69e-10 s                  ; Yes                        ; Yes                        ; 3.08 V                      ; 1.58e-07 V                  ; 3.09 V             ; -0.13 V            ; 0.032 V                             ; 0.298 V                             ; 4.39e-10 s                 ; 1.69e-10 s                 ; Yes                       ; Yes                       ;
; HEX5[3] ; 3.3-V LVTTL  ; 0 s                 ; 0 s                 ; 3.08 V                       ; 1.58e-07 V                   ; 3.09 V              ; -0.13 V             ; 0.032 V                              ; 0.298 V                              ; 4.39e-10 s                  ; 1.69e-10 s                  ; Yes                        ; Yes                        ; 3.08 V                      ; 1.58e-07 V                  ; 3.09 V             ; -0.13 V            ; 0.032 V                             ; 0.298 V                             ; 4.39e-10 s                 ; 1.69e-10 s                 ; Yes                       ; Yes                       ;
; HEX5[4] ; 3.3-V LVTTL  ; 0 s                 ; 0 s                 ; 3.08 V                       ; 2.01e-07 V                   ; 3.13 V              ; -0.229 V            ; 0.132 V                              ; 0.377 V                              ; 4.37e-10 s                  ; 1.58e-10 s                  ; Yes                        ; No                         ; 3.08 V                      ; 2.01e-07 V                  ; 3.13 V             ; -0.229 V           ; 0.132 V                             ; 0.377 V                             ; 4.37e-10 s                 ; 1.58e-10 s                 ; Yes                       ; No                        ;
; HEX5[5] ; 3.3-V LVTTL  ; 0 s                 ; 0 s                 ; 3.08 V                       ; 2.01e-07 V                   ; 3.13 V              ; -0.229 V            ; 0.131 V                              ; 0.38 V                               ; 4.37e-10 s                  ; 1.58e-10 s                  ; Yes                        ; No                         ; 3.08 V                      ; 2.01e-07 V                  ; 3.13 V             ; -0.229 V           ; 0.131 V                             ; 0.38 V                              ; 4.37e-10 s                 ; 1.58e-10 s                 ; Yes                       ; No                        ;
; HEX5[6] ; 3.3-V LVTTL  ; 0 s                 ; 0 s                 ; 3.08 V                       ; 2.1e-07 V                    ; 3.12 V              ; -0.169 V            ; 0.165 V                              ; 0.384 V                              ; 4.57e-10 s                  ; 1.75e-10 s                  ; Yes                        ; No                         ; 3.08 V                      ; 2.1e-07 V                   ; 3.12 V             ; -0.169 V           ; 0.165 V                             ; 0.384 V                             ; 4.57e-10 s                 ; 1.75e-10 s                 ; Yes                       ; No                        ;
+---------+--------------+---------------------+---------------------+------------------------------+------------------------------+---------------------+---------------------+--------------------------------------+--------------------------------------+-----------------------------+-----------------------------+----------------------------+----------------------------+-----------------------------+-----------------------------+--------------------+--------------------+-------------------------------------+-------------------------------------+----------------------------+----------------------------+---------------------------+---------------------------+


+--------------------------------------------------------------------------------------------------------------------------------------------------------------------------------------------------------------------------------------------------------------------------------------------------------------------------------------------------------------------------------------------------------------------------------------------------------------------------------------------------------------------------------------------------------------------------------------------------------------------------------------------------------------------------------------+
; Signal Integrity Metrics (Slow 1100mv 85c Model)                                                                                                                                                                                                                                                                                                                                                                                                                                                                                                                                                                                                                                     ;
+---------+--------------+---------------------+---------------------+------------------------------+------------------------------+---------------------+---------------------+--------------------------------------+--------------------------------------+-----------------------------+-----------------------------+----------------------------+----------------------------+-----------------------------+-----------------------------+--------------------+--------------------+-------------------------------------+-------------------------------------+----------------------------+----------------------------+---------------------------+---------------------------+
; Pin     ; I/O Standard ; Board Delay on Rise ; Board Delay on Fall ; Steady State Voh at FPGA Pin ; Steady State Vol at FPGA Pin ; Voh Max at FPGA Pin ; Vol Min at FPGA Pin ; Ringback Voltage on Rise at FPGA Pin ; Ringback Voltage on Fall at FPGA Pin ; 10-90 Rise Time at FPGA Pin ; 90-10 Fall Time at FPGA Pin ; Monotonic Rise at FPGA Pin ; Monotonic Fall at FPGA Pin ; Steady State Voh at Far-end ; Steady State Vol at Far-end ; Voh Max at Far-end ; Vol Min at Far-end ; Ringback Voltage on Rise at Far-end ; Ringback Voltage on Fall at Far-end ; 10-90 Rise Time at Far-end ; 90-10 Fall Time at Far-end ; Monotonic Rise at Far-end ; Monotonic Fall at Far-end ;
+---------+--------------+---------------------+---------------------+------------------------------+------------------------------+---------------------+---------------------+--------------------------------------+--------------------------------------+-----------------------------+-----------------------------+----------------------------+----------------------------+-----------------------------+-----------------------------+--------------------+--------------------+-------------------------------------+-------------------------------------+----------------------------+----------------------------+---------------------------+---------------------------+
; LEDR[0] ; 3.3-V LVTTL  ; 0 s                 ; 0 s                 ; 3.08 V                       ; 2.02e-05 V                   ; 3.11 V              ; -0.117 V            ; 0.087 V                              ; 0.147 V                              ; 5.3e-10 s                   ; 3.14e-10 s                  ; Yes                        ; No                         ; 3.08 V                      ; 2.02e-05 V                  ; 3.11 V             ; -0.117 V           ; 0.087 V                             ; 0.147 V                             ; 5.3e-10 s                  ; 3.14e-10 s                 ; Yes                       ; No                        ;
; LEDR[1] ; 3.3-V LVTTL  ; 0 s                 ; 0 s                 ; 3.08 V                       ; 2.02e-05 V                   ; 3.11 V              ; -0.117 V            ; 0.087 V                              ; 0.148 V                              ; 5.31e-10 s                  ; 3.14e-10 s                  ; Yes                        ; No                         ; 3.08 V                      ; 2.02e-05 V                  ; 3.11 V             ; -0.117 V           ; 0.087 V                             ; 0.148 V                             ; 5.31e-10 s                 ; 3.14e-10 s                 ; Yes                       ; No                        ;
; LEDR[2] ; 3.3-V LVTTL  ; 0 s                 ; 0 s                 ; 3.08 V                       ; 1.66e-05 V                   ; 3.09 V              ; -0.0542 V           ; 0.04 V                               ; 0.089 V                              ; 5.35e-10 s                  ; 3.01e-10 s                  ; Yes                        ; Yes                        ; 3.08 V                      ; 1.66e-05 V                  ; 3.09 V             ; -0.0542 V          ; 0.04 V                              ; 0.089 V                             ; 5.35e-10 s                 ; 3.01e-10 s                 ; Yes                       ; Yes                       ;
; LEDR[3] ; 3.3-V LVTTL  ; 0 s                 ; 0 s                 ; 3.08 V                       ; 2.1e-05 V                    ; 3.11 V              ; -0.0931 V           ; 0.115 V                              ; 0.142 V                              ; 5.74e-10 s                  ; 3.17e-10 s                  ; Yes                        ; Yes                        ; 3.08 V                      ; 2.1e-05 V                   ; 3.11 V             ; -0.0931 V          ; 0.115 V                             ; 0.142 V                             ; 5.74e-10 s                 ; 3.17e-10 s                 ; Yes                       ; Yes                       ;
; HEX0[0] ; 3.3-V LVTTL  ; 0 s                 ; 0 s                 ; 3.08 V                       ; 2.02e-05 V                   ; 3.11 V              ; -0.117 V            ; 0.087 V                              ; 0.148 V                              ; 5.31e-10 s                  ; 3.14e-10 s                  ; Yes                        ; No                         ; 3.08 V                      ; 2.02e-05 V                  ; 3.11 V             ; -0.117 V           ; 0.087 V                             ; 0.148 V                             ; 5.31e-10 s                 ; 3.14e-10 s                 ; Yes                       ; No                        ;
; HEX0[1] ; 3.3-V LVTTL  ; 0 s                 ; 0 s                 ; 3.08 V                       ; 2.02e-05 V                   ; 3.11 V              ; -0.117 V            ; 0.087 V                              ; 0.147 V                              ; 5.3e-10 s                   ; 3.14e-10 s                  ; Yes                        ; No                         ; 3.08 V                      ; 2.02e-05 V                  ; 3.11 V             ; -0.117 V           ; 0.087 V                             ; 0.147 V                             ; 5.3e-10 s                  ; 3.14e-10 s                 ; Yes                       ; No                        ;
; HEX0[2] ; 3.3-V LVTTL  ; 0 s                 ; 0 s                 ; 3.08 V                       ; 2.02e-05 V                   ; 3.11 V              ; -0.117 V            ; 0.087 V                              ; 0.147 V                              ; 5.3e-10 s                   ; 3.14e-10 s                  ; Yes                        ; No                         ; 3.08 V                      ; 2.02e-05 V                  ; 3.11 V             ; -0.117 V           ; 0.087 V                             ; 0.147 V                             ; 5.3e-10 s                  ; 3.14e-10 s                 ; Yes                       ; No                        ;
; HEX0[3] ; 3.3-V LVTTL  ; 0 s                 ; 0 s                 ; 3.08 V                       ; 2.02e-05 V                   ; 3.11 V              ; -0.117 V            ; 0.087 V                              ; 0.147 V                              ; 5.3e-10 s                   ; 3.14e-10 s                  ; Yes                        ; No                         ; 3.08 V                      ; 2.02e-05 V                  ; 3.11 V             ; -0.117 V           ; 0.087 V                             ; 0.147 V                             ; 5.3e-10 s                  ; 3.14e-10 s                 ; Yes                       ; No                        ;
; HEX0[4] ; 3.3-V LVTTL  ; 0 s                 ; 0 s                 ; 3.08 V                       ; 2.02e-05 V                   ; 3.11 V              ; -0.117 V            ; 0.087 V                              ; 0.148 V                              ; 5.31e-10 s                  ; 3.14e-10 s                  ; Yes                        ; No                         ; 3.08 V                      ; 2.02e-05 V                  ; 3.11 V             ; -0.117 V           ; 0.087 V                             ; 0.148 V                             ; 5.31e-10 s                 ; 3.14e-10 s                 ; Yes                       ; No                        ;
; HEX0[5] ; 3.3-V LVTTL  ; 0 s                 ; 0 s                 ; 3.08 V                       ; 2.02e-05 V                   ; 3.11 V              ; -0.117 V            ; 0.087 V                              ; 0.148 V                              ; 5.31e-10 s                  ; 3.14e-10 s                  ; Yes                        ; No                         ; 3.08 V                      ; 2.02e-05 V                  ; 3.11 V             ; -0.117 V           ; 0.087 V                             ; 0.148 V                             ; 5.31e-10 s                 ; 3.14e-10 s                 ; Yes                       ; No                        ;
; HEX0[6] ; 3.3-V LVTTL  ; 0 s                 ; 0 s                 ; 3.08 V                       ; 2.02e-05 V                   ; 3.11 V              ; -0.117 V            ; 0.087 V                              ; 0.147 V                              ; 5.3e-10 s                   ; 3.14e-10 s                  ; Yes                        ; No                         ; 3.08 V                      ; 2.02e-05 V                  ; 3.11 V             ; -0.117 V           ; 0.087 V                             ; 0.147 V                             ; 5.3e-10 s                  ; 3.14e-10 s                 ; Yes                       ; No                        ;
; HEX1[0] ; 3.3-V LVTTL  ; 0 s                 ; 0 s                 ; 3.08 V                       ; 2.02e-05 V                   ; 3.11 V              ; -0.117 V            ; 0.087 V                              ; 0.147 V                              ; 5.3e-10 s                   ; 3.14e-10 s                  ; Yes                        ; No                         ; 3.08 V                      ; 2.02e-05 V                  ; 3.11 V             ; -0.117 V           ; 0.087 V                             ; 0.147 V                             ; 5.3e-10 s                  ; 3.14e-10 s                 ; Yes                       ; No                        ;
; HEX1[1] ; 3.3-V LVTTL  ; 0 s                 ; 0 s                 ; 3.08 V                       ; 2.02e-05 V                   ; 3.11 V              ; -0.117 V            ; 0.087 V                              ; 0.148 V                              ; 5.31e-10 s                  ; 3.14e-10 s                  ; Yes                        ; No                         ; 3.08 V                      ; 2.02e-05 V                  ; 3.11 V             ; -0.117 V           ; 0.087 V                             ; 0.148 V                             ; 5.31e-10 s                 ; 3.14e-10 s                 ; Yes                       ; No                        ;
; HEX1[2] ; 3.3-V LVTTL  ; 0 s                 ; 0 s                 ; 3.08 V                       ; 2.02e-05 V                   ; 3.11 V              ; -0.117 V            ; 0.087 V                              ; 0.148 V                              ; 5.31e-10 s                  ; 3.14e-10 s                  ; Yes                        ; No                         ; 3.08 V                      ; 2.02e-05 V                  ; 3.11 V             ; -0.117 V           ; 0.087 V                             ; 0.148 V                             ; 5.31e-10 s                 ; 3.14e-10 s                 ; Yes                       ; No                        ;
; HEX1[3] ; 3.3-V LVTTL  ; 0 s                 ; 0 s                 ; 3.08 V                       ; 2.02e-05 V                   ; 3.11 V              ; -0.117 V            ; 0.087 V                              ; 0.147 V                              ; 5.3e-10 s                   ; 3.14e-10 s                  ; Yes                        ; No                         ; 3.08 V                      ; 2.02e-05 V                  ; 3.11 V             ; -0.117 V           ; 0.087 V                             ; 0.147 V                             ; 5.3e-10 s                  ; 3.14e-10 s                 ; Yes                       ; No                        ;
; HEX1[4] ; 3.3-V LVTTL  ; 0 s                 ; 0 s                 ; 3.08 V                       ; 2.02e-05 V                   ; 3.11 V              ; -0.117 V            ; 0.087 V                              ; 0.147 V                              ; 5.3e-10 s                   ; 3.14e-10 s                  ; Yes                        ; No                         ; 3.08 V                      ; 2.02e-05 V                  ; 3.11 V             ; -0.117 V           ; 0.087 V                             ; 0.147 V                             ; 5.3e-10 s                  ; 3.14e-10 s                 ; Yes                       ; No                        ;
; HEX1[5] ; 3.3-V LVTTL  ; 0 s                 ; 0 s                 ; 3.08 V                       ; 2.02e-05 V                   ; 3.11 V              ; -0.117 V            ; 0.087 V                              ; 0.148 V                              ; 5.31e-10 s                  ; 3.14e-10 s                  ; Yes                        ; No                         ; 3.08 V                      ; 2.02e-05 V                  ; 3.11 V             ; -0.117 V           ; 0.087 V                             ; 0.148 V                             ; 5.31e-10 s                 ; 3.14e-10 s                 ; Yes                       ; No                        ;
; HEX1[6] ; 3.3-V LVTTL  ; 0 s                 ; 0 s                 ; 3.08 V                       ; 2.02e-05 V                   ; 3.11 V              ; -0.117 V            ; 0.087 V                              ; 0.148 V                              ; 5.31e-10 s                  ; 3.14e-10 s                  ; Yes                        ; No                         ; 3.08 V                      ; 2.02e-05 V                  ; 3.11 V             ; -0.117 V           ; 0.087 V                             ; 0.148 V                             ; 5.31e-10 s                 ; 3.14e-10 s                 ; Yes                       ; No                        ;
; HEX2[0] ; 3.3-V LVTTL  ; 0 s                 ; 0 s                 ; 3.08 V                       ; 2.1e-05 V                    ; 3.11 V              ; -0.0931 V           ; 0.115 V                              ; 0.142 V                              ; 5.74e-10 s                  ; 3.17e-10 s                  ; Yes                        ; Yes                        ; 3.08 V                      ; 2.1e-05 V                   ; 3.11 V             ; -0.0931 V          ; 0.115 V                             ; 0.142 V                             ; 5.74e-10 s                 ; 3.17e-10 s                 ; Yes                       ; Yes                       ;
; HEX2[1] ; 3.3-V LVTTL  ; 0 s                 ; 0 s                 ; 3.08 V                       ; 2.02e-05 V                   ; 3.11 V              ; -0.117 V            ; 0.087 V                              ; 0.148 V                              ; 5.31e-10 s                  ; 3.14e-10 s                  ; Yes                        ; No                         ; 3.08 V                      ; 2.02e-05 V                  ; 3.11 V             ; -0.117 V           ; 0.087 V                             ; 0.148 V                             ; 5.31e-10 s                 ; 3.14e-10 s                 ; Yes                       ; No                        ;
; HEX2[2] ; 3.3-V LVTTL  ; 0 s                 ; 0 s                 ; 3.08 V                       ; 2.02e-05 V                   ; 3.11 V              ; -0.117 V            ; 0.087 V                              ; 0.148 V                              ; 5.31e-10 s                  ; 3.14e-10 s                  ; Yes                        ; No                         ; 3.08 V                      ; 2.02e-05 V                  ; 3.11 V             ; -0.117 V           ; 0.087 V                             ; 0.148 V                             ; 5.31e-10 s                 ; 3.14e-10 s                 ; Yes                       ; No                        ;
; HEX2[3] ; 3.3-V LVTTL  ; 0 s                 ; 0 s                 ; 3.08 V                       ; 1.66e-05 V                   ; 3.09 V              ; -0.0542 V           ; 0.04 V                               ; 0.089 V                              ; 5.35e-10 s                  ; 3.01e-10 s                  ; Yes                        ; Yes                        ; 3.08 V                      ; 1.66e-05 V                  ; 3.09 V             ; -0.0542 V          ; 0.04 V                              ; 0.089 V                             ; 5.35e-10 s                 ; 3.01e-10 s                 ; Yes                       ; Yes                       ;
; HEX2[4] ; 3.3-V LVTTL  ; 0 s                 ; 0 s                 ; 3.08 V                       ; 1.66e-05 V                   ; 3.09 V              ; -0.0542 V           ; 0.04 V                               ; 0.089 V                              ; 5.35e-10 s                  ; 3.01e-10 s                  ; Yes                        ; Yes                        ; 3.08 V                      ; 1.66e-05 V                  ; 3.09 V             ; -0.0542 V          ; 0.04 V                              ; 0.089 V                             ; 5.35e-10 s                 ; 3.01e-10 s                 ; Yes                       ; Yes                       ;
; HEX2[5] ; 3.3-V LVTTL  ; 0 s                 ; 0 s                 ; 3.08 V                       ; 2.02e-05 V                   ; 3.11 V              ; -0.117 V            ; 0.087 V                              ; 0.148 V                              ; 5.31e-10 s                  ; 3.14e-10 s                  ; Yes                        ; No                         ; 3.08 V                      ; 2.02e-05 V                  ; 3.11 V             ; -0.117 V           ; 0.087 V                             ; 0.148 V                             ; 5.31e-10 s                 ; 3.14e-10 s                 ; Yes                       ; No                        ;
; HEX2[6] ; 3.3-V LVTTL  ; 0 s                 ; 0 s                 ; 3.08 V                       ; 2.02e-05 V                   ; 3.11 V              ; -0.117 V            ; 0.087 V                              ; 0.147 V                              ; 5.3e-10 s                   ; 3.14e-10 s                  ; Yes                        ; No                         ; 3.08 V                      ; 2.02e-05 V                  ; 3.11 V             ; -0.117 V           ; 0.087 V                             ; 0.147 V                             ; 5.3e-10 s                  ; 3.14e-10 s                 ; Yes                       ; No                        ;
; HEX3[0] ; 3.3-V LVTTL  ; 0 s                 ; 0 s                 ; 3.08 V                       ; 1.66e-05 V                   ; 3.09 V              ; -0.0542 V           ; 0.04 V                               ; 0.089 V                              ; 5.35e-10 s                  ; 3.01e-10 s                  ; Yes                        ; Yes                        ; 3.08 V                      ; 1.66e-05 V                  ; 3.09 V             ; -0.0542 V          ; 0.04 V                              ; 0.089 V                             ; 5.35e-10 s                 ; 3.01e-10 s                 ; Yes                       ; Yes                       ;
; HEX3[1] ; 3.3-V LVTTL  ; 0 s                 ; 0 s                 ; 3.08 V                       ; 2.1e-05 V                    ; 3.11 V              ; -0.0931 V           ; 0.115 V                              ; 0.142 V                              ; 5.74e-10 s                  ; 3.17e-10 s                  ; Yes                        ; Yes                        ; 3.08 V                      ; 2.1e-05 V                   ; 3.11 V             ; -0.0931 V          ; 0.115 V                             ; 0.142 V                             ; 5.74e-10 s                 ; 3.17e-10 s                 ; Yes                       ; Yes                       ;
; HEX3[2] ; 3.3-V LVTTL  ; 0 s                 ; 0 s                 ; 3.08 V                       ; 2.1e-05 V                    ; 3.11 V              ; -0.0931 V           ; 0.115 V                              ; 0.142 V                              ; 5.74e-10 s                  ; 3.17e-10 s                  ; Yes                        ; Yes                        ; 3.08 V                      ; 2.1e-05 V                   ; 3.11 V             ; -0.0931 V          ; 0.115 V                             ; 0.142 V                             ; 5.74e-10 s                 ; 3.17e-10 s                 ; Yes                       ; Yes                       ;
; HEX3[3] ; 3.3-V LVTTL  ; 0 s                 ; 0 s                 ; 3.08 V                       ; 1.66e-05 V                   ; 3.09 V              ; -0.0542 V           ; 0.04 V                               ; 0.089 V                              ; 5.35e-10 s                  ; 3.01e-10 s                  ; Yes                        ; Yes                        ; 3.08 V                      ; 1.66e-05 V                  ; 3.09 V             ; -0.0542 V          ; 0.04 V                              ; 0.089 V                             ; 5.35e-10 s                 ; 3.01e-10 s                 ; Yes                       ; Yes                       ;
; HEX3[4] ; 3.3-V LVTTL  ; 0 s                 ; 0 s                 ; 3.08 V                       ; 2.1e-05 V                    ; 3.11 V              ; -0.0931 V           ; 0.115 V                              ; 0.142 V                              ; 5.74e-10 s                  ; 3.17e-10 s                  ; Yes                        ; Yes                        ; 3.08 V                      ; 2.1e-05 V                   ; 3.11 V             ; -0.0931 V          ; 0.115 V                             ; 0.142 V                             ; 5.74e-10 s                 ; 3.17e-10 s                 ; Yes                       ; Yes                       ;
; HEX3[5] ; 3.3-V LVTTL  ; 0 s                 ; 0 s                 ; 3.08 V                       ; 2.1e-05 V                    ; 3.11 V              ; -0.0931 V           ; 0.115 V                              ; 0.142 V                              ; 5.74e-10 s                  ; 3.17e-10 s                  ; Yes                        ; Yes                        ; 3.08 V                      ; 2.1e-05 V                   ; 3.11 V             ; -0.0931 V          ; 0.115 V                             ; 0.142 V                             ; 5.74e-10 s                 ; 3.17e-10 s                 ; Yes                       ; Yes                       ;
; HEX3[6] ; 3.3-V LVTTL  ; 0 s                 ; 0 s                 ; 3.08 V                       ; 1.66e-05 V                   ; 3.09 V              ; -0.0542 V           ; 0.04 V                               ; 0.089 V                              ; 5.35e-10 s                  ; 3.01e-10 s                  ; Yes                        ; Yes                        ; 3.08 V                      ; 1.66e-05 V                  ; 3.09 V             ; -0.0542 V          ; 0.04 V                              ; 0.089 V                             ; 5.35e-10 s                 ; 3.01e-10 s                 ; Yes                       ; Yes                       ;
; HEX4[0] ; 3.3-V LVTTL  ; 0 s                 ; 0 s                 ; 3.08 V                       ; 2.02e-05 V                   ; 3.11 V              ; -0.117 V            ; 0.087 V                              ; 0.147 V                              ; 5.3e-10 s                   ; 3.14e-10 s                  ; Yes                        ; No                         ; 3.08 V                      ; 2.02e-05 V                  ; 3.11 V             ; -0.117 V           ; 0.087 V                             ; 0.147 V                             ; 5.3e-10 s                  ; 3.14e-10 s                 ; Yes                       ; No                        ;
; HEX4[1] ; 3.3-V LVTTL  ; 0 s                 ; 0 s                 ; 3.08 V                       ; 1.66e-05 V                   ; 3.09 V              ; -0.0542 V           ; 0.04 V                               ; 0.089 V                              ; 5.35e-10 s                  ; 3.01e-10 s                  ; Yes                        ; Yes                        ; 3.08 V                      ; 1.66e-05 V                  ; 3.09 V             ; -0.0542 V          ; 0.04 V                              ; 0.089 V                             ; 5.35e-10 s                 ; 3.01e-10 s                 ; Yes                       ; Yes                       ;
; HEX4[2] ; 3.3-V LVTTL  ; 0 s                 ; 0 s                 ; 3.08 V                       ; 1.66e-05 V                   ; 3.09 V              ; -0.0542 V           ; 0.04 V                               ; 0.089 V                              ; 5.35e-10 s                  ; 3.01e-10 s                  ; Yes                        ; Yes                        ; 3.08 V                      ; 1.66e-05 V                  ; 3.09 V             ; -0.0542 V          ; 0.04 V                              ; 0.089 V                             ; 5.35e-10 s                 ; 3.01e-10 s                 ; Yes                       ; Yes                       ;
; HEX4[3] ; 3.3-V LVTTL  ; 0 s                 ; 0 s                 ; 3.08 V                       ; 1.66e-05 V                   ; 3.09 V              ; -0.0542 V           ; 0.04 V                               ; 0.089 V                              ; 5.35e-10 s                  ; 3.01e-10 s                  ; Yes                        ; Yes                        ; 3.08 V                      ; 1.66e-05 V                  ; 3.09 V             ; -0.0542 V          ; 0.04 V                              ; 0.089 V                             ; 5.35e-10 s                 ; 3.01e-10 s                 ; Yes                       ; Yes                       ;
; HEX4[4] ; 3.3-V LVTTL  ; 0 s                 ; 0 s                 ; 3.08 V                       ; 2.1e-05 V                    ; 3.11 V              ; -0.0931 V           ; 0.115 V                              ; 0.142 V                              ; 5.74e-10 s                  ; 3.17e-10 s                  ; Yes                        ; Yes                        ; 3.08 V                      ; 2.1e-05 V                   ; 3.11 V             ; -0.0931 V          ; 0.115 V                             ; 0.142 V                             ; 5.74e-10 s                 ; 3.17e-10 s                 ; Yes                       ; Yes                       ;
; HEX4[5] ; 3.3-V LVTTL  ; 0 s                 ; 0 s                 ; 3.08 V                       ; 2.1e-05 V                    ; 3.11 V              ; -0.0931 V           ; 0.115 V                              ; 0.142 V                              ; 5.74e-10 s                  ; 3.17e-10 s                  ; Yes                        ; Yes                        ; 3.08 V                      ; 2.1e-05 V                   ; 3.11 V             ; -0.0931 V          ; 0.115 V                             ; 0.142 V                             ; 5.74e-10 s                 ; 3.17e-10 s                 ; Yes                       ; Yes                       ;
; HEX4[6] ; 3.3-V LVTTL  ; 0 s                 ; 0 s                 ; 3.08 V                       ; 1.66e-05 V                   ; 3.09 V              ; -0.0542 V           ; 0.04 V                               ; 0.089 V                              ; 5.35e-10 s                  ; 3.01e-10 s                  ; Yes                        ; Yes                        ; 3.08 V                      ; 1.66e-05 V                  ; 3.09 V             ; -0.0542 V          ; 0.04 V                              ; 0.089 V                             ; 5.35e-10 s                 ; 3.01e-10 s                 ; Yes                       ; Yes                       ;
; HEX5[0] ; 3.3-V LVTTL  ; 0 s                 ; 0 s                 ; 3.08 V                       ; 2.1e-05 V                    ; 3.11 V              ; -0.0931 V           ; 0.115 V                              ; 0.142 V                              ; 5.74e-10 s                  ; 3.17e-10 s                  ; Yes                        ; Yes                        ; 3.08 V                      ; 2.1e-05 V                   ; 3.11 V             ; -0.0931 V          ; 0.115 V                             ; 0.142 V                             ; 5.74e-10 s                 ; 3.17e-10 s                 ; Yes                       ; Yes                       ;
; HEX5[1] ; 3.3-V LVTTL  ; 0 s                 ; 0 s                 ; 3.08 V                       ; 1.66e-05 V                   ; 3.09 V              ; -0.0542 V           ; 0.04 V                               ; 0.089 V                              ; 5.35e-10 s                  ; 3.01e-10 s                  ; Yes                        ; Yes                        ; 3.08 V                      ; 1.66e-05 V                  ; 3.09 V             ; -0.0542 V          ; 0.04 V                              ; 0.089 V                             ; 5.35e-10 s                 ; 3.01e-10 s                 ; Yes                       ; Yes                       ;
; HEX5[2] ; 3.3-V LVTTL  ; 0 s                 ; 0 s                 ; 3.08 V                       ; 1.66e-05 V                   ; 3.09 V              ; -0.0542 V           ; 0.04 V                               ; 0.089 V                              ; 5.35e-10 s                  ; 3.01e-10 s                  ; Yes                        ; Yes                        ; 3.08 V                      ; 1.66e-05 V                  ; 3.09 V             ; -0.0542 V          ; 0.04 V                              ; 0.089 V                             ; 5.35e-10 s                 ; 3.01e-10 s                 ; Yes                       ; Yes                       ;
; HEX5[3] ; 3.3-V LVTTL  ; 0 s                 ; 0 s                 ; 3.08 V                       ; 1.66e-05 V                   ; 3.09 V              ; -0.0542 V           ; 0.04 V                               ; 0.089 V                              ; 5.35e-10 s                  ; 3.01e-10 s                  ; Yes                        ; Yes                        ; 3.08 V                      ; 1.66e-05 V                  ; 3.09 V             ; -0.0542 V          ; 0.04 V                              ; 0.089 V                             ; 5.35e-10 s                 ; 3.01e-10 s                 ; Yes                       ; Yes                       ;
; HEX5[4] ; 3.3-V LVTTL  ; 0 s                 ; 0 s                 ; 3.08 V                       ; 2.02e-05 V                   ; 3.11 V              ; -0.117 V            ; 0.087 V                              ; 0.148 V                              ; 5.31e-10 s                  ; 3.14e-10 s                  ; Yes                        ; No                         ; 3.08 V                      ; 2.02e-05 V                  ; 3.11 V             ; -0.117 V           ; 0.087 V                             ; 0.148 V                             ; 5.31e-10 s                 ; 3.14e-10 s                 ; Yes                       ; No                        ;
; HEX5[5] ; 3.3-V LVTTL  ; 0 s                 ; 0 s                 ; 3.08 V                       ; 2.02e-05 V                   ; 3.11 V              ; -0.117 V            ; 0.087 V                              ; 0.147 V                              ; 5.3e-10 s                   ; 3.14e-10 s                  ; Yes                        ; No                         ; 3.08 V                      ; 2.02e-05 V                  ; 3.11 V             ; -0.117 V           ; 0.087 V                             ; 0.147 V                             ; 5.3e-10 s                  ; 3.14e-10 s                 ; Yes                       ; No                        ;
; HEX5[6] ; 3.3-V LVTTL  ; 0 s                 ; 0 s                 ; 3.08 V                       ; 2.1e-05 V                    ; 3.11 V              ; -0.0931 V           ; 0.115 V                              ; 0.142 V                              ; 5.74e-10 s                  ; 3.17e-10 s                  ; Yes                        ; Yes                        ; 3.08 V                      ; 2.1e-05 V                   ; 3.11 V             ; -0.0931 V          ; 0.115 V                             ; 0.142 V                             ; 5.74e-10 s                 ; 3.17e-10 s                 ; Yes                       ; Yes                       ;
+---------+--------------+---------------------+---------------------+------------------------------+------------------------------+---------------------+---------------------+--------------------------------------+--------------------------------------+-----------------------------+-----------------------------+----------------------------+----------------------------+-----------------------------+-----------------------------+--------------------+--------------------+-------------------------------------+-------------------------------------+----------------------------+----------------------------+---------------------------+---------------------------+


+--------------------------------------------------------------------------------------------------------------------------------------------------------------------------------------------------------------------------------------------------------------------------------------------------------------------------------------------------------------------------------------------------------------------------------------------------------------------------------------------------------------------------------------------------------------------------------------------------------------------------------------------------------------------------------------+
; Signal Integrity Metrics (Fast 1100mv 0c Model)                                                                                                                                                                                                                                                                                                                                                                                                                                                                                                                                                                                                                                      ;
+---------+--------------+---------------------+---------------------+------------------------------+------------------------------+---------------------+---------------------+--------------------------------------+--------------------------------------+-----------------------------+-----------------------------+----------------------------+----------------------------+-----------------------------+-----------------------------+--------------------+--------------------+-------------------------------------+-------------------------------------+----------------------------+----------------------------+---------------------------+---------------------------+
; Pin     ; I/O Standard ; Board Delay on Rise ; Board Delay on Fall ; Steady State Voh at FPGA Pin ; Steady State Vol at FPGA Pin ; Voh Max at FPGA Pin ; Vol Min at FPGA Pin ; Ringback Voltage on Rise at FPGA Pin ; Ringback Voltage on Fall at FPGA Pin ; 10-90 Rise Time at FPGA Pin ; 90-10 Fall Time at FPGA Pin ; Monotonic Rise at FPGA Pin ; Monotonic Fall at FPGA Pin ; Steady State Voh at Far-end ; Steady State Vol at Far-end ; Voh Max at Far-end ; Vol Min at Far-end ; Ringback Voltage on Rise at Far-end ; Ringback Voltage on Fall at Far-end ; 10-90 Rise Time at Far-end ; 90-10 Fall Time at Far-end ; Monotonic Rise at Far-end ; Monotonic Fall at Far-end ;
+---------+--------------+---------------------+---------------------+------------------------------+------------------------------+---------------------+---------------------+--------------------------------------+--------------------------------------+-----------------------------+-----------------------------+----------------------------+----------------------------+-----------------------------+-----------------------------+--------------------+--------------------+-------------------------------------+-------------------------------------+----------------------------+----------------------------+---------------------------+---------------------------+
; LEDR[0] ; 3.3-V LVTTL  ; 0 s                 ; 0 s                 ; 3.63 V                       ; 4.72e-06 V                   ; 3.7 V               ; -0.49 V             ; 0.117 V                              ; 0.622 V                              ; 3.84e-10 s                  ; 1.48e-10 s                  ; Yes                        ; No                         ; 3.63 V                      ; 4.72e-06 V                  ; 3.7 V              ; -0.49 V            ; 0.117 V                             ; 0.622 V                             ; 3.84e-10 s                 ; 1.48e-10 s                 ; Yes                       ; No                        ;
; LEDR[1] ; 3.3-V LVTTL  ; 0 s                 ; 0 s                 ; 3.63 V                       ; 4.72e-06 V                   ; 3.7 V               ; -0.49 V             ; 0.117 V                              ; 0.621 V                              ; 3.84e-10 s                  ; 1.48e-10 s                  ; Yes                        ; No                         ; 3.63 V                      ; 4.72e-06 V                  ; 3.7 V              ; -0.49 V            ; 0.117 V                             ; 0.621 V                             ; 3.84e-10 s                 ; 1.48e-10 s                 ; Yes                       ; No                        ;
; LEDR[2] ; 3.3-V LVTTL  ; 0 s                 ; 0 s                 ; 3.63 V                       ; 3.63e-06 V                   ; 3.64 V              ; -0.326 V            ; 0.091 V                              ; 0.479 V                              ; 3.83e-10 s                  ; 1.5e-10 s                   ; Yes                        ; No                         ; 3.63 V                      ; 3.63e-06 V                  ; 3.64 V             ; -0.326 V           ; 0.091 V                             ; 0.479 V                             ; 3.83e-10 s                 ; 1.5e-10 s                  ; Yes                       ; No                        ;
; LEDR[3] ; 3.3-V LVTTL  ; 0 s                 ; 0 s                 ; 3.63 V                       ; 4.94e-06 V                   ; 3.69 V              ; -0.414 V            ; 0.134 V                              ; 0.585 V                              ; 4.19e-10 s                  ; 1.53e-10 s                  ; Yes                        ; No                         ; 3.63 V                      ; 4.94e-06 V                  ; 3.69 V             ; -0.414 V           ; 0.134 V                             ; 0.585 V                             ; 4.19e-10 s                 ; 1.53e-10 s                 ; Yes                       ; No                        ;
; HEX0[0] ; 3.3-V LVTTL  ; 0 s                 ; 0 s                 ; 3.63 V                       ; 4.72e-06 V                   ; 3.7 V               ; -0.49 V             ; 0.117 V                              ; 0.621 V                              ; 3.84e-10 s                  ; 1.48e-10 s                  ; Yes                        ; No                         ; 3.63 V                      ; 4.72e-06 V                  ; 3.7 V              ; -0.49 V            ; 0.117 V                             ; 0.621 V                             ; 3.84e-10 s                 ; 1.48e-10 s                 ; Yes                       ; No                        ;
; HEX0[1] ; 3.3-V LVTTL  ; 0 s                 ; 0 s                 ; 3.63 V                       ; 4.72e-06 V                   ; 3.7 V               ; -0.49 V             ; 0.117 V                              ; 0.622 V                              ; 3.84e-10 s                  ; 1.48e-10 s                  ; Yes                        ; No                         ; 3.63 V                      ; 4.72e-06 V                  ; 3.7 V              ; -0.49 V            ; 0.117 V                             ; 0.622 V                             ; 3.84e-10 s                 ; 1.48e-10 s                 ; Yes                       ; No                        ;
; HEX0[2] ; 3.3-V LVTTL  ; 0 s                 ; 0 s                 ; 3.63 V                       ; 4.72e-06 V                   ; 3.7 V               ; -0.49 V             ; 0.117 V                              ; 0.622 V                              ; 3.84e-10 s                  ; 1.48e-10 s                  ; Yes                        ; No                         ; 3.63 V                      ; 4.72e-06 V                  ; 3.7 V              ; -0.49 V            ; 0.117 V                             ; 0.622 V                             ; 3.84e-10 s                 ; 1.48e-10 s                 ; Yes                       ; No                        ;
; HEX0[3] ; 3.3-V LVTTL  ; 0 s                 ; 0 s                 ; 3.63 V                       ; 4.72e-06 V                   ; 3.7 V               ; -0.49 V             ; 0.117 V                              ; 0.622 V                              ; 3.84e-10 s                  ; 1.48e-10 s                  ; Yes                        ; No                         ; 3.63 V                      ; 4.72e-06 V                  ; 3.7 V              ; -0.49 V            ; 0.117 V                             ; 0.622 V                             ; 3.84e-10 s                 ; 1.48e-10 s                 ; Yes                       ; No                        ;
; HEX0[4] ; 3.3-V LVTTL  ; 0 s                 ; 0 s                 ; 3.63 V                       ; 4.72e-06 V                   ; 3.7 V               ; -0.49 V             ; 0.117 V                              ; 0.621 V                              ; 3.84e-10 s                  ; 1.48e-10 s                  ; Yes                        ; No                         ; 3.63 V                      ; 4.72e-06 V                  ; 3.7 V              ; -0.49 V            ; 0.117 V                             ; 0.621 V                             ; 3.84e-10 s                 ; 1.48e-10 s                 ; Yes                       ; No                        ;
; HEX0[5] ; 3.3-V LVTTL  ; 0 s                 ; 0 s                 ; 3.63 V                       ; 4.72e-06 V                   ; 3.7 V               ; -0.49 V             ; 0.117 V                              ; 0.621 V                              ; 3.84e-10 s                  ; 1.48e-10 s                  ; Yes                        ; No                         ; 3.63 V                      ; 4.72e-06 V                  ; 3.7 V              ; -0.49 V            ; 0.117 V                             ; 0.621 V                             ; 3.84e-10 s                 ; 1.48e-10 s                 ; Yes                       ; No                        ;
; HEX0[6] ; 3.3-V LVTTL  ; 0 s                 ; 0 s                 ; 3.63 V                       ; 4.72e-06 V                   ; 3.7 V               ; -0.49 V             ; 0.117 V                              ; 0.622 V                              ; 3.84e-10 s                  ; 1.48e-10 s                  ; Yes                        ; No                         ; 3.63 V                      ; 4.72e-06 V                  ; 3.7 V              ; -0.49 V            ; 0.117 V                             ; 0.622 V                             ; 3.84e-10 s                 ; 1.48e-10 s                 ; Yes                       ; No                        ;
; HEX1[0] ; 3.3-V LVTTL  ; 0 s                 ; 0 s                 ; 3.63 V                       ; 4.72e-06 V                   ; 3.7 V               ; -0.49 V             ; 0.117 V                              ; 0.622 V                              ; 3.84e-10 s                  ; 1.48e-10 s                  ; Yes                        ; No                         ; 3.63 V                      ; 4.72e-06 V                  ; 3.7 V              ; -0.49 V            ; 0.117 V                             ; 0.622 V                             ; 3.84e-10 s                 ; 1.48e-10 s                 ; Yes                       ; No                        ;
; HEX1[1] ; 3.3-V LVTTL  ; 0 s                 ; 0 s                 ; 3.63 V                       ; 4.72e-06 V                   ; 3.7 V               ; -0.49 V             ; 0.117 V                              ; 0.621 V                              ; 3.84e-10 s                  ; 1.48e-10 s                  ; Yes                        ; No                         ; 3.63 V                      ; 4.72e-06 V                  ; 3.7 V              ; -0.49 V            ; 0.117 V                             ; 0.621 V                             ; 3.84e-10 s                 ; 1.48e-10 s                 ; Yes                       ; No                        ;
; HEX1[2] ; 3.3-V LVTTL  ; 0 s                 ; 0 s                 ; 3.63 V                       ; 4.72e-06 V                   ; 3.7 V               ; -0.49 V             ; 0.117 V                              ; 0.621 V                              ; 3.84e-10 s                  ; 1.48e-10 s                  ; Yes                        ; No                         ; 3.63 V                      ; 4.72e-06 V                  ; 3.7 V              ; -0.49 V            ; 0.117 V                             ; 0.621 V                             ; 3.84e-10 s                 ; 1.48e-10 s                 ; Yes                       ; No                        ;
; HEX1[3] ; 3.3-V LVTTL  ; 0 s                 ; 0 s                 ; 3.63 V                       ; 4.72e-06 V                   ; 3.7 V               ; -0.49 V             ; 0.117 V                              ; 0.622 V                              ; 3.84e-10 s                  ; 1.48e-10 s                  ; Yes                        ; No                         ; 3.63 V                      ; 4.72e-06 V                  ; 3.7 V              ; -0.49 V            ; 0.117 V                             ; 0.622 V                             ; 3.84e-10 s                 ; 1.48e-10 s                 ; Yes                       ; No                        ;
; HEX1[4] ; 3.3-V LVTTL  ; 0 s                 ; 0 s                 ; 3.63 V                       ; 4.72e-06 V                   ; 3.7 V               ; -0.49 V             ; 0.117 V                              ; 0.622 V                              ; 3.84e-10 s                  ; 1.48e-10 s                  ; Yes                        ; No                         ; 3.63 V                      ; 4.72e-06 V                  ; 3.7 V              ; -0.49 V            ; 0.117 V                             ; 0.622 V                             ; 3.84e-10 s                 ; 1.48e-10 s                 ; Yes                       ; No                        ;
; HEX1[5] ; 3.3-V LVTTL  ; 0 s                 ; 0 s                 ; 3.63 V                       ; 4.72e-06 V                   ; 3.7 V               ; -0.49 V             ; 0.117 V                              ; 0.621 V                              ; 3.84e-10 s                  ; 1.48e-10 s                  ; Yes                        ; No                         ; 3.63 V                      ; 4.72e-06 V                  ; 3.7 V              ; -0.49 V            ; 0.117 V                             ; 0.621 V                             ; 3.84e-10 s                 ; 1.48e-10 s                 ; Yes                       ; No                        ;
; HEX1[6] ; 3.3-V LVTTL  ; 0 s                 ; 0 s                 ; 3.63 V                       ; 4.72e-06 V                   ; 3.7 V               ; -0.49 V             ; 0.117 V                              ; 0.621 V                              ; 3.84e-10 s                  ; 1.48e-10 s                  ; Yes                        ; No                         ; 3.63 V                      ; 4.72e-06 V                  ; 3.7 V              ; -0.49 V            ; 0.117 V                             ; 0.621 V                             ; 3.84e-10 s                 ; 1.48e-10 s                 ; Yes                       ; No                        ;
; HEX2[0] ; 3.3-V LVTTL  ; 0 s                 ; 0 s                 ; 3.63 V                       ; 4.94e-06 V                   ; 3.69 V              ; -0.414 V            ; 0.134 V                              ; 0.585 V                              ; 4.19e-10 s                  ; 1.53e-10 s                  ; Yes                        ; No                         ; 3.63 V                      ; 4.94e-06 V                  ; 3.69 V             ; -0.414 V           ; 0.134 V                             ; 0.585 V                             ; 4.19e-10 s                 ; 1.53e-10 s                 ; Yes                       ; No                        ;
; HEX2[1] ; 3.3-V LVTTL  ; 0 s                 ; 0 s                 ; 3.63 V                       ; 4.72e-06 V                   ; 3.7 V               ; -0.49 V             ; 0.117 V                              ; 0.621 V                              ; 3.84e-10 s                  ; 1.48e-10 s                  ; Yes                        ; No                         ; 3.63 V                      ; 4.72e-06 V                  ; 3.7 V              ; -0.49 V            ; 0.117 V                             ; 0.621 V                             ; 3.84e-10 s                 ; 1.48e-10 s                 ; Yes                       ; No                        ;
; HEX2[2] ; 3.3-V LVTTL  ; 0 s                 ; 0 s                 ; 3.63 V                       ; 4.72e-06 V                   ; 3.7 V               ; -0.49 V             ; 0.117 V                              ; 0.621 V                              ; 3.84e-10 s                  ; 1.48e-10 s                  ; Yes                        ; No                         ; 3.63 V                      ; 4.72e-06 V                  ; 3.7 V              ; -0.49 V            ; 0.117 V                             ; 0.621 V                             ; 3.84e-10 s                 ; 1.48e-10 s                 ; Yes                       ; No                        ;
; HEX2[3] ; 3.3-V LVTTL  ; 0 s                 ; 0 s                 ; 3.63 V                       ; 3.63e-06 V                   ; 3.64 V              ; -0.326 V            ; 0.091 V                              ; 0.479 V                              ; 3.83e-10 s                  ; 1.5e-10 s                   ; Yes                        ; No                         ; 3.63 V                      ; 3.63e-06 V                  ; 3.64 V             ; -0.326 V           ; 0.091 V                             ; 0.479 V                             ; 3.83e-10 s                 ; 1.5e-10 s                  ; Yes                       ; No                        ;
; HEX2[4] ; 3.3-V LVTTL  ; 0 s                 ; 0 s                 ; 3.63 V                       ; 3.63e-06 V                   ; 3.64 V              ; -0.326 V            ; 0.091 V                              ; 0.479 V                              ; 3.83e-10 s                  ; 1.5e-10 s                   ; Yes                        ; No                         ; 3.63 V                      ; 3.63e-06 V                  ; 3.64 V             ; -0.326 V           ; 0.091 V                             ; 0.479 V                             ; 3.83e-10 s                 ; 1.5e-10 s                  ; Yes                       ; No                        ;
; HEX2[5] ; 3.3-V LVTTL  ; 0 s                 ; 0 s                 ; 3.63 V                       ; 4.72e-06 V                   ; 3.7 V               ; -0.49 V             ; 0.117 V                              ; 0.621 V                              ; 3.84e-10 s                  ; 1.48e-10 s                  ; Yes                        ; No                         ; 3.63 V                      ; 4.72e-06 V                  ; 3.7 V              ; -0.49 V            ; 0.117 V                             ; 0.621 V                             ; 3.84e-10 s                 ; 1.48e-10 s                 ; Yes                       ; No                        ;
; HEX2[6] ; 3.3-V LVTTL  ; 0 s                 ; 0 s                 ; 3.63 V                       ; 4.72e-06 V                   ; 3.7 V               ; -0.49 V             ; 0.117 V                              ; 0.622 V                              ; 3.84e-10 s                  ; 1.48e-10 s                  ; Yes                        ; No                         ; 3.63 V                      ; 4.72e-06 V                  ; 3.7 V              ; -0.49 V            ; 0.117 V                             ; 0.622 V                             ; 3.84e-10 s                 ; 1.48e-10 s                 ; Yes                       ; No                        ;
; HEX3[0] ; 3.3-V LVTTL  ; 0 s                 ; 0 s                 ; 3.63 V                       ; 3.63e-06 V                   ; 3.64 V              ; -0.326 V            ; 0.091 V                              ; 0.479 V                              ; 3.83e-10 s                  ; 1.5e-10 s                   ; Yes                        ; No                         ; 3.63 V                      ; 3.63e-06 V                  ; 3.64 V             ; -0.326 V           ; 0.091 V                             ; 0.479 V                             ; 3.83e-10 s                 ; 1.5e-10 s                  ; Yes                       ; No                        ;
; HEX3[1] ; 3.3-V LVTTL  ; 0 s                 ; 0 s                 ; 3.63 V                       ; 4.94e-06 V                   ; 3.69 V              ; -0.414 V            ; 0.134 V                              ; 0.585 V                              ; 4.19e-10 s                  ; 1.53e-10 s                  ; Yes                        ; No                         ; 3.63 V                      ; 4.94e-06 V                  ; 3.69 V             ; -0.414 V           ; 0.134 V                             ; 0.585 V                             ; 4.19e-10 s                 ; 1.53e-10 s                 ; Yes                       ; No                        ;
; HEX3[2] ; 3.3-V LVTTL  ; 0 s                 ; 0 s                 ; 3.63 V                       ; 4.94e-06 V                   ; 3.69 V              ; -0.414 V            ; 0.134 V                              ; 0.585 V                              ; 4.19e-10 s                  ; 1.53e-10 s                  ; Yes                        ; No                         ; 3.63 V                      ; 4.94e-06 V                  ; 3.69 V             ; -0.414 V           ; 0.134 V                             ; 0.585 V                             ; 4.19e-10 s                 ; 1.53e-10 s                 ; Yes                       ; No                        ;
; HEX3[3] ; 3.3-V LVTTL  ; 0 s                 ; 0 s                 ; 3.63 V                       ; 3.63e-06 V                   ; 3.64 V              ; -0.326 V            ; 0.091 V                              ; 0.479 V                              ; 3.83e-10 s                  ; 1.5e-10 s                   ; Yes                        ; No                         ; 3.63 V                      ; 3.63e-06 V                  ; 3.64 V             ; -0.326 V           ; 0.091 V                             ; 0.479 V                             ; 3.83e-10 s                 ; 1.5e-10 s                  ; Yes                       ; No                        ;
; HEX3[4] ; 3.3-V LVTTL  ; 0 s                 ; 0 s                 ; 3.63 V                       ; 4.94e-06 V                   ; 3.69 V              ; -0.414 V            ; 0.134 V                              ; 0.585 V                              ; 4.19e-10 s                  ; 1.53e-10 s                  ; Yes                        ; No                         ; 3.63 V                      ; 4.94e-06 V                  ; 3.69 V             ; -0.414 V           ; 0.134 V                             ; 0.585 V                             ; 4.19e-10 s                 ; 1.53e-10 s                 ; Yes                       ; No                        ;
; HEX3[5] ; 3.3-V LVTTL  ; 0 s                 ; 0 s                 ; 3.63 V                       ; 4.94e-06 V                   ; 3.69 V              ; -0.414 V            ; 0.134 V                              ; 0.585 V                              ; 4.19e-10 s                  ; 1.53e-10 s                  ; Yes                        ; No                         ; 3.63 V                      ; 4.94e-06 V                  ; 3.69 V             ; -0.414 V           ; 0.134 V                             ; 0.585 V                             ; 4.19e-10 s                 ; 1.53e-10 s                 ; Yes                       ; No                        ;
; HEX3[6] ; 3.3-V LVTTL  ; 0 s                 ; 0 s                 ; 3.63 V                       ; 3.63e-06 V                   ; 3.64 V              ; -0.326 V            ; 0.091 V                              ; 0.479 V                              ; 3.83e-10 s                  ; 1.5e-10 s                   ; Yes                        ; No                         ; 3.63 V                      ; 3.63e-06 V                  ; 3.64 V             ; -0.326 V           ; 0.091 V                             ; 0.479 V                             ; 3.83e-10 s                 ; 1.5e-10 s                  ; Yes                       ; No                        ;
; HEX4[0] ; 3.3-V LVTTL  ; 0 s                 ; 0 s                 ; 3.63 V                       ; 4.72e-06 V                   ; 3.7 V               ; -0.49 V             ; 0.117 V                              ; 0.622 V                              ; 3.84e-10 s                  ; 1.48e-10 s                  ; Yes                        ; No                         ; 3.63 V                      ; 4.72e-06 V                  ; 3.7 V              ; -0.49 V            ; 0.117 V                             ; 0.622 V                             ; 3.84e-10 s                 ; 1.48e-10 s                 ; Yes                       ; No                        ;
; HEX4[1] ; 3.3-V LVTTL  ; 0 s                 ; 0 s                 ; 3.63 V                       ; 3.63e-06 V                   ; 3.64 V              ; -0.326 V            ; 0.091 V                              ; 0.479 V                              ; 3.83e-10 s                  ; 1.5e-10 s                   ; Yes                        ; No                         ; 3.63 V                      ; 3.63e-06 V                  ; 3.64 V             ; -0.326 V           ; 0.091 V                             ; 0.479 V                             ; 3.83e-10 s                 ; 1.5e-10 s                  ; Yes                       ; No                        ;
; HEX4[2] ; 3.3-V LVTTL  ; 0 s                 ; 0 s                 ; 3.63 V                       ; 3.63e-06 V                   ; 3.64 V              ; -0.326 V            ; 0.091 V                              ; 0.479 V                              ; 3.83e-10 s                  ; 1.5e-10 s                   ; Yes                        ; No                         ; 3.63 V                      ; 3.63e-06 V                  ; 3.64 V             ; -0.326 V           ; 0.091 V                             ; 0.479 V                             ; 3.83e-10 s                 ; 1.5e-10 s                  ; Yes                       ; No                        ;
; HEX4[3] ; 3.3-V LVTTL  ; 0 s                 ; 0 s                 ; 3.63 V                       ; 3.63e-06 V                   ; 3.64 V              ; -0.326 V            ; 0.091 V                              ; 0.479 V                              ; 3.83e-10 s                  ; 1.5e-10 s                   ; Yes                        ; No                         ; 3.63 V                      ; 3.63e-06 V                  ; 3.64 V             ; -0.326 V           ; 0.091 V                             ; 0.479 V                             ; 3.83e-10 s                 ; 1.5e-10 s                  ; Yes                       ; No                        ;
; HEX4[4] ; 3.3-V LVTTL  ; 0 s                 ; 0 s                 ; 3.63 V                       ; 4.94e-06 V                   ; 3.69 V              ; -0.414 V            ; 0.134 V                              ; 0.585 V                              ; 4.19e-10 s                  ; 1.53e-10 s                  ; Yes                        ; No                         ; 3.63 V                      ; 4.94e-06 V                  ; 3.69 V             ; -0.414 V           ; 0.134 V                             ; 0.585 V                             ; 4.19e-10 s                 ; 1.53e-10 s                 ; Yes                       ; No                        ;
; HEX4[5] ; 3.3-V LVTTL  ; 0 s                 ; 0 s                 ; 3.63 V                       ; 4.94e-06 V                   ; 3.69 V              ; -0.414 V            ; 0.134 V                              ; 0.585 V                              ; 4.19e-10 s                  ; 1.53e-10 s                  ; Yes                        ; No                         ; 3.63 V                      ; 4.94e-06 V                  ; 3.69 V             ; -0.414 V           ; 0.134 V                             ; 0.585 V                             ; 4.19e-10 s                 ; 1.53e-10 s                 ; Yes                       ; No                        ;
; HEX4[6] ; 3.3-V LVTTL  ; 0 s                 ; 0 s                 ; 3.63 V                       ; 3.63e-06 V                   ; 3.64 V              ; -0.326 V            ; 0.091 V                              ; 0.479 V                              ; 3.83e-10 s                  ; 1.5e-10 s                   ; Yes                        ; No                         ; 3.63 V                      ; 3.63e-06 V                  ; 3.64 V             ; -0.326 V           ; 0.091 V                             ; 0.479 V                             ; 3.83e-10 s                 ; 1.5e-10 s                  ; Yes                       ; No                        ;
; HEX5[0] ; 3.3-V LVTTL  ; 0 s                 ; 0 s                 ; 3.63 V                       ; 4.94e-06 V                   ; 3.69 V              ; -0.414 V            ; 0.134 V                              ; 0.585 V                              ; 4.19e-10 s                  ; 1.53e-10 s                  ; Yes                        ; No                         ; 3.63 V                      ; 4.94e-06 V                  ; 3.69 V             ; -0.414 V           ; 0.134 V                             ; 0.585 V                             ; 4.19e-10 s                 ; 1.53e-10 s                 ; Yes                       ; No                        ;
; HEX5[1] ; 3.3-V LVTTL  ; 0 s                 ; 0 s                 ; 3.63 V                       ; 3.63e-06 V                   ; 3.64 V              ; -0.326 V            ; 0.091 V                              ; 0.479 V                              ; 3.83e-10 s                  ; 1.5e-10 s                   ; Yes                        ; No                         ; 3.63 V                      ; 3.63e-06 V                  ; 3.64 V             ; -0.326 V           ; 0.091 V                             ; 0.479 V                             ; 3.83e-10 s                 ; 1.5e-10 s                  ; Yes                       ; No                        ;
; HEX5[2] ; 3.3-V LVTTL  ; 0 s                 ; 0 s                 ; 3.63 V                       ; 3.63e-06 V                   ; 3.64 V              ; -0.326 V            ; 0.091 V                              ; 0.479 V                              ; 3.83e-10 s                  ; 1.5e-10 s                   ; Yes                        ; No                         ; 3.63 V                      ; 3.63e-06 V                  ; 3.64 V             ; -0.326 V           ; 0.091 V                             ; 0.479 V                             ; 3.83e-10 s                 ; 1.5e-10 s                  ; Yes                       ; No                        ;
; HEX5[3] ; 3.3-V LVTTL  ; 0 s                 ; 0 s                 ; 3.63 V                       ; 3.63e-06 V                   ; 3.64 V              ; -0.326 V            ; 0.091 V                              ; 0.479 V                              ; 3.83e-10 s                  ; 1.5e-10 s                   ; Yes                        ; No                         ; 3.63 V                      ; 3.63e-06 V                  ; 3.64 V             ; -0.326 V           ; 0.091 V                             ; 0.479 V                             ; 3.83e-10 s                 ; 1.5e-10 s                  ; Yes                       ; No                        ;
; HEX5[4] ; 3.3-V LVTTL  ; 0 s                 ; 0 s                 ; 3.63 V                       ; 4.72e-06 V                   ; 3.7 V               ; -0.49 V             ; 0.117 V                              ; 0.621 V                              ; 3.84e-10 s                  ; 1.48e-10 s                  ; Yes                        ; No                         ; 3.63 V                      ; 4.72e-06 V                  ; 3.7 V              ; -0.49 V            ; 0.117 V                             ; 0.621 V                             ; 3.84e-10 s                 ; 1.48e-10 s                 ; Yes                       ; No                        ;
; HEX5[5] ; 3.3-V LVTTL  ; 0 s                 ; 0 s                 ; 3.63 V                       ; 4.72e-06 V                   ; 3.7 V               ; -0.49 V             ; 0.117 V                              ; 0.622 V                              ; 3.84e-10 s                  ; 1.48e-10 s                  ; Yes                        ; No                         ; 3.63 V                      ; 4.72e-06 V                  ; 3.7 V              ; -0.49 V            ; 0.117 V                             ; 0.622 V                             ; 3.84e-10 s                 ; 1.48e-10 s                 ; Yes                       ; No                        ;
; HEX5[6] ; 3.3-V LVTTL  ; 0 s                 ; 0 s                 ; 3.63 V                       ; 4.94e-06 V                   ; 3.69 V              ; -0.414 V            ; 0.134 V                              ; 0.585 V                              ; 4.19e-10 s                  ; 1.53e-10 s                  ; Yes                        ; No                         ; 3.63 V                      ; 4.94e-06 V                  ; 3.69 V             ; -0.414 V           ; 0.134 V                             ; 0.585 V                             ; 4.19e-10 s                 ; 1.53e-10 s                 ; Yes                       ; No                        ;
+---------+--------------+---------------------+---------------------+------------------------------+------------------------------+---------------------+---------------------+--------------------------------------+--------------------------------------+-----------------------------+-----------------------------+----------------------------+----------------------------+-----------------------------+-----------------------------+--------------------+--------------------+-------------------------------------+-------------------------------------+----------------------------+----------------------------+---------------------------+---------------------------+


+--------------------------------------------------------------------------------------------------------------------------------------------------------------------------------------------------------------------------------------------------------------------------------------------------------------------------------------------------------------------------------------------------------------------------------------------------------------------------------------------------------------------------------------------------------------------------------------------------------------------------------------------------------------------------------------+
; Signal Integrity Metrics (Fast 1100mv 85c Model)                                                                                                                                                                                                                                                                                                                                                                                                                                                                                                                                                                                                                                     ;
+---------+--------------+---------------------+---------------------+------------------------------+------------------------------+---------------------+---------------------+--------------------------------------+--------------------------------------+-----------------------------+-----------------------------+----------------------------+----------------------------+-----------------------------+-----------------------------+--------------------+--------------------+-------------------------------------+-------------------------------------+----------------------------+----------------------------+---------------------------+---------------------------+
; Pin     ; I/O Standard ; Board Delay on Rise ; Board Delay on Fall ; Steady State Voh at FPGA Pin ; Steady State Vol at FPGA Pin ; Voh Max at FPGA Pin ; Vol Min at FPGA Pin ; Ringback Voltage on Rise at FPGA Pin ; Ringback Voltage on Fall at FPGA Pin ; 10-90 Rise Time at FPGA Pin ; 90-10 Fall Time at FPGA Pin ; Monotonic Rise at FPGA Pin ; Monotonic Fall at FPGA Pin ; Steady State Voh at Far-end ; Steady State Vol at Far-end ; Voh Max at Far-end ; Vol Min at Far-end ; Ringback Voltage on Rise at Far-end ; Ringback Voltage on Fall at Far-end ; 10-90 Rise Time at Far-end ; 90-10 Fall Time at Far-end ; Monotonic Rise at Far-end ; Monotonic Fall at Far-end ;
+---------+--------------+---------------------+---------------------+------------------------------+------------------------------+---------------------+---------------------+--------------------------------------+--------------------------------------+-----------------------------+-----------------------------+----------------------------+----------------------------+-----------------------------+-----------------------------+--------------------+--------------------+-------------------------------------+-------------------------------------+----------------------------+----------------------------+---------------------------+---------------------------+
; LEDR[0] ; 3.3-V LVTTL  ; 0 s                 ; 0 s                 ; 3.63 V                       ; 0.000229 V                   ; 3.65 V              ; -0.316 V            ; 0.041 V                              ; 0.53 V                               ; 4.29e-10 s                  ; 1.87e-10 s                  ; Yes                        ; No                         ; 3.63 V                      ; 0.000229 V                  ; 3.65 V             ; -0.316 V           ; 0.041 V                             ; 0.53 V                              ; 4.29e-10 s                 ; 1.87e-10 s                 ; Yes                       ; No                        ;
; LEDR[1] ; 3.3-V LVTTL  ; 0 s                 ; 0 s                 ; 3.63 V                       ; 0.000229 V                   ; 3.65 V              ; -0.319 V            ; 0.041 V                              ; 0.528 V                              ; 4.29e-10 s                  ; 1.87e-10 s                  ; Yes                        ; No                         ; 3.63 V                      ; 0.000229 V                  ; 3.65 V             ; -0.319 V           ; 0.041 V                             ; 0.528 V                             ; 4.29e-10 s                 ; 1.87e-10 s                 ; Yes                       ; No                        ;
; LEDR[2] ; 3.3-V LVTTL  ; 0 s                 ; 0 s                 ; 3.63 V                       ; 0.000184 V                   ; 3.64 V              ; -0.19 V             ; 0.019 V                              ; 0.425 V                              ; 4.44e-10 s                  ; 1.91e-10 s                  ; Yes                        ; No                         ; 3.63 V                      ; 0.000184 V                  ; 3.64 V             ; -0.19 V            ; 0.019 V                             ; 0.425 V                             ; 4.44e-10 s                 ; 1.91e-10 s                 ; Yes                       ; No                        ;
; LEDR[3] ; 3.3-V LVTTL  ; 0 s                 ; 0 s                 ; 3.63 V                       ; 0.000238 V                   ; 3.64 V              ; -0.254 V            ; 0.052 V                              ; 0.543 V                              ; 4.59e-10 s                  ; 1.96e-10 s                  ; Yes                        ; No                         ; 3.63 V                      ; 0.000238 V                  ; 3.64 V             ; -0.254 V           ; 0.052 V                             ; 0.543 V                             ; 4.59e-10 s                 ; 1.96e-10 s                 ; Yes                       ; No                        ;
; HEX0[0] ; 3.3-V LVTTL  ; 0 s                 ; 0 s                 ; 3.63 V                       ; 0.000229 V                   ; 3.65 V              ; -0.319 V            ; 0.041 V                              ; 0.528 V                              ; 4.29e-10 s                  ; 1.87e-10 s                  ; Yes                        ; No                         ; 3.63 V                      ; 0.000229 V                  ; 3.65 V             ; -0.319 V           ; 0.041 V                             ; 0.528 V                             ; 4.29e-10 s                 ; 1.87e-10 s                 ; Yes                       ; No                        ;
; HEX0[1] ; 3.3-V LVTTL  ; 0 s                 ; 0 s                 ; 3.63 V                       ; 0.000229 V                   ; 3.65 V              ; -0.316 V            ; 0.041 V                              ; 0.53 V                               ; 4.29e-10 s                  ; 1.87e-10 s                  ; Yes                        ; No                         ; 3.63 V                      ; 0.000229 V                  ; 3.65 V             ; -0.316 V           ; 0.041 V                             ; 0.53 V                              ; 4.29e-10 s                 ; 1.87e-10 s                 ; Yes                       ; No                        ;
; HEX0[2] ; 3.3-V LVTTL  ; 0 s                 ; 0 s                 ; 3.63 V                       ; 0.000229 V                   ; 3.65 V              ; -0.316 V            ; 0.041 V                              ; 0.53 V                               ; 4.29e-10 s                  ; 1.87e-10 s                  ; Yes                        ; No                         ; 3.63 V                      ; 0.000229 V                  ; 3.65 V             ; -0.316 V           ; 0.041 V                             ; 0.53 V                              ; 4.29e-10 s                 ; 1.87e-10 s                 ; Yes                       ; No                        ;
; HEX0[3] ; 3.3-V LVTTL  ; 0 s                 ; 0 s                 ; 3.63 V                       ; 0.000229 V                   ; 3.65 V              ; -0.316 V            ; 0.041 V                              ; 0.53 V                               ; 4.29e-10 s                  ; 1.87e-10 s                  ; Yes                        ; No                         ; 3.63 V                      ; 0.000229 V                  ; 3.65 V             ; -0.316 V           ; 0.041 V                             ; 0.53 V                              ; 4.29e-10 s                 ; 1.87e-10 s                 ; Yes                       ; No                        ;
; HEX0[4] ; 3.3-V LVTTL  ; 0 s                 ; 0 s                 ; 3.63 V                       ; 0.000229 V                   ; 3.65 V              ; -0.319 V            ; 0.041 V                              ; 0.528 V                              ; 4.29e-10 s                  ; 1.87e-10 s                  ; Yes                        ; No                         ; 3.63 V                      ; 0.000229 V                  ; 3.65 V             ; -0.319 V           ; 0.041 V                             ; 0.528 V                             ; 4.29e-10 s                 ; 1.87e-10 s                 ; Yes                       ; No                        ;
; HEX0[5] ; 3.3-V LVTTL  ; 0 s                 ; 0 s                 ; 3.63 V                       ; 0.000229 V                   ; 3.65 V              ; -0.319 V            ; 0.041 V                              ; 0.528 V                              ; 4.29e-10 s                  ; 1.87e-10 s                  ; Yes                        ; No                         ; 3.63 V                      ; 0.000229 V                  ; 3.65 V             ; -0.319 V           ; 0.041 V                             ; 0.528 V                             ; 4.29e-10 s                 ; 1.87e-10 s                 ; Yes                       ; No                        ;
; HEX0[6] ; 3.3-V LVTTL  ; 0 s                 ; 0 s                 ; 3.63 V                       ; 0.000229 V                   ; 3.65 V              ; -0.316 V            ; 0.041 V                              ; 0.53 V                               ; 4.29e-10 s                  ; 1.87e-10 s                  ; Yes                        ; No                         ; 3.63 V                      ; 0.000229 V                  ; 3.65 V             ; -0.316 V           ; 0.041 V                             ; 0.53 V                              ; 4.29e-10 s                 ; 1.87e-10 s                 ; Yes                       ; No                        ;
; HEX1[0] ; 3.3-V LVTTL  ; 0 s                 ; 0 s                 ; 3.63 V                       ; 0.000229 V                   ; 3.65 V              ; -0.316 V            ; 0.041 V                              ; 0.53 V                               ; 4.29e-10 s                  ; 1.87e-10 s                  ; Yes                        ; No                         ; 3.63 V                      ; 0.000229 V                  ; 3.65 V             ; -0.316 V           ; 0.041 V                             ; 0.53 V                              ; 4.29e-10 s                 ; 1.87e-10 s                 ; Yes                       ; No                        ;
; HEX1[1] ; 3.3-V LVTTL  ; 0 s                 ; 0 s                 ; 3.63 V                       ; 0.000229 V                   ; 3.65 V              ; -0.319 V            ; 0.041 V                              ; 0.528 V                              ; 4.29e-10 s                  ; 1.87e-10 s                  ; Yes                        ; No                         ; 3.63 V                      ; 0.000229 V                  ; 3.65 V             ; -0.319 V           ; 0.041 V                             ; 0.528 V                             ; 4.29e-10 s                 ; 1.87e-10 s                 ; Yes                       ; No                        ;
; HEX1[2] ; 3.3-V LVTTL  ; 0 s                 ; 0 s                 ; 3.63 V                       ; 0.000229 V                   ; 3.65 V              ; -0.319 V            ; 0.041 V                              ; 0.528 V                              ; 4.29e-10 s                  ; 1.87e-10 s                  ; Yes                        ; No                         ; 3.63 V                      ; 0.000229 V                  ; 3.65 V             ; -0.319 V           ; 0.041 V                             ; 0.528 V                             ; 4.29e-10 s                 ; 1.87e-10 s                 ; Yes                       ; No                        ;
; HEX1[3] ; 3.3-V LVTTL  ; 0 s                 ; 0 s                 ; 3.63 V                       ; 0.000229 V                   ; 3.65 V              ; -0.316 V            ; 0.041 V                              ; 0.53 V                               ; 4.29e-10 s                  ; 1.87e-10 s                  ; Yes                        ; No                         ; 3.63 V                      ; 0.000229 V                  ; 3.65 V             ; -0.316 V           ; 0.041 V                             ; 0.53 V                              ; 4.29e-10 s                 ; 1.87e-10 s                 ; Yes                       ; No                        ;
; HEX1[4] ; 3.3-V LVTTL  ; 0 s                 ; 0 s                 ; 3.63 V                       ; 0.000229 V                   ; 3.65 V              ; -0.316 V            ; 0.041 V                              ; 0.53 V                               ; 4.29e-10 s                  ; 1.87e-10 s                  ; Yes                        ; No                         ; 3.63 V                      ; 0.000229 V                  ; 3.65 V             ; -0.316 V           ; 0.041 V                             ; 0.53 V                              ; 4.29e-10 s                 ; 1.87e-10 s                 ; Yes                       ; No                        ;
; HEX1[5] ; 3.3-V LVTTL  ; 0 s                 ; 0 s                 ; 3.63 V                       ; 0.000229 V                   ; 3.65 V              ; -0.319 V            ; 0.041 V                              ; 0.528 V                              ; 4.29e-10 s                  ; 1.87e-10 s                  ; Yes                        ; No                         ; 3.63 V                      ; 0.000229 V                  ; 3.65 V             ; -0.319 V           ; 0.041 V                             ; 0.528 V                             ; 4.29e-10 s                 ; 1.87e-10 s                 ; Yes                       ; No                        ;
; HEX1[6] ; 3.3-V LVTTL  ; 0 s                 ; 0 s                 ; 3.63 V                       ; 0.000229 V                   ; 3.65 V              ; -0.319 V            ; 0.041 V                              ; 0.528 V                              ; 4.29e-10 s                  ; 1.87e-10 s                  ; Yes                        ; No                         ; 3.63 V                      ; 0.000229 V                  ; 3.65 V             ; -0.319 V           ; 0.041 V                             ; 0.528 V                             ; 4.29e-10 s                 ; 1.87e-10 s                 ; Yes                       ; No                        ;
; HEX2[0] ; 3.3-V LVTTL  ; 0 s                 ; 0 s                 ; 3.63 V                       ; 0.000238 V                   ; 3.64 V              ; -0.254 V            ; 0.052 V                              ; 0.543 V                              ; 4.59e-10 s                  ; 1.96e-10 s                  ; Yes                        ; No                         ; 3.63 V                      ; 0.000238 V                  ; 3.64 V             ; -0.254 V           ; 0.052 V                             ; 0.543 V                             ; 4.59e-10 s                 ; 1.96e-10 s                 ; Yes                       ; No                        ;
; HEX2[1] ; 3.3-V LVTTL  ; 0 s                 ; 0 s                 ; 3.63 V                       ; 0.000229 V                   ; 3.65 V              ; -0.319 V            ; 0.041 V                              ; 0.528 V                              ; 4.29e-10 s                  ; 1.87e-10 s                  ; Yes                        ; No                         ; 3.63 V                      ; 0.000229 V                  ; 3.65 V             ; -0.319 V           ; 0.041 V                             ; 0.528 V                             ; 4.29e-10 s                 ; 1.87e-10 s                 ; Yes                       ; No                        ;
; HEX2[2] ; 3.3-V LVTTL  ; 0 s                 ; 0 s                 ; 3.63 V                       ; 0.000229 V                   ; 3.65 V              ; -0.319 V            ; 0.041 V                              ; 0.528 V                              ; 4.29e-10 s                  ; 1.87e-10 s                  ; Yes                        ; No                         ; 3.63 V                      ; 0.000229 V                  ; 3.65 V             ; -0.319 V           ; 0.041 V                             ; 0.528 V                             ; 4.29e-10 s                 ; 1.87e-10 s                 ; Yes                       ; No                        ;
; HEX2[3] ; 3.3-V LVTTL  ; 0 s                 ; 0 s                 ; 3.63 V                       ; 0.000184 V                   ; 3.64 V              ; -0.19 V             ; 0.019 V                              ; 0.425 V                              ; 4.44e-10 s                  ; 1.91e-10 s                  ; Yes                        ; No                         ; 3.63 V                      ; 0.000184 V                  ; 3.64 V             ; -0.19 V            ; 0.019 V                             ; 0.425 V                             ; 4.44e-10 s                 ; 1.91e-10 s                 ; Yes                       ; No                        ;
; HEX2[4] ; 3.3-V LVTTL  ; 0 s                 ; 0 s                 ; 3.63 V                       ; 0.000184 V                   ; 3.64 V              ; -0.19 V             ; 0.019 V                              ; 0.425 V                              ; 4.44e-10 s                  ; 1.91e-10 s                  ; Yes                        ; No                         ; 3.63 V                      ; 0.000184 V                  ; 3.64 V             ; -0.19 V            ; 0.019 V                             ; 0.425 V                             ; 4.44e-10 s                 ; 1.91e-10 s                 ; Yes                       ; No                        ;
; HEX2[5] ; 3.3-V LVTTL  ; 0 s                 ; 0 s                 ; 3.63 V                       ; 0.000229 V                   ; 3.65 V              ; -0.319 V            ; 0.041 V                              ; 0.528 V                              ; 4.29e-10 s                  ; 1.87e-10 s                  ; Yes                        ; No                         ; 3.63 V                      ; 0.000229 V                  ; 3.65 V             ; -0.319 V           ; 0.041 V                             ; 0.528 V                             ; 4.29e-10 s                 ; 1.87e-10 s                 ; Yes                       ; No                        ;
; HEX2[6] ; 3.3-V LVTTL  ; 0 s                 ; 0 s                 ; 3.63 V                       ; 0.000229 V                   ; 3.65 V              ; -0.316 V            ; 0.041 V                              ; 0.53 V                               ; 4.29e-10 s                  ; 1.87e-10 s                  ; Yes                        ; No                         ; 3.63 V                      ; 0.000229 V                  ; 3.65 V             ; -0.316 V           ; 0.041 V                             ; 0.53 V                              ; 4.29e-10 s                 ; 1.87e-10 s                 ; Yes                       ; No                        ;
; HEX3[0] ; 3.3-V LVTTL  ; 0 s                 ; 0 s                 ; 3.63 V                       ; 0.000184 V                   ; 3.64 V              ; -0.19 V             ; 0.019 V                              ; 0.425 V                              ; 4.44e-10 s                  ; 1.91e-10 s                  ; Yes                        ; No                         ; 3.63 V                      ; 0.000184 V                  ; 3.64 V             ; -0.19 V            ; 0.019 V                             ; 0.425 V                             ; 4.44e-10 s                 ; 1.91e-10 s                 ; Yes                       ; No                        ;
; HEX3[1] ; 3.3-V LVTTL  ; 0 s                 ; 0 s                 ; 3.63 V                       ; 0.000238 V                   ; 3.64 V              ; -0.254 V            ; 0.052 V                              ; 0.543 V                              ; 4.59e-10 s                  ; 1.96e-10 s                  ; Yes                        ; No                         ; 3.63 V                      ; 0.000238 V                  ; 3.64 V             ; -0.254 V           ; 0.052 V                             ; 0.543 V                             ; 4.59e-10 s                 ; 1.96e-10 s                 ; Yes                       ; No                        ;
; HEX3[2] ; 3.3-V LVTTL  ; 0 s                 ; 0 s                 ; 3.63 V                       ; 0.000238 V                   ; 3.64 V              ; -0.254 V            ; 0.052 V                              ; 0.543 V                              ; 4.59e-10 s                  ; 1.96e-10 s                  ; Yes                        ; No                         ; 3.63 V                      ; 0.000238 V                  ; 3.64 V             ; -0.254 V           ; 0.052 V                             ; 0.543 V                             ; 4.59e-10 s                 ; 1.96e-10 s                 ; Yes                       ; No                        ;
; HEX3[3] ; 3.3-V LVTTL  ; 0 s                 ; 0 s                 ; 3.63 V                       ; 0.000184 V                   ; 3.64 V              ; -0.19 V             ; 0.019 V                              ; 0.425 V                              ; 4.44e-10 s                  ; 1.91e-10 s                  ; Yes                        ; No                         ; 3.63 V                      ; 0.000184 V                  ; 3.64 V             ; -0.19 V            ; 0.019 V                             ; 0.425 V                             ; 4.44e-10 s                 ; 1.91e-10 s                 ; Yes                       ; No                        ;
; HEX3[4] ; 3.3-V LVTTL  ; 0 s                 ; 0 s                 ; 3.63 V                       ; 0.000238 V                   ; 3.64 V              ; -0.254 V            ; 0.052 V                              ; 0.543 V                              ; 4.59e-10 s                  ; 1.96e-10 s                  ; Yes                        ; No                         ; 3.63 V                      ; 0.000238 V                  ; 3.64 V             ; -0.254 V           ; 0.052 V                             ; 0.543 V                             ; 4.59e-10 s                 ; 1.96e-10 s                 ; Yes                       ; No                        ;
; HEX3[5] ; 3.3-V LVTTL  ; 0 s                 ; 0 s                 ; 3.63 V                       ; 0.000238 V                   ; 3.64 V              ; -0.254 V            ; 0.052 V                              ; 0.543 V                              ; 4.59e-10 s                  ; 1.96e-10 s                  ; Yes                        ; No                         ; 3.63 V                      ; 0.000238 V                  ; 3.64 V             ; -0.254 V           ; 0.052 V                             ; 0.543 V                             ; 4.59e-10 s                 ; 1.96e-10 s                 ; Yes                       ; No                        ;
; HEX3[6] ; 3.3-V LVTTL  ; 0 s                 ; 0 s                 ; 3.63 V                       ; 0.000184 V                   ; 3.64 V              ; -0.19 V             ; 0.019 V                              ; 0.425 V                              ; 4.44e-10 s                  ; 1.91e-10 s                  ; Yes                        ; No                         ; 3.63 V                      ; 0.000184 V                  ; 3.64 V             ; -0.19 V            ; 0.019 V                             ; 0.425 V                             ; 4.44e-10 s                 ; 1.91e-10 s                 ; Yes                       ; No                        ;
; HEX4[0] ; 3.3-V LVTTL  ; 0 s                 ; 0 s                 ; 3.63 V                       ; 0.000229 V                   ; 3.65 V              ; -0.316 V            ; 0.041 V                              ; 0.53 V                               ; 4.29e-10 s                  ; 1.87e-10 s                  ; Yes                        ; No                         ; 3.63 V                      ; 0.000229 V                  ; 3.65 V             ; -0.316 V           ; 0.041 V                             ; 0.53 V                              ; 4.29e-10 s                 ; 1.87e-10 s                 ; Yes                       ; No                        ;
; HEX4[1] ; 3.3-V LVTTL  ; 0 s                 ; 0 s                 ; 3.63 V                       ; 0.000184 V                   ; 3.64 V              ; -0.19 V             ; 0.019 V                              ; 0.425 V                              ; 4.44e-10 s                  ; 1.91e-10 s                  ; Yes                        ; No                         ; 3.63 V                      ; 0.000184 V                  ; 3.64 V             ; -0.19 V            ; 0.019 V                             ; 0.425 V                             ; 4.44e-10 s                 ; 1.91e-10 s                 ; Yes                       ; No                        ;
; HEX4[2] ; 3.3-V LVTTL  ; 0 s                 ; 0 s                 ; 3.63 V                       ; 0.000184 V                   ; 3.64 V              ; -0.19 V             ; 0.019 V                              ; 0.425 V                              ; 4.44e-10 s                  ; 1.91e-10 s                  ; Yes                        ; No                         ; 3.63 V                      ; 0.000184 V                  ; 3.64 V             ; -0.19 V            ; 0.019 V                             ; 0.425 V                             ; 4.44e-10 s                 ; 1.91e-10 s                 ; Yes                       ; No                        ;
; HEX4[3] ; 3.3-V LVTTL  ; 0 s                 ; 0 s                 ; 3.63 V                       ; 0.000184 V                   ; 3.64 V              ; -0.19 V             ; 0.019 V                              ; 0.425 V                              ; 4.44e-10 s                  ; 1.91e-10 s                  ; Yes                        ; No                         ; 3.63 V                      ; 0.000184 V                  ; 3.64 V             ; -0.19 V            ; 0.019 V                             ; 0.425 V                             ; 4.44e-10 s                 ; 1.91e-10 s                 ; Yes                       ; No                        ;
; HEX4[4] ; 3.3-V LVTTL  ; 0 s                 ; 0 s                 ; 3.63 V                       ; 0.000238 V                   ; 3.64 V              ; -0.254 V            ; 0.052 V                              ; 0.543 V                              ; 4.59e-10 s                  ; 1.96e-10 s                  ; Yes                        ; No                         ; 3.63 V                      ; 0.000238 V                  ; 3.64 V             ; -0.254 V           ; 0.052 V                             ; 0.543 V                             ; 4.59e-10 s                 ; 1.96e-10 s                 ; Yes                       ; No                        ;
; HEX4[5] ; 3.3-V LVTTL  ; 0 s                 ; 0 s                 ; 3.63 V                       ; 0.000238 V                   ; 3.64 V              ; -0.254 V            ; 0.052 V                              ; 0.543 V                              ; 4.59e-10 s                  ; 1.96e-10 s                  ; Yes                        ; No                         ; 3.63 V                      ; 0.000238 V                  ; 3.64 V             ; -0.254 V           ; 0.052 V                             ; 0.543 V                             ; 4.59e-10 s                 ; 1.96e-10 s                 ; Yes                       ; No                        ;
; HEX4[6] ; 3.3-V LVTTL  ; 0 s                 ; 0 s                 ; 3.63 V                       ; 0.000184 V                   ; 3.64 V              ; -0.19 V             ; 0.019 V                              ; 0.425 V                              ; 4.44e-10 s                  ; 1.91e-10 s                  ; Yes                        ; No                         ; 3.63 V                      ; 0.000184 V                  ; 3.64 V             ; -0.19 V            ; 0.019 V                             ; 0.425 V                             ; 4.44e-10 s                 ; 1.91e-10 s                 ; Yes                       ; No                        ;
; HEX5[0] ; 3.3-V LVTTL  ; 0 s                 ; 0 s                 ; 3.63 V                       ; 0.000238 V                   ; 3.64 V              ; -0.254 V            ; 0.052 V                              ; 0.543 V                              ; 4.59e-10 s                  ; 1.96e-10 s                  ; Yes                        ; No                         ; 3.63 V                      ; 0.000238 V                  ; 3.64 V             ; -0.254 V           ; 0.052 V                             ; 0.543 V                             ; 4.59e-10 s                 ; 1.96e-10 s                 ; Yes                       ; No                        ;
; HEX5[1] ; 3.3-V LVTTL  ; 0 s                 ; 0 s                 ; 3.63 V                       ; 0.000184 V                   ; 3.64 V              ; -0.19 V             ; 0.019 V                              ; 0.425 V                              ; 4.44e-10 s                  ; 1.91e-10 s                  ; Yes                        ; No                         ; 3.63 V                      ; 0.000184 V                  ; 3.64 V             ; -0.19 V            ; 0.019 V                             ; 0.425 V                             ; 4.44e-10 s                 ; 1.91e-10 s                 ; Yes                       ; No                        ;
; HEX5[2] ; 3.3-V LVTTL  ; 0 s                 ; 0 s                 ; 3.63 V                       ; 0.000184 V                   ; 3.64 V              ; -0.19 V             ; 0.019 V                              ; 0.425 V                              ; 4.44e-10 s                  ; 1.91e-10 s                  ; Yes                        ; No                         ; 3.63 V                      ; 0.000184 V                  ; 3.64 V             ; -0.19 V            ; 0.019 V                             ; 0.425 V                             ; 4.44e-10 s                 ; 1.91e-10 s                 ; Yes                       ; No                        ;
; HEX5[3] ; 3.3-V LVTTL  ; 0 s                 ; 0 s                 ; 3.63 V                       ; 0.000184 V                   ; 3.64 V              ; -0.19 V             ; 0.019 V                              ; 0.425 V                              ; 4.44e-10 s                  ; 1.91e-10 s                  ; Yes                        ; No                         ; 3.63 V                      ; 0.000184 V                  ; 3.64 V             ; -0.19 V            ; 0.019 V                             ; 0.425 V                             ; 4.44e-10 s                 ; 1.91e-10 s                 ; Yes                       ; No                        ;
; HEX5[4] ; 3.3-V LVTTL  ; 0 s                 ; 0 s                 ; 3.63 V                       ; 0.000229 V                   ; 3.65 V              ; -0.319 V            ; 0.041 V                              ; 0.528 V                              ; 4.29e-10 s                  ; 1.87e-10 s                  ; Yes                        ; No                         ; 3.63 V                      ; 0.000229 V                  ; 3.65 V             ; -0.319 V           ; 0.041 V                             ; 0.528 V                             ; 4.29e-10 s                 ; 1.87e-10 s                 ; Yes                       ; No                        ;
; HEX5[5] ; 3.3-V LVTTL  ; 0 s                 ; 0 s                 ; 3.63 V                       ; 0.000229 V                   ; 3.65 V              ; -0.316 V            ; 0.041 V                              ; 0.53 V                               ; 4.29e-10 s                  ; 1.87e-10 s                  ; Yes                        ; No                         ; 3.63 V                      ; 0.000229 V                  ; 3.65 V             ; -0.316 V           ; 0.041 V                             ; 0.53 V                              ; 4.29e-10 s                 ; 1.87e-10 s                 ; Yes                       ; No                        ;
; HEX5[6] ; 3.3-V LVTTL  ; 0 s                 ; 0 s                 ; 3.63 V                       ; 0.000238 V                   ; 3.64 V              ; -0.254 V            ; 0.052 V                              ; 0.543 V                              ; 4.59e-10 s                  ; 1.96e-10 s                  ; Yes                        ; No                         ; 3.63 V                      ; 0.000238 V                  ; 3.64 V             ; -0.254 V           ; 0.052 V                             ; 0.543 V                             ; 4.59e-10 s                 ; 1.96e-10 s                 ; Yes                       ; No                        ;
+---------+--------------+---------------------+---------------------+------------------------------+------------------------------+---------------------+---------------------+--------------------------------------+--------------------------------------+-----------------------------+-----------------------------+----------------------------+----------------------------+-----------------------------+-----------------------------+--------------------+--------------------+-------------------------------------+-------------------------------------+----------------------------+----------------------------+---------------------------+---------------------------+


-------------------
; Clock Transfers ;
-------------------
Nothing to report.


---------------
; Report TCCS ;
---------------
No dedicated SERDES Transmitter circuitry present in device or used in design


---------------
; Report RSKM ;
---------------
No non-DPA dedicated SERDES Receiver circuitry present in device or used in design


+------------------------------------------------+
; Unconstrained Paths                            ;
+---------------------------------+-------+------+
; Property                        ; Setup ; Hold ;
+---------------------------------+-------+------+
; Illegal Clocks                  ; 0     ; 0    ;
; Unconstrained Clocks            ; 0     ; 0    ;
; Unconstrained Input Ports       ; 4     ; 4    ;
; Unconstrained Input Port Paths  ; 159   ; 159  ;
; Unconstrained Output Ports      ; 41    ; 41   ;
; Unconstrained Output Port Paths ; 159   ; 159  ;
+---------------------------------+-------+------+


+------------------------------------+
; TimeQuest Timing Analyzer Messages ;
+------------------------------------+
Info: *******************************************************************
Info: Running Quartus II 64-Bit TimeQuest Timing Analyzer
    Info: Version 13.1.0 Build 162 10/23/2013 SJ Web Edition
    Info: Processing started: Tue Sep 22 20:41:05 2026
Info: Command: quartus_sta ejercicio12 -c ejercicio12
Info: qsta_default_script.tcl version: #1
Warning (20028): Parallel compilation is not licensed and has been disabled
Info (21077): Low junction temperature is 0 degrees C
Info (21077): High junction temperature is 85 degrees C
Critical Warning (332012): Synopsys Design Constraints File file not found: 'ejercicio12.sdc'. A Synopsys Design Constraints File is required by the TimeQuest Timing Analyzer to get proper timing constraints. Without it, the Compiler will not properly optimize the design.
Info (332142): No user constrained base clocks found in the design. Calling "derive_clocks -period 1.0"
Info (332096): The command derive_clocks did not find any clocks to derive.  No clocks were created or changed.
Warning (332068): No clocks defined in design.
Info (332143): No user constrained clock uncertainty found in the design. Calling "derive_clock_uncertainty"
Info (332154): The derive_clock_uncertainty command did not apply clock uncertainty to any clock-to-clock transfers.
Info: Found TIMEQUEST_REPORT_SCRIPT_INCLUDE_DEFAULT_ANALYSIS = ON
Info (332159): No clocks to report
Info: Analyzing Slow 1100mV 85C Model
Info (332140): No fmax paths to report
Info (332140): No Setup paths to report
Info (332140): No Hold paths to report
Info (332140): No Recovery paths to report
Info (332140): No Removal paths to report
Info (332140): No Minimum Pulse Width paths to report
Info: Analyzing Slow 1100mV 0C Model
Info (334003): Started post-fitting delay annotation
Info (334004): Delay annotation completed successfully
Info (332142): No user constrained base clocks found in the design. Calling "derive_clocks -period 1.0"
Info (332096): The command derive_clocks did not find any clocks to derive.  No clocks were created or changed.
Warning (332068): No clocks defined in design.
Info (332154): The derive_clock_uncertainty command did not apply clock uncertainty to any clock-to-clock transfers.
Info (332140): No fmax paths to report
Info (332140): No Setup paths to report
Info (332140): No Hold paths to report
Info (332140): No Recovery paths to report
Info (332140): No Removal paths to report
Info (332140): No Minimum Pulse Width paths to report
Info: Analyzing Fast 1100mV 85C Model
Info (334003): Started post-fitting delay annotation
Info (334004): Delay annotation completed successfully
Info (332142): No user constrained base clocks found in the design. Calling "derive_clocks -period 1.0"
Info (332096): The command derive_clocks did not find any clocks to derive.  No clocks were created or changed.
Warning (332068): No clocks defined in design.
Info (332154): The derive_clock_uncertainty command did not apply clock uncertainty to any clock-to-clock transfers.
Info (332140): No Setup paths to report
Info (332140): No Hold paths to report
Info (332140): No Recovery paths to report
Info (332140): No Removal paths to report
Info (332140): No Minimum Pulse Width paths to report
Info: Analyzing Fast 1100mV 0C Model
Info (332142): No user constrained base clocks found in the design. Calling "derive_clocks -period 1.0"
Info (332096): The command derive_clocks did not find any clocks to derive.  No clocks were created or changed.
Warning (332068): No clocks defined in design.
Info (332154): The derive_clock_uncertainty command did not apply clock uncertainty to any clock-to-clock transfers.
Info (332140): No Setup paths to report
Info (332140): No Hold paths to report
Info (332140): No Recovery paths to report
Info (332140): No Removal paths to report
Info (332140): No Minimum Pulse Width paths to report
Info (332102): Design is not fully constrained for setup requirements
Info (332102): Design is not fully constrained for hold requirements
Info: Quartus II 64-Bit TimeQuest Timing Analyzer was successful. 0 errors, 6 warnings
    Info: Peak virtual memory: 4885 megabytes
    Info: Processing ended: Tue Sep 22 20:41:10 2026
    Info: Elapsed time: 00:00:05
    Info: Total CPU time (on all processors): 00:00:05


