TimeQuest Timing Analyzer report for ejercicio13
Wed Sep 23 08:57:13 2026
Quartus II 64-Bit Version 13.1.0 Build 162 10/23/2013 SJ Web Edition


---------------------
; Table of Contents ;
---------------------
  1. Legal Notice
  2. TimeQuest Timing Analyzer Summary
  3. Parallel Compilation
  4. Clocks
  5. Slow 1100mV 85C Model Fmax Summary
  6. Timing Closure Recommendations
  7. Slow 1100mV 85C Model Setup Summary
  8. Slow 1100mV 85C Model Hold Summary
  9. Slow 1100mV 85C Model Recovery Summary
 10. Slow 1100mV 85C Model Removal Summary
 11. Slow 1100mV 85C Model Minimum Pulse Width Summary
 12. Propagation Delay
 13. Minimum Propagation Delay
 14. Slow 1100mV 85C Model Metastability Report
 15. Slow 1100mV 0C Model Fmax Summary
 16. Slow 1100mV 0C Model Setup Summary
 17. Slow 1100mV 0C Model Hold Summary
 18. Slow 1100mV 0C Model Recovery Summary
 19. Slow 1100mV 0C Model Removal Summary
 20. Slow 1100mV 0C Model Minimum Pulse Width Summary
 21. Propagation Delay
 22. Minimum Propagation Delay
 23. Slow 1100mV 0C Model Metastability Report
 24. Fast 1100mV 85C Model Setup Summary
 25. Fast 1100mV 85C Model Hold Summary
 26. Fast 1100mV 85C Model Recovery Summary
 27. Fast 1100mV 85C Model Removal Summary
 28. Fast 1100mV 85C Model Minimum Pulse Width Summary
 29. Propagation Delay
 30. Minimum Propagation Delay
 31. Fast 1100mV 85C Model Metastability Report
 32. Fast 1100mV 0C Model Setup Summary
 33. Fast 1100mV 0C Model Hold Summary
 34. Fast 1100mV 0C Model Recovery Summary
 35. Fast 1100mV 0C Model Removal Summary
 36. Fast 1100mV 0C Model Minimum Pulse Width Summary
 37. Propagation Delay
 38. Minimum Propagation Delay
 39. Fast 1100mV 0C Model Metastability Report
 40. Multicorner Timing Analysis Summary
 41. Propagation Delay
 42. Minimum Propagation Delay
 43. Board Trace Model Assignments
 44. Input Transition Times
 45. Signal Integrity Metrics (Slow 1100mv 0c Model)
 46. Signal Integrity Metrics (Slow 1100mv 85c Model)
 47. Signal Integrity Metrics (Fast 1100mv 0c Model)
 48. Signal Integrity Metrics (Fast 1100mv 85c Model)
 49. Clock Transfers
 50. Report TCCS
 51. Report RSKM
 52. Unconstrained Paths
 53. TimeQuest Timing Analyzer Messages



----------------
; Legal Notice ;
----------------
Copyright (C) 1991-2013 Altera Corporation
Your use of Altera Corporation's design tools, logic functions 
and other software and tools, and its AMPP partner logic 
functions, and any output files from any of the foregoing 
(including device programming or simulation files), and any 
associated documentation or information are expressly subject 
to the terms and conditions of the Altera Program License 
Subscription Agreement, Altera MegaCore Function License 
Agreement, or other applicable license agreement, including, 
without limitation, that your use is for the sole purpose of 
programming logic devices manufactured by Altera and sold by 
Altera or its authorized distributors.  Please refer to the 
applicable agreement for further details.



+-------------------------------------------------------------------------+
; TimeQuest Timing Analyzer Summary                                       ;
+--------------------+----------------------------------------------------+
; Quartus II Version ; Version 13.1.0 Build 162 10/23/2013 SJ Web Edition ;
; Revision Name      ; ejercicio13                                        ;
; Device Family      ; Cyclone V                                          ;
; Device Name        ; 5CEBA4F23C7                                        ;
; Timing Models      ; Final                                              ;
; Delay Model        ; Combined                                           ;
; Rise/Fall Delays   ; Enabled                                            ;
+--------------------+----------------------------------------------------+


Parallel compilation was disabled, but you have multiple processors available. Enable parallel compilation to reduce compilation time.
+-------------------------------------+
; Parallel Compilation                ;
+----------------------------+--------+
; Processors                 ; Number ;
+----------------------------+--------+
; Number detected on machine ; 8      ;
; Maximum allowed            ; 1      ;
+----------------------------+--------+


----------
; Clocks ;
----------
No clocks to report.


--------------------------------------
; Slow 1100mV 85C Model Fmax Summary ;
--------------------------------------
No paths to report.


----------------------------------
; Timing Closure Recommendations ;
----------------------------------
HTML report is unavailable in plain text report export.


---------------------------------------
; Slow 1100mV 85C Model Setup Summary ;
---------------------------------------
No paths to report.


--------------------------------------
; Slow 1100mV 85C Model Hold Summary ;
--------------------------------------
No paths to report.


------------------------------------------
; Slow 1100mV 85C Model Recovery Summary ;
------------------------------------------
No paths to report.


-----------------------------------------
; Slow 1100mV 85C Model Removal Summary ;
-----------------------------------------
No paths to report.


-----------------------------------------------------
; Slow 1100mV 85C Model Minimum Pulse Width Summary ;
-----------------------------------------------------
No paths to report.


+--------------------------------------------------------------+
; Propagation Delay                                            ;
+------------+-------------+--------+--------+--------+--------+
; Input Port ; Output Port ; RR     ; RF     ; FR     ; FF     ;
+------------+-------------+--------+--------+--------+--------+
; KEY[0]     ; HEX0[0]     ; 11.773 ; 12.049 ; 12.607 ; 12.872 ;
; KEY[0]     ; HEX0[1]     ; 11.722 ; 11.978 ; 12.556 ; 12.801 ;
; KEY[0]     ; HEX0[2]     ; 11.281 ; 11.889 ; 12.501 ; 11.890 ;
; KEY[0]     ; HEX0[3]     ; 12.278 ; 12.475 ; 13.047 ; 13.252 ;
; KEY[0]     ; HEX0[4]     ; 12.279 ; 11.711 ; 11.662 ; 13.208 ;
; KEY[0]     ; HEX0[5]     ; 11.691 ; 11.543 ; 11.729 ; 12.717 ;
; KEY[0]     ; HEX0[6]     ; 12.383 ; 12.209 ; 13.159 ; 12.977 ;
; KEY[0]     ; HEX1[0]     ; 10.719 ; 11.200 ; 11.118 ; 11.587 ;
; KEY[0]     ; HEX1[2]     ; 11.092 ; 10.652 ; 11.479 ; 11.051 ;
; KEY[0]     ; HEX1[3]     ; 10.605 ; 11.025 ; 11.004 ; 11.412 ;
; KEY[0]     ; HEX1[4]     ; 10.764 ; 11.287 ; 11.163 ; 11.674 ;
; KEY[0]     ; HEX1[5]     ; 10.445 ; 10.842 ; 10.844 ; 11.229 ;
; KEY[0]     ; HEX1[6]     ;        ; 10.409 ; 10.286 ;        ;
; KEY[0]     ; LEDR[0]     ; 13.514 ; 13.533 ; 12.897 ; 15.030 ;
; KEY[0]     ; LEDR[1]     ; 10.895 ; 11.748 ; 11.308 ; 12.135 ;
; KEY[0]     ; LEDR[2]     ; 10.744 ; 11.175 ; 11.143 ; 11.561 ;
; KEY[0]     ; LEDR[3]     ; 11.169 ; 11.908 ; 11.569 ; 12.295 ;
; KEY[0]     ; LEDR[4]     ; 13.400 ; 14.634 ; 13.799 ; 15.021 ;
; KEY[0]     ; LEDR[5]     ; 12.136 ;        ;        ; 11.726 ;
; KEY[0]     ; LEDR[6]     ;        ; 6.919  ; 7.164  ;        ;
; KEY[1]     ; HEX0[0]     ; 11.853 ; 12.118 ; 11.796 ; 12.072 ;
; KEY[1]     ; HEX0[1]     ; 11.802 ; 12.047 ; 11.745 ; 12.001 ;
; KEY[1]     ; HEX0[2]     ; 11.747 ; 11.179 ; 11.231 ; 11.912 ;
; KEY[1]     ; HEX0[3]     ; 12.293 ; 12.498 ; 12.301 ; 12.498 ;
; KEY[1]     ; HEX0[4]     ; 10.956 ; 12.454 ; 12.302 ; 11.668 ;
; KEY[1]     ; HEX0[5]     ; 11.018 ; 11.963 ; 11.714 ; 11.493 ;
; KEY[1]     ; HEX0[6]     ; 12.405 ; 12.223 ; 12.406 ; 12.232 ;
; KEY[1]     ; HEX1[0]     ; 10.413 ; 10.881 ; 10.677 ; 11.156 ;
; KEY[1]     ; HEX1[2]     ; 10.773 ; 10.346 ; 11.048 ; 10.610 ;
; KEY[1]     ; HEX1[3]     ; 10.299 ; 10.706 ; 10.563 ; 10.981 ;
; KEY[1]     ; HEX1[4]     ; 10.458 ; 10.968 ; 10.722 ; 11.243 ;
; KEY[1]     ; HEX1[5]     ; 10.139 ; 10.523 ; 10.403 ; 10.798 ;
; KEY[1]     ; HEX1[6]     ; 10.364 ;        ;        ; 11.331 ;
; KEY[1]     ; LEDR[0]     ; 12.191 ; 14.276 ; 13.537 ; 13.490 ;
; KEY[1]     ; LEDR[1]     ; 11.071 ; 11.917 ; 11.334 ; 12.192 ;
; KEY[1]     ; LEDR[2]     ; 10.433 ; 10.850 ; 10.695 ; 11.124 ;
; KEY[1]     ; LEDR[3]     ; 10.859 ; 11.584 ; 11.121 ; 11.858 ;
; KEY[1]     ; LEDR[4]     ; 13.094 ; 14.315 ; 13.358 ; 14.590 ;
; KEY[1]     ; LEDR[5]     ;        ; 11.804 ; 13.058 ;        ;
; KEY[1]     ; LEDR[7]     ;        ; 6.883  ; 7.114  ;        ;
; KEY[2]     ; HEX0[0]     ; 11.591 ; 11.856 ; 11.583 ; 11.857 ;
; KEY[2]     ; HEX0[1]     ; 11.540 ; 11.785 ; 11.552 ; 11.806 ;
; KEY[2]     ; HEX0[2]     ; 11.485 ; 11.349 ; 11.447 ; 11.669 ;
; KEY[2]     ; HEX0[3]     ; 12.031 ; 12.236 ; 12.055 ; 12.252 ;
; KEY[2]     ; HEX0[4]     ; 11.071 ; 12.192 ; 12.056 ; 11.897 ;
; KEY[2]     ; HEX0[5]     ; 11.188 ; 11.701 ; 11.508 ; 11.709 ;
; KEY[2]     ; HEX0[6]     ; 12.143 ; 11.961 ; 12.160 ; 11.986 ;
; KEY[2]     ; HEX1[0]     ; 10.525 ; 11.059 ; 10.792 ; 11.379 ;
; KEY[2]     ; HEX1[2]     ; 10.951 ; 10.458 ; 11.271 ; 10.725 ;
; KEY[2]     ; HEX1[3]     ; 10.411 ; 10.884 ; 10.678 ; 11.204 ;
; KEY[2]     ; HEX1[4]     ; 10.570 ; 11.146 ; 10.837 ; 11.466 ;
; KEY[2]     ; HEX1[5]     ; 10.251 ; 10.701 ; 10.518 ; 11.021 ;
; KEY[2]     ; HEX1[6]     ;        ; 10.224 ; 9.936  ;        ;
; KEY[2]     ; LEDR[0]     ; 12.306 ; 14.014 ; 13.291 ; 13.719 ;
; KEY[2]     ; LEDR[1]     ; 11.181 ; 12.096 ; 11.449 ; 12.419 ;
; KEY[2]     ; LEDR[2]     ; 10.126 ; 10.550 ; 10.417 ; 10.815 ;
; KEY[2]     ; LEDR[3]     ; 10.960 ; 11.754 ; 11.225 ; 12.074 ;
; KEY[2]     ; LEDR[4]     ; 13.206 ; 14.493 ; 13.473 ; 14.813 ;
; KEY[2]     ; LEDR[5]     ; 11.951 ;        ;        ; 11.376 ;
; KEY[2]     ; LEDR[8]     ;        ; 7.266  ; 7.577  ;        ;
; KEY[3]     ; HEX0[0]     ; 11.826 ; 12.091 ; 11.906 ; 12.182 ;
; KEY[3]     ; HEX0[1]     ; 11.775 ; 12.020 ; 11.855 ; 12.111 ;
; KEY[3]     ; HEX0[2]     ; 11.720 ; 11.062 ; 11.052 ; 12.022 ;
; KEY[3]     ; HEX0[3]     ; 12.266 ; 12.471 ; 12.411 ; 12.608 ;
; KEY[3]     ; HEX0[4]     ; 10.924 ; 12.427 ; 12.412 ; 11.748 ;
; KEY[3]     ; HEX0[5]     ; 10.901 ; 11.936 ; 11.824 ; 11.314 ;
; KEY[3]     ; HEX0[6]     ; 12.378 ; 12.196 ; 12.516 ; 12.342 ;
; KEY[3]     ; HEX1[0]     ; 10.378 ; 10.930 ; 10.729 ; 11.235 ;
; KEY[3]     ; HEX1[2]     ; 10.822 ; 10.311 ; 11.127 ; 10.662 ;
; KEY[3]     ; HEX1[3]     ; 10.264 ; 10.755 ; 10.615 ; 11.060 ;
; KEY[3]     ; HEX1[4]     ; 10.423 ; 11.017 ; 10.774 ; 11.322 ;
; KEY[3]     ; HEX1[5]     ; 10.104 ; 10.572 ; 10.455 ; 10.877 ;
; KEY[3]     ; HEX1[6]     ;        ; 10.205 ; 10.131 ;        ;
; KEY[3]     ; LEDR[0]     ; 12.159 ; 14.249 ; 13.647 ; 13.570 ;
; KEY[3]     ; LEDR[1]     ; 10.911 ; 11.805 ; 11.168 ; 12.017 ;
; KEY[3]     ; LEDR[2]     ; 10.273 ; 10.738 ; 10.530 ; 10.950 ;
; KEY[3]     ; LEDR[3]     ; 10.694 ; 11.467 ; 10.951 ; 11.679 ;
; KEY[3]     ; LEDR[4]     ; 13.059 ; 14.364 ; 13.410 ; 14.669 ;
; KEY[3]     ; LEDR[5]     ; 11.932 ;        ;        ; 11.571 ;
; KEY[3]     ; LEDR[9]     ;        ; 7.051  ; 7.365  ;        ;
; SW[0]      ; HEX0[0]     ; 12.546 ; 12.820 ; 12.844 ; 13.118 ;
; SW[0]      ; HEX0[1]     ; 12.515 ; 12.769 ; 12.813 ; 13.067 ;
; SW[0]      ; HEX0[2]     ; 12.410 ; 12.632 ; 12.708 ; 12.930 ;
; SW[0]      ; HEX0[3]     ; 12.033 ; 12.260 ; 12.381 ; 12.586 ;
; SW[0]      ; HEX0[4]     ; 12.091 ; 12.242 ; 12.413 ; 12.564 ;
; SW[0]      ; HEX0[5]     ; 12.471 ; 12.672 ; 12.769 ; 12.970 ;
; SW[0]      ; HEX0[6]     ; 12.194 ; 12.020 ; 12.516 ; 12.342 ;
; SW[0]      ; HEX1[0]     ; 11.057 ; 11.472 ; 11.373 ; 11.778 ;
; SW[0]      ; HEX1[2]     ; 11.083 ; 11.145 ; 11.378 ; 11.440 ;
; SW[0]      ; HEX1[3]     ; 10.943 ; 11.297 ; 11.259 ; 11.603 ;
; SW[0]      ; HEX1[4]     ; 11.102 ; 11.560 ; 11.418 ; 11.866 ;
; SW[0]      ; HEX1[5]     ; 10.781 ; 11.200 ; 11.076 ; 11.495 ;
; SW[0]      ; HEX1[6]     ; 11.608 ; 11.730 ; 11.903 ; 12.025 ;
; SW[0]      ; LEDR[0]     ; 12.931 ; 14.016 ; 13.239 ; 14.364 ;
; SW[0]      ; LEDR[1]     ; 12.105 ; 13.003 ; 12.406 ; 13.304 ;
; SW[0]      ; LEDR[2]     ; 11.695 ; 12.149 ; 12.005 ; 12.471 ;
; SW[0]      ; LEDR[3]     ; 12.230 ; 13.037 ; 12.528 ; 13.335 ;
; SW[0]      ; LEDR[4]     ; 13.738 ; 14.907 ; 14.054 ; 15.213 ;
; SW[0]      ; LEDR[5]     ; 13.457 ; 13.048 ; 13.752 ; 13.343 ;
; SW[1]      ; HEX0[0]     ; 12.517 ; 12.791 ; 12.677 ; 12.951 ;
; SW[1]      ; HEX0[1]     ; 12.486 ; 12.740 ; 12.646 ; 12.900 ;
; SW[1]      ; HEX0[2]     ; 12.381 ; 12.603 ; 12.541 ; 12.763 ;
; SW[1]      ; HEX0[3]     ; 11.909 ; 12.231 ; 12.093 ; 12.415 ;
; SW[1]      ; HEX0[4]     ; 12.062 ; 12.213 ; 12.246 ; 12.397 ;
; SW[1]      ; HEX0[5]     ; 12.442 ; 12.643 ; 12.602 ; 12.803 ;
; SW[1]      ; HEX0[6]     ; 12.165 ; 11.991 ; 12.349 ; 12.175 ;
; SW[1]      ; HEX1[0]     ; 11.028 ; 11.443 ; 11.206 ; 11.611 ;
; SW[1]      ; HEX1[2]     ; 11.054 ; 11.116 ; 11.211 ; 11.273 ;
; SW[1]      ; HEX1[3]     ; 10.914 ; 11.268 ; 11.092 ; 11.436 ;
; SW[1]      ; HEX1[4]     ; 11.073 ; 11.531 ; 11.251 ; 11.699 ;
; SW[1]      ; HEX1[5]     ; 10.752 ; 11.171 ; 10.909 ; 11.328 ;
; SW[1]      ; HEX1[6]     ; 11.579 ; 11.701 ; 11.736 ; 11.858 ;
; SW[1]      ; LEDR[0]     ;        ; 13.430 ; 12.757 ;        ;
; SW[1]      ; LEDR[1]     ; 12.194 ; 13.052 ; 12.419 ; 13.276 ;
; SW[1]      ; LEDR[2]     ; 11.666 ; 12.120 ; 11.838 ; 12.304 ;
; SW[1]      ; LEDR[3]     ; 12.201 ; 13.008 ; 12.361 ; 13.168 ;
; SW[1]      ; LEDR[4]     ; 13.709 ; 14.878 ; 13.887 ; 15.046 ;
; SW[1]      ; LEDR[5]     ; 13.428 ; 13.019 ; 13.585 ; 13.176 ;
; SW[2]      ; HEX0[0]     ; 12.882 ; 13.156 ; 13.193 ; 13.467 ;
; SW[2]      ; HEX0[1]     ; 12.851 ; 13.105 ; 13.162 ; 13.416 ;
; SW[2]      ; HEX0[2]     ; 12.746 ; 12.968 ; 13.057 ; 13.279 ;
; SW[2]      ; HEX0[3]     ; 12.165 ; 12.421 ; 12.476 ; 12.796 ;
; SW[2]      ; HEX0[4]     ; 12.252 ; 12.403 ; 12.627 ; 12.778 ;
; SW[2]      ; HEX0[5]     ; 12.807 ; 13.008 ; 13.118 ; 13.319 ;
; SW[2]      ; HEX0[6]     ; 12.355 ; 12.181 ; 12.730 ; 12.556 ;
; SW[2]      ; HEX1[0]     ; 11.393 ; 11.808 ; 11.722 ; 12.127 ;
; SW[2]      ; HEX1[2]     ; 11.419 ; 11.481 ; 11.727 ; 11.789 ;
; SW[2]      ; HEX1[3]     ; 11.279 ; 11.633 ; 11.608 ; 11.952 ;
; SW[2]      ; HEX1[4]     ; 11.438 ; 11.896 ; 11.767 ; 12.215 ;
; SW[2]      ; HEX1[5]     ; 11.117 ; 11.536 ; 11.425 ; 11.844 ;
; SW[2]      ; HEX1[6]     ; 11.944 ; 12.066 ; 12.252 ; 12.374 ;
; SW[2]      ; LEDR[0]     ;        ; 13.585 ; 13.035 ;        ;
; SW[2]      ; LEDR[2]     ; 11.880 ; 12.310 ; 12.266 ; 12.685 ;
; SW[2]      ; LEDR[3]     ; 12.566 ; 13.373 ; 12.877 ; 13.684 ;
; SW[2]      ; LEDR[4]     ; 14.074 ; 15.243 ; 14.403 ; 15.562 ;
; SW[2]      ; LEDR[5]     ; 13.793 ; 13.384 ; 14.101 ; 13.692 ;
; SW[3]      ; HEX0[0]     ; 12.132 ; 12.406 ; 12.389 ; 12.663 ;
; SW[3]      ; HEX0[1]     ; 12.101 ; 12.355 ; 12.358 ; 12.612 ;
; SW[3]      ; HEX0[2]     ; 11.996 ; 12.218 ; 12.253 ; 12.475 ;
; SW[3]      ; HEX0[3]     ; 11.902 ; 12.107 ; 12.145 ; 12.350 ;
; SW[3]      ; HEX0[4]     ; 11.669 ; 12.063 ; 11.926 ; 12.306 ;
; SW[3]      ; HEX0[5]     ; 12.057 ; 12.258 ; 12.314 ; 12.515 ;
; SW[3]      ; HEX0[6]     ; 12.014 ; 11.832 ; 12.257 ; 12.075 ;
; SW[3]      ; HEX1[0]     ; 10.625 ; 11.040 ; 10.825 ; 11.230 ;
; SW[3]      ; HEX1[2]     ; 10.651 ; 10.713 ; 10.830 ; 10.892 ;
; SW[3]      ; HEX1[3]     ; 10.511 ; 10.865 ; 10.711 ; 11.055 ;
; SW[3]      ; HEX1[4]     ; 10.670 ; 11.128 ; 10.870 ; 11.318 ;
; SW[3]      ; HEX1[5]     ; 10.349 ; 10.768 ; 10.528 ; 10.947 ;
; SW[3]      ; HEX1[6]     ; 11.176 ; 11.298 ; 11.355 ; 11.477 ;
; SW[3]      ; LEDR[0]     ; 12.904 ; 13.885 ; 13.161 ; 14.128 ;
; SW[3]      ; LEDR[3]     ; 11.842 ; 12.623 ; 12.093 ; 12.880 ;
; SW[3]      ; LEDR[4]     ; 13.306 ; 14.475 ; 13.506 ; 14.665 ;
; SW[3]      ; LEDR[5]     ; 13.025 ; 12.616 ; 13.204 ; 12.795 ;
; SW[4]      ; HEX0[0]     ; 11.556 ; 11.821 ; 11.955 ; 12.220 ;
; SW[4]      ; HEX0[1]     ; 11.505 ; 11.750 ; 11.904 ; 12.149 ;
; SW[4]      ; HEX0[2]     ; 11.450 ; 11.213 ; 11.849 ; 11.916 ;
; SW[4]      ; HEX0[3]     ; 11.996 ; 12.201 ; 12.395 ; 12.600 ;
; SW[4]      ; HEX0[4]     ; 11.603 ; 12.157 ; 12.306 ; 12.556 ;
; SW[4]      ; HEX0[5]     ; 11.015 ; 11.666 ; 11.718 ; 12.065 ;
; SW[4]      ; HEX0[6]     ; 12.108 ; 11.926 ; 12.507 ; 12.325 ;
; SW[4]      ; HEX1[0]     ; 11.049 ; 11.382 ; 11.420 ; 11.801 ;
; SW[4]      ; HEX1[2]     ; 11.203 ; 11.265 ; 11.546 ; 11.608 ;
; SW[4]      ; HEX1[3]     ; 10.935 ; 11.207 ; 11.306 ; 11.626 ;
; SW[4]      ; HEX1[4]     ; 11.061 ; 11.470 ; 11.465 ; 11.889 ;
; SW[4]      ; HEX1[5]     ; 10.901 ; 11.320 ; 11.244 ; 11.663 ;
; SW[4]      ; HEX1[6]     ; 11.728 ; 11.850 ; 12.071 ; 12.193 ;
; SW[4]      ; LEDR[0]     ; 12.838 ; 13.979 ; 13.541 ; 14.378 ;
; SW[4]      ; LEDR[4]     ; 13.697 ; 14.817 ; 14.101 ; 15.236 ;
; SW[4]      ; LEDR[5]     ; 13.577 ; 13.168 ; 13.920 ; 13.511 ;
; SW[5]      ; HEX0[0]     ; 12.838 ; 13.112 ; 13.152 ; 13.426 ;
; SW[5]      ; HEX0[1]     ; 12.807 ; 13.061 ; 13.121 ; 13.375 ;
; SW[5]      ; HEX0[2]     ; 12.702 ; 12.924 ; 13.016 ; 13.238 ;
; SW[5]      ; HEX0[3]     ; 12.230 ; 12.552 ; 12.568 ; 12.890 ;
; SW[5]      ; HEX0[4]     ; 12.383 ; 12.534 ; 12.721 ; 12.872 ;
; SW[5]      ; HEX0[5]     ; 12.763 ; 12.964 ; 13.077 ; 13.278 ;
; SW[5]      ; HEX0[6]     ; 12.486 ; 12.312 ; 12.824 ; 12.650 ;
; SW[5]      ; HEX1[0]     ; 11.349 ; 11.764 ; 11.681 ; 12.086 ;
; SW[5]      ; HEX1[2]     ; 11.375 ; 11.437 ; 11.686 ; 11.748 ;
; SW[5]      ; HEX1[3]     ; 11.235 ; 11.589 ; 11.567 ; 11.911 ;
; SW[5]      ; HEX1[4]     ; 11.394 ; 11.852 ; 11.726 ; 12.174 ;
; SW[5]      ; HEX1[5]     ; 11.073 ; 11.492 ; 11.384 ; 11.803 ;
; SW[5]      ; HEX1[6]     ; 11.900 ; 12.022 ; 12.211 ; 12.333 ;
; SW[5]      ; LEDR[0]     ; 12.806 ; 13.880 ; 13.194 ; 14.273 ;
; SW[5]      ; LEDR[1]     ; 12.397 ; 13.295 ; 12.714 ; 13.612 ;
; SW[5]      ; LEDR[2]     ; 11.987 ; 12.441 ; 12.313 ; 12.779 ;
; SW[5]      ; LEDR[3]     ; 12.522 ; 13.329 ; 12.836 ; 13.643 ;
; SW[5]      ; LEDR[4]     ; 14.030 ; 15.199 ; 14.362 ; 15.521 ;
; SW[5]      ; LEDR[5]     ; 13.749 ; 13.340 ; 14.060 ; 13.651 ;
; SW[6]      ; HEX0[0]     ; 12.583 ; 12.857 ; 12.968 ; 13.242 ;
; SW[6]      ; HEX0[1]     ; 12.552 ; 12.806 ; 12.937 ; 13.191 ;
; SW[6]      ; HEX0[2]     ; 12.447 ; 12.669 ; 12.832 ; 13.054 ;
; SW[6]      ; HEX0[3]     ; 11.975 ; 12.297 ; 12.384 ; 12.706 ;
; SW[6]      ; HEX0[4]     ; 12.128 ; 12.279 ; 12.537 ; 12.688 ;
; SW[6]      ; HEX0[5]     ; 12.508 ; 12.709 ; 12.893 ; 13.094 ;
; SW[6]      ; HEX0[6]     ; 12.231 ; 12.057 ; 12.640 ; 12.466 ;
; SW[6]      ; HEX1[0]     ; 11.094 ; 11.509 ; 11.497 ; 11.902 ;
; SW[6]      ; HEX1[2]     ; 11.120 ; 11.182 ; 11.502 ; 11.564 ;
; SW[6]      ; HEX1[3]     ; 10.980 ; 11.334 ; 11.383 ; 11.727 ;
; SW[6]      ; HEX1[4]     ; 11.139 ; 11.597 ; 11.542 ; 11.990 ;
; SW[6]      ; HEX1[5]     ; 10.818 ; 11.237 ; 11.200 ; 11.619 ;
; SW[6]      ; HEX1[6]     ; 11.645 ; 11.767 ; 12.027 ; 12.149 ;
; SW[6]      ; LEDR[0]     ; 12.482 ;        ;        ; 13.874 ;
; SW[6]      ; LEDR[1]     ; 11.911 ; 12.926 ; 12.315 ; 13.320 ;
; SW[6]      ; LEDR[2]     ; 11.732 ; 12.186 ; 12.129 ; 12.595 ;
; SW[6]      ; LEDR[3]     ; 12.267 ; 13.074 ; 12.652 ; 13.459 ;
; SW[6]      ; LEDR[4]     ; 13.775 ; 14.944 ; 14.178 ; 15.337 ;
; SW[6]      ; LEDR[5]     ; 13.494 ; 13.085 ; 13.876 ; 13.467 ;
; SW[7]      ; HEX0[0]     ; 11.958 ; 12.232 ; 12.235 ; 12.509 ;
; SW[7]      ; HEX0[1]     ; 11.927 ; 12.181 ; 12.204 ; 12.458 ;
; SW[7]      ; HEX0[2]     ; 11.822 ; 12.044 ; 12.099 ; 12.321 ;
; SW[7]      ; HEX0[3]     ; 11.241 ; 11.444 ; 11.518 ; 11.840 ;
; SW[7]      ; HEX0[4]     ; 11.249 ; 11.400 ; 11.671 ; 11.822 ;
; SW[7]      ; HEX0[5]     ; 11.883 ; 12.084 ; 12.160 ; 12.361 ;
; SW[7]      ; HEX0[6]     ; 11.352 ; 11.178 ; 11.774 ; 11.600 ;
; SW[7]      ; HEX1[0]     ; 10.469 ; 10.884 ; 10.764 ; 11.169 ;
; SW[7]      ; HEX1[2]     ; 10.495 ; 10.557 ; 10.769 ; 10.831 ;
; SW[7]      ; HEX1[3]     ; 10.355 ; 10.709 ; 10.650 ; 10.994 ;
; SW[7]      ; HEX1[4]     ; 10.514 ; 10.972 ; 10.809 ; 11.257 ;
; SW[7]      ; HEX1[5]     ; 10.193 ; 10.612 ; 10.467 ; 10.886 ;
; SW[7]      ; HEX1[6]     ; 11.020 ; 11.142 ; 11.294 ; 11.416 ;
; SW[7]      ; LEDR[0]     ; 11.825 ;        ;        ; 13.014 ;
; SW[7]      ; LEDR[2]     ; 10.959 ; 11.307 ; 11.278 ; 11.729 ;
; SW[7]      ; LEDR[3]     ; 11.642 ; 12.449 ; 11.919 ; 12.726 ;
; SW[7]      ; LEDR[4]     ; 13.150 ; 14.319 ; 13.445 ; 14.604 ;
; SW[7]      ; LEDR[5]     ; 12.869 ; 12.460 ; 13.143 ; 12.734 ;
; SW[8]      ; HEX0[0]     ; 13.001 ; 13.275 ; 13.495 ; 13.769 ;
; SW[8]      ; HEX0[1]     ; 12.970 ; 13.224 ; 13.464 ; 13.718 ;
; SW[8]      ; HEX0[2]     ; 12.865 ; 13.087 ; 13.359 ; 13.581 ;
; SW[8]      ; HEX0[3]     ; 12.284 ; 12.487 ; 12.778 ; 12.981 ;
; SW[8]      ; HEX0[4]     ; 12.274 ; 12.140 ; 12.768 ; 12.633 ;
; SW[8]      ; HEX0[5]     ; 12.926 ; 13.127 ; 13.420 ; 13.621 ;
; SW[8]      ; HEX0[6]     ; 12.391 ; 12.211 ; 12.885 ; 12.705 ;
; SW[8]      ; HEX1[0]     ; 11.436 ; 11.851 ; 11.886 ; 12.291 ;
; SW[8]      ; HEX1[2]     ; 11.462 ; 11.524 ; 11.891 ; 11.953 ;
; SW[8]      ; HEX1[3]     ; 11.322 ; 11.676 ; 11.772 ; 12.116 ;
; SW[8]      ; HEX1[4]     ; 11.481 ; 11.939 ; 11.931 ; 12.379 ;
; SW[8]      ; HEX1[5]     ; 11.160 ; 11.579 ; 11.589 ; 12.008 ;
; SW[8]      ; HEX1[6]     ; 11.987 ; 12.109 ; 12.416 ; 12.538 ;
; SW[8]      ; LEDR[0]     ; 13.026 ; 13.861 ; 13.417 ; 14.424 ;
; SW[8]      ; LEDR[3]     ; 12.726 ; 13.492 ; 13.219 ; 13.986 ;
; SW[8]      ; LEDR[4]     ; 14.117 ; 15.286 ; 14.567 ; 15.726 ;
; SW[8]      ; LEDR[5]     ; 13.836 ; 13.427 ; 14.265 ; 13.856 ;
; SW[9]      ; HEX0[0]     ; 12.030 ; 12.295 ; 12.686 ; 12.951 ;
; SW[9]      ; HEX0[1]     ; 11.979 ; 12.224 ; 12.635 ; 12.880 ;
; SW[9]      ; HEX0[2]     ; 11.924 ; 12.002 ; 12.580 ; 12.378 ;
; SW[9]      ; HEX0[3]     ; 12.470 ; 12.675 ; 13.126 ; 13.331 ;
; SW[9]      ; HEX0[4]     ; 12.392 ; 12.631 ; 12.768 ; 13.287 ;
; SW[9]      ; HEX0[5]     ; 11.804 ; 12.140 ; 12.180 ; 12.796 ;
; SW[9]      ; HEX0[6]     ; 12.582 ; 12.400 ; 13.238 ; 13.056 ;
; SW[9]      ; HEX1[0]     ; 11.058 ; 11.296 ; 11.542 ; 11.827 ;
; SW[9]      ; HEX1[2]     ; 11.212 ; 11.274 ; 11.696 ; 11.758 ;
; SW[9]      ; HEX1[3]     ; 10.944 ; 11.121 ; 11.428 ; 11.652 ;
; SW[9]      ; HEX1[4]     ; 10.814 ; 11.384 ; 11.305 ; 11.915 ;
; SW[9]      ; HEX1[5]     ; 10.910 ; 11.329 ; 11.394 ; 11.813 ;
; SW[9]      ; HEX1[6]     ; 11.737 ; 11.859 ; 12.221 ; 12.343 ;
; SW[9]      ; LEDR[0]     ; 13.627 ; 14.453 ; 14.003 ; 15.109 ;
; SW[9]      ; LEDR[4]     ; 13.450 ; 14.731 ; 13.941 ; 15.262 ;
; SW[9]      ; LEDR[5]     ; 13.586 ; 13.177 ; 14.070 ; 13.661 ;
+------------+-------------+--------+--------+--------+--------+


+--------------------------------------------------------------+
; Minimum Propagation Delay                                    ;
+------------+-------------+--------+--------+--------+--------+
; Input Port ; Output Port ; RR     ; RF     ; FR     ; FF     ;
+------------+-------------+--------+--------+--------+--------+
; KEY[0]     ; HEX0[0]     ; 9.021  ; 9.288  ; 9.406  ; 9.594  ;
; KEY[0]     ; HEX0[1]     ; 9.007  ; 9.272  ; 9.391  ; 9.577  ;
; KEY[0]     ; HEX0[2]     ; 9.175  ; 9.164  ; 9.289  ; 9.791  ;
; KEY[0]     ; HEX0[3]     ; 9.077  ; 9.355  ; 9.352  ; 9.630  ;
; KEY[0]     ; HEX0[4]     ; 9.364  ; 9.337  ; 9.622  ; 9.612  ;
; KEY[0]     ; HEX0[5]     ; 8.968  ; 9.452  ; 9.503  ; 9.502  ;
; KEY[0]     ; HEX0[6]     ; 9.292  ; 9.022  ; 9.567  ; 9.297  ;
; KEY[0]     ; HEX1[0]     ; 8.330  ; 8.622  ; 8.745  ; 8.949  ;
; KEY[0]     ; HEX1[2]     ; 8.563  ; 9.584  ; 10.216 ; 8.692  ;
; KEY[0]     ; HEX1[3]     ; 8.231  ; 8.474  ; 8.646  ; 8.801  ;
; KEY[0]     ; HEX1[4]     ; 8.549  ; 10.126 ; 9.943  ; 9.050  ;
; KEY[0]     ; HEX1[5]     ; 8.096  ; 9.735  ; 9.657  ; 8.653  ;
; KEY[0]     ; HEX1[6]     ;        ; 9.354  ; 9.233  ;        ;
; KEY[0]     ; LEDR[0]     ; 10.743 ; 12.033 ; 11.533 ; 11.546 ;
; KEY[0]     ; LEDR[1]     ; 9.861  ; 10.391 ; 10.136 ; 10.649 ;
; KEY[0]     ; LEDR[2]     ; 9.728  ; 10.042 ; 9.990  ; 10.300 ;
; KEY[0]     ; LEDR[3]     ; 10.028 ; 10.498 ; 10.290 ; 10.756 ;
; KEY[0]     ; LEDR[4]     ; 10.947 ; 13.080 ; 12.341 ; 12.004 ;
; KEY[0]     ; LEDR[5]     ; 10.798 ;        ;        ; 10.530 ;
; KEY[0]     ; LEDR[6]     ;        ; 6.422  ; 6.623  ;        ;
; KEY[1]     ; HEX0[0]     ; 9.247  ; 9.435  ; 9.479  ; 9.733  ;
; KEY[1]     ; HEX0[1]     ; 9.232  ; 9.418  ; 9.465  ; 9.713  ;
; KEY[1]     ; HEX0[2]     ; 9.130  ; 9.426  ; 9.465  ; 9.621  ;
; KEY[1]     ; HEX0[3]     ; 9.081  ; 9.240  ; 9.274  ; 9.433  ;
; KEY[1]     ; HEX0[4]     ; 9.296  ; 9.195  ; 9.482  ; 9.388  ;
; KEY[1]     ; HEX0[5]     ; 9.309  ; 9.343  ; 9.426  ; 9.742  ;
; KEY[1]     ; HEX0[6]     ; 9.179  ; 9.028  ; 9.372  ; 9.221  ;
; KEY[1]     ; HEX1[0]     ; 8.872  ; 9.076  ; 9.072  ; 9.364  ;
; KEY[1]     ; HEX1[2]     ; 9.683  ; 8.819  ; 9.305  ; 9.504  ;
; KEY[1]     ; HEX1[3]     ; 8.773  ; 8.928  ; 8.973  ; 9.216  ;
; KEY[1]     ; HEX1[4]     ; 9.405  ; 9.177  ; 9.291  ; 10.039 ;
; KEY[1]     ; HEX1[5]     ; 9.119  ; 8.780  ; 8.838  ; 9.648  ;
; KEY[1]     ; HEX1[6]     ; 9.360  ;        ;        ; 10.096 ;
; KEY[1]     ; LEDR[0]     ; 10.996 ; 11.387 ; 11.191 ; 11.946 ;
; KEY[1]     ; LEDR[1]     ; 9.957  ; 10.510 ; 10.151 ; 10.697 ;
; KEY[1]     ; LEDR[2]     ; 9.448  ; 9.763  ; 9.641  ; 9.949  ;
; KEY[1]     ; LEDR[3]     ; 9.749  ; 10.220 ; 9.942  ; 10.406 ;
; KEY[1]     ; LEDR[4]     ; 11.803 ; 12.131 ; 11.689 ; 12.993 ;
; KEY[1]     ; LEDR[5]     ;        ; 10.657 ; 11.540 ;        ;
; KEY[1]     ; LEDR[7]     ;        ; 6.382  ; 6.560  ;        ;
; KEY[2]     ; HEX0[0]     ; 8.689  ; 8.956  ; 8.914  ; 9.102  ;
; KEY[2]     ; HEX0[1]     ; 8.675  ; 8.940  ; 8.899  ; 9.085  ;
; KEY[2]     ; HEX0[2]     ; 9.171  ; 8.832  ; 8.797  ; 9.635  ;
; KEY[2]     ; HEX0[3]     ; 9.080  ; 9.239  ; 9.343  ; 9.495  ;
; KEY[2]     ; HEX0[4]     ; 9.220  ; 9.194  ; 9.471  ; 9.467  ;
; KEY[2]     ; HEX0[5]     ; 8.636  ; 9.447  ; 9.442  ; 9.010  ;
; KEY[2]     ; HEX0[6]     ; 9.178  ; 9.027  ; 9.437  ; 9.293  ;
; KEY[2]     ; HEX1[0]     ; 8.200  ; 8.492  ; 8.453  ; 8.657  ;
; KEY[2]     ; HEX1[2]     ; 8.433  ; 9.321  ; 9.952  ; 8.400  ;
; KEY[2]     ; HEX1[3]     ; 8.101  ; 8.344  ; 8.354  ; 8.509  ;
; KEY[2]     ; HEX1[4]     ; 8.419  ; 9.925  ; 9.736  ; 8.758  ;
; KEY[2]     ; HEX1[5]     ; 7.966  ; 9.534  ; 9.450  ; 8.361  ;
; KEY[2]     ; HEX1[6]     ;        ; 9.224  ; 8.941  ;        ;
; KEY[2]     ; LEDR[0]     ; 10.411 ; 11.833 ; 11.327 ; 11.054 ;
; KEY[2]     ; LEDR[1]     ; 9.964  ; 10.580 ; 10.285 ; 10.776 ;
; KEY[2]     ; LEDR[2]     ; 9.274  ; 9.566  ; 9.489  ; 9.764  ;
; KEY[2]     ; LEDR[3]     ; 9.748  ; 10.282 ; 10.066 ; 10.475 ;
; KEY[2]     ; LEDR[4]     ; 10.817 ; 12.879 ; 12.134 ; 11.712 ;
; KEY[2]     ; LEDR[5]     ; 10.668 ;        ;        ; 10.238 ;
; KEY[2]     ; LEDR[8]     ;        ; 6.760  ; 7.043  ;        ;
; KEY[3]     ; HEX0[0]     ; 8.557  ; 8.824  ; 8.980  ; 9.168  ;
; KEY[3]     ; HEX0[1]     ; 8.543  ; 8.808  ; 8.965  ; 9.151  ;
; KEY[3]     ; HEX0[2]     ; 9.185  ; 8.700  ; 8.863  ; 9.631  ;
; KEY[3]     ; HEX0[3]     ; 8.990  ; 9.149  ; 9.185  ; 9.344  ;
; KEY[3]     ; HEX0[4]     ; 9.088  ; 9.104  ; 9.405  ; 9.299  ;
; KEY[3]     ; HEX0[5]     ; 8.504  ; 9.462  ; 9.434  ; 9.076  ;
; KEY[3]     ; HEX0[6]     ; 9.088  ; 8.937  ; 9.283  ; 9.132  ;
; KEY[3]     ; HEX1[0]     ; 8.137  ; 8.429  ; 8.636  ; 8.840  ;
; KEY[3]     ; HEX1[2]     ; 8.370  ; 9.239  ; 9.887  ; 8.583  ;
; KEY[3]     ; HEX1[3]     ; 8.038  ; 8.281  ; 8.537  ; 8.692  ;
; KEY[3]     ; HEX1[4]     ; 8.356  ; 9.831  ; 9.610  ; 8.941  ;
; KEY[3]     ; HEX1[5]     ; 7.903  ; 9.440  ; 9.324  ; 8.544  ;
; KEY[3]     ; HEX1[6]     ;        ; 9.161  ; 9.124  ;        ;
; KEY[3]     ; LEDR[0]     ; 10.279 ; 11.738 ; 11.201 ; 11.120 ;
; KEY[3]     ; LEDR[1]     ; 9.871  ; 10.485 ; 10.067 ; 10.625 ;
; KEY[3]     ; LEDR[2]     ; 9.362  ; 9.738  ; 9.558  ; 9.878  ;
; KEY[3]     ; LEDR[3]     ; 9.658  ; 10.190 ; 9.853  ; 10.329 ;
; KEY[3]     ; LEDR[4]     ; 10.754 ; 12.785 ; 12.008 ; 11.895 ;
; KEY[3]     ; LEDR[5]     ; 10.605 ;        ;        ; 10.421 ;
; KEY[3]     ; LEDR[9]     ;        ; 6.548  ; 6.833  ;        ;
; SW[0]      ; HEX0[0]     ; 9.108  ; 9.283  ; 9.553  ; 9.728  ;
; SW[0]      ; HEX0[1]     ; 9.090  ; 9.263  ; 9.535  ; 9.708  ;
; SW[0]      ; HEX0[2]     ; 9.315  ; 9.171  ; 9.738  ; 9.616  ;
; SW[0]      ; HEX0[3]     ; 9.545  ; 9.708  ; 9.990  ; 10.153 ;
; SW[0]      ; HEX0[4]     ; 9.550  ; 9.939  ; 9.995  ; 10.281 ;
; SW[0]      ; HEX0[5]     ; 9.054  ; 9.487  ; 9.499  ; 9.910  ;
; SW[0]      ; HEX0[6]     ; 9.650  ; 9.495  ; 10.095 ; 9.940  ;
; SW[0]      ; HEX1[0]     ; 9.508  ; 9.437  ; 9.712  ; 9.641  ;
; SW[0]      ; HEX1[2]     ; 9.448  ; 9.163  ; 9.681  ; 9.396  ;
; SW[0]      ; HEX1[3]     ; 9.409  ; 9.289  ; 9.613  ; 9.493  ;
; SW[0]      ; HEX1[4]     ; 9.631  ; 9.988  ; 9.864  ; 10.221 ;
; SW[0]      ; HEX1[5]     ; 8.978  ; 9.244  ; 9.211  ; 9.477  ;
; SW[0]      ; HEX1[6]     ; 10.098 ; 10.181 ; 10.302 ; 10.385 ;
; SW[0]      ; LEDR[0]     ; 10.741 ; 11.526 ; 11.186 ; 11.949 ;
; SW[0]      ; LEDR[1]     ; 10.595 ; 11.106 ; 10.805 ; 11.316 ;
; SW[0]      ; LEDR[2]     ; 10.276 ; 10.536 ; 10.481 ; 10.740 ;
; SW[0]      ; LEDR[3]     ; 10.682 ; 11.126 ; 10.889 ; 11.333 ;
; SW[0]      ; LEDR[4]     ; 12.029 ; 12.942 ; 12.262 ; 13.175 ;
; SW[0]      ; LEDR[5]     ; 11.625 ; 11.395 ; 11.829 ; 11.599 ;
; SW[1]      ; HEX0[0]     ; 8.865  ; 9.128  ; 9.173  ; 9.436  ;
; SW[1]      ; HEX0[1]     ; 8.851  ; 9.112  ; 9.159  ; 9.420  ;
; SW[1]      ; HEX0[2]     ; 8.758  ; 9.247  ; 9.066  ; 9.464  ;
; SW[1]      ; HEX0[3]     ; 8.660  ; 8.938  ; 8.968  ; 9.246  ;
; SW[1]      ; HEX0[4]     ; 9.078  ; 8.920  ; 9.295  ; 9.228  ;
; SW[1]      ; HEX0[5]     ; 8.811  ; 9.035  ; 9.119  ; 9.343  ;
; SW[1]      ; HEX0[6]     ; 8.875  ; 8.605  ; 9.183  ; 8.913  ;
; SW[1]      ; HEX1[0]     ; 9.452  ; 9.381  ; 9.645  ; 9.574  ;
; SW[1]      ; HEX1[2]     ; 9.392  ; 9.107  ; 9.614  ; 9.329  ;
; SW[1]      ; HEX1[3]     ; 9.353  ; 9.233  ; 9.546  ; 9.426  ;
; SW[1]      ; HEX1[4]     ; 9.575  ; 9.932  ; 9.797  ; 10.154 ;
; SW[1]      ; HEX1[5]     ; 8.922  ; 9.188  ; 9.144  ; 9.410  ;
; SW[1]      ; HEX1[6]     ; 10.042 ; 10.125 ; 10.235 ; 10.318 ;
; SW[1]      ; LEDR[0]     ;        ; 11.895 ; 11.398 ;        ;
; SW[1]      ; LEDR[1]     ; 9.444  ; 10.105 ; 9.752  ; 10.322 ;
; SW[1]      ; LEDR[2]     ; 10.220 ; 10.480 ; 10.414 ; 10.673 ;
; SW[1]      ; LEDR[3]     ; 10.626 ; 11.070 ; 10.822 ; 11.266 ;
; SW[1]      ; LEDR[4]     ; 11.973 ; 12.886 ; 12.195 ; 13.108 ;
; SW[1]      ; LEDR[5]     ; 11.569 ; 11.339 ; 11.762 ; 11.532 ;
; SW[2]      ; HEX0[0]     ; 9.364  ; 9.623  ; 9.756  ; 10.015 ;
; SW[2]      ; HEX0[1]     ; 9.350  ; 9.908  ; 9.742  ; 10.180 ;
; SW[2]      ; HEX0[2]     ; 9.255  ; 9.504  ; 9.647  ; 9.896  ;
; SW[2]      ; HEX0[3]     ; 9.258  ; 9.391  ; 9.650  ; 9.783  ;
; SW[2]      ; HEX0[4]     ; 9.340  ; 9.470  ; 9.732  ; 9.862  ;
; SW[2]      ; HEX0[5]     ; 9.311  ; 9.531  ; 9.703  ; 9.923  ;
; SW[2]      ; HEX0[6]     ; 9.440  ; 9.285  ; 9.832  ; 9.677  ;
; SW[2]      ; HEX1[0]     ; 9.796  ; 9.725  ; 10.083 ; 10.012 ;
; SW[2]      ; HEX1[2]     ; 9.736  ; 9.451  ; 10.052 ; 9.767  ;
; SW[2]      ; HEX1[3]     ; 9.697  ; 9.577  ; 9.984  ; 9.864  ;
; SW[2]      ; HEX1[4]     ; 9.919  ; 10.276 ; 10.235 ; 10.592 ;
; SW[2]      ; HEX1[5]     ; 9.266  ; 9.532  ; 9.582  ; 9.848  ;
; SW[2]      ; HEX1[6]     ; 10.386 ; 10.469 ; 10.673 ; 10.756 ;
; SW[2]      ; LEDR[0]     ;        ; 12.072 ; 11.635 ;        ;
; SW[2]      ; LEDR[2]     ; 9.358  ; 9.781  ; 9.750  ; 10.082 ;
; SW[2]      ; LEDR[3]     ; 10.970 ; 11.414 ; 11.260 ; 11.704 ;
; SW[2]      ; LEDR[4]     ; 12.317 ; 13.230 ; 12.633 ; 13.546 ;
; SW[2]      ; LEDR[5]     ; 11.913 ; 11.683 ; 12.200 ; 11.970 ;
; SW[3]      ; HEX0[0]     ; 9.165  ; 9.355  ; 9.450  ; 9.640  ;
; SW[3]      ; HEX0[1]     ; 9.151  ; 9.339  ; 9.436  ; 9.624  ;
; SW[3]      ; HEX0[2]     ; 9.063  ; 9.243  ; 9.348  ; 9.528  ;
; SW[3]      ; HEX0[3]     ; 8.581  ; 8.740  ; 8.866  ; 9.025  ;
; SW[3]      ; HEX0[4]     ; 8.904  ; 8.695  ; 9.098  ; 8.980  ;
; SW[3]      ; HEX0[5]     ; 9.112  ; 9.263  ; 9.397  ; 9.548  ;
; SW[3]      ; HEX0[6]     ; 8.679  ; 8.528  ; 8.964  ; 8.813  ;
; SW[3]      ; HEX1[0]     ; 9.274  ; 9.203  ; 9.505  ; 9.434  ;
; SW[3]      ; HEX1[2]     ; 9.214  ; 8.929  ; 9.474  ; 9.189  ;
; SW[3]      ; HEX1[3]     ; 9.175  ; 9.055  ; 9.406  ; 9.286  ;
; SW[3]      ; HEX1[4]     ; 9.397  ; 9.754  ; 9.657  ; 10.014 ;
; SW[3]      ; HEX1[5]     ; 8.744  ; 9.010  ; 9.004  ; 9.270  ;
; SW[3]      ; HEX1[6]     ; 9.864  ; 9.947  ; 10.095 ; 10.178 ;
; SW[3]      ; LEDR[0]     ; 11.497 ; 12.219 ; 11.690 ; 12.446 ;
; SW[3]      ; LEDR[3]     ; 9.249  ; 9.828  ; 9.534  ; 10.022 ;
; SW[3]      ; LEDR[4]     ; 11.795 ; 12.708 ; 12.055 ; 12.968 ;
; SW[3]      ; LEDR[5]     ; 11.391 ; 11.161 ; 11.622 ; 11.392 ;
; SW[4]      ; HEX0[0]     ; 9.807  ; 9.997  ; 10.238 ; 10.428 ;
; SW[4]      ; HEX0[1]     ; 9.773  ; 9.961  ; 10.204 ; 10.392 ;
; SW[4]      ; HEX0[2]     ; 10.093 ; 9.904  ; 10.437 ; 10.335 ;
; SW[4]      ; HEX0[3]     ; 10.220 ; 10.383 ; 10.651 ; 10.814 ;
; SW[4]      ; HEX0[4]     ; 10.225 ; 10.693 ; 10.656 ; 11.037 ;
; SW[4]      ; HEX0[5]     ; 9.747  ; 10.259 ; 10.178 ; 10.603 ;
; SW[4]      ; HEX0[6]     ; 10.325 ; 10.170 ; 10.756 ; 10.601 ;
; SW[4]      ; HEX1[0]     ; 9.013  ; 9.477  ; 9.291  ; 9.699  ;
; SW[4]      ; HEX1[2]     ; 9.154  ; 8.882  ; 9.442  ; 9.175  ;
; SW[4]      ; HEX1[3]     ; 8.914  ; 9.329  ; 9.192  ; 9.551  ;
; SW[4]      ; HEX1[4]     ; 9.056  ; 9.562  ; 9.334  ; 9.784  ;
; SW[4]      ; HEX1[5]     ; 8.697  ; 8.950  ; 8.990  ; 9.238  ;
; SW[4]      ; HEX1[6]     ; 10.152 ; 10.235 ; 10.472 ; 10.555 ;
; SW[4]      ; LEDR[0]     ; 11.416 ; 12.280 ; 11.847 ; 12.624 ;
; SW[4]      ; LEDR[4]     ; 11.454 ; 12.516 ; 11.732 ; 12.738 ;
; SW[4]      ; LEDR[5]     ; 11.679 ; 11.449 ; 11.999 ; 11.769 ;
; SW[5]      ; HEX0[0]     ; 8.843  ; 9.018  ; 9.372  ; 9.536  ;
; SW[5]      ; HEX0[1]     ; 8.825  ; 8.998  ; 9.355  ; 9.517  ;
; SW[5]      ; HEX0[2]     ; 9.367  ; 8.906  ; 9.271  ; 9.688  ;
; SW[5]      ; HEX0[3]     ; 9.280  ; 9.443  ; 9.771  ; 9.923  ;
; SW[5]      ; HEX0[4]     ; 9.285  ; 10.037 ; 10.076 ; 9.895  ;
; SW[5]      ; HEX0[5]     ; 8.789  ; 9.580  ; 9.492  ; 9.443  ;
; SW[5]      ; HEX0[6]     ; 9.385  ; 9.230  ; 9.865  ; 9.721  ;
; SW[5]      ; HEX1[0]     ; 9.495  ; 9.424  ; 9.794  ; 9.723  ;
; SW[5]      ; HEX1[2]     ; 9.435  ; 9.150  ; 9.763  ; 9.478  ;
; SW[5]      ; HEX1[3]     ; 9.396  ; 9.276  ; 9.695  ; 9.575  ;
; SW[5]      ; HEX1[4]     ; 9.618  ; 9.975  ; 9.946  ; 10.303 ;
; SW[5]      ; HEX1[5]     ; 8.965  ; 9.231  ; 9.293  ; 9.559  ;
; SW[5]      ; HEX1[6]     ; 10.085 ; 10.168 ; 10.384 ; 10.467 ;
; SW[5]      ; LEDR[0]     ; 10.476 ; 11.624 ; 11.267 ; 11.482 ;
; SW[5]      ; LEDR[1]     ; 10.582 ; 11.093 ; 10.887 ; 11.398 ;
; SW[5]      ; LEDR[2]     ; 10.263 ; 10.523 ; 10.563 ; 10.822 ;
; SW[5]      ; LEDR[3]     ; 10.669 ; 11.113 ; 10.971 ; 11.415 ;
; SW[5]      ; LEDR[4]     ; 12.016 ; 12.929 ; 12.344 ; 13.257 ;
; SW[5]      ; LEDR[5]     ; 11.612 ; 11.382 ; 11.911 ; 11.681 ;
; SW[6]      ; HEX0[0]     ; 9.290  ; 9.553  ; 9.752  ; 9.954  ;
; SW[6]      ; HEX0[1]     ; 9.276  ; 9.537  ; 9.737  ; 9.937  ;
; SW[6]      ; HEX0[2]     ; 9.183  ; 9.669  ; 9.890  ; 9.832  ;
; SW[6]      ; HEX0[3]     ; 9.085  ; 9.363  ; 9.670  ; 9.860  ;
; SW[6]      ; HEX0[4]     ; 9.825  ; 9.345  ; 9.663  ; 10.052 ;
; SW[6]      ; HEX0[5]     ; 9.236  ; 9.460  ; 9.699  ; 9.862  ;
; SW[6]      ; HEX0[6]     ; 9.300  ; 9.030  ; 9.799  ; 9.617  ;
; SW[6]      ; HEX1[0]     ; 9.556  ; 9.485  ; 9.864  ; 9.793  ;
; SW[6]      ; HEX1[2]     ; 9.496  ; 9.211  ; 9.833  ; 9.548  ;
; SW[6]      ; HEX1[3]     ; 9.457  ; 9.337  ; 9.765  ; 9.645  ;
; SW[6]      ; HEX1[4]     ; 9.679  ; 10.036 ; 10.016 ; 10.373 ;
; SW[6]      ; HEX1[5]     ; 9.026  ; 9.292  ; 9.363  ; 9.629  ;
; SW[6]      ; HEX1[6]     ; 10.146 ; 10.229 ; 10.454 ; 10.537 ;
; SW[6]      ; LEDR[0]     ; 11.181 ;        ;        ; 12.218 ;
; SW[6]      ; LEDR[1]     ; 9.869  ; 10.852 ; 10.576 ; 10.690 ;
; SW[6]      ; LEDR[2]     ; 10.324 ; 10.584 ; 10.633 ; 10.892 ;
; SW[6]      ; LEDR[3]     ; 10.730 ; 11.174 ; 11.041 ; 11.485 ;
; SW[6]      ; LEDR[4]     ; 12.077 ; 12.990 ; 12.414 ; 13.327 ;
; SW[6]      ; LEDR[5]     ; 11.673 ; 11.443 ; 11.981 ; 11.751 ;
; SW[7]      ; HEX0[0]     ; 8.884  ; 9.143  ; 9.386  ; 9.570  ;
; SW[7]      ; HEX0[1]     ; 8.870  ; 9.154  ; 9.352  ; 9.534  ;
; SW[7]      ; HEX0[2]     ; 8.775  ; 9.024  ; 9.305  ; 9.470  ;
; SW[7]      ; HEX0[3]     ; 8.778  ; 8.911  ; 9.210  ; 9.390  ;
; SW[7]      ; HEX0[4]     ; 8.860  ; 8.990  ; 9.319  ; 9.444  ;
; SW[7]      ; HEX0[5]     ; 8.831  ; 9.051  ; 9.372  ; 9.471  ;
; SW[7]      ; HEX0[6]     ; 8.960  ; 8.805  ; 9.413  ; 9.264  ;
; SW[7]      ; HEX1[0]     ; 9.153  ; 9.082  ; 9.387  ; 9.316  ;
; SW[7]      ; HEX1[2]     ; 9.093  ; 8.808  ; 9.356  ; 9.071  ;
; SW[7]      ; HEX1[3]     ; 9.054  ; 8.934  ; 9.288  ; 9.168  ;
; SW[7]      ; HEX1[4]     ; 9.276  ; 9.633  ; 9.539  ; 9.896  ;
; SW[7]      ; HEX1[5]     ; 8.623  ; 8.889  ; 8.886  ; 9.152  ;
; SW[7]      ; HEX1[6]     ; 9.743  ; 9.826  ; 9.977  ; 10.060 ;
; SW[7]      ; LEDR[0]     ; 10.609 ;        ;        ; 11.492 ;
; SW[7]      ; LEDR[2]     ; 8.878  ; 9.808  ; 9.769  ; 9.449  ;
; SW[7]      ; LEDR[3]     ; 10.327 ; 10.771 ; 10.564 ; 11.008 ;
; SW[7]      ; LEDR[4]     ; 11.674 ; 12.587 ; 11.937 ; 12.850 ;
; SW[7]      ; LEDR[5]     ; 11.270 ; 11.040 ; 11.504 ; 11.274 ;
; SW[8]      ; HEX0[0]     ; 9.380  ; 9.570  ; 9.908  ; 10.087 ;
; SW[8]      ; HEX0[1]     ; 9.366  ; 9.554  ; 9.892  ; 10.069 ;
; SW[8]      ; HEX0[2]     ; 9.278  ; 9.458  ; 9.801  ; 9.970  ;
; SW[8]      ; HEX0[3]     ; 8.796  ; 8.955  ; 9.329  ; 9.474  ;
; SW[8]      ; HEX0[4]     ; 10.229 ; 8.910  ; 9.324  ; 10.521 ;
; SW[8]      ; HEX0[5]     ; 9.327  ; 9.478  ; 9.854  ; 9.994  ;
; SW[8]      ; HEX0[6]     ; 8.894  ; 8.743  ; 9.413  ; 9.276  ;
; SW[8]      ; HEX1[0]     ; 9.786  ; 9.715  ; 10.148 ; 10.077 ;
; SW[8]      ; HEX1[2]     ; 9.726  ; 9.441  ; 10.117 ; 9.832  ;
; SW[8]      ; HEX1[3]     ; 9.687  ; 9.567  ; 10.049 ; 9.929  ;
; SW[8]      ; HEX1[4]     ; 9.909  ; 10.266 ; 10.300 ; 10.657 ;
; SW[8]      ; HEX1[5]     ; 9.256  ; 9.522  ; 9.647  ; 9.913  ;
; SW[8]      ; HEX1[6]     ; 10.376 ; 10.459 ; 10.738 ; 10.821 ;
; SW[8]      ; LEDR[0]     ; 11.469 ; 12.209 ; 11.828 ; 12.553 ;
; SW[8]      ; LEDR[3]     ; 9.464  ; 11.153 ; 11.075 ; 10.248 ;
; SW[8]      ; LEDR[4]     ; 12.307 ; 13.220 ; 12.698 ; 13.611 ;
; SW[8]      ; LEDR[5]     ; 11.903 ; 11.673 ; 12.265 ; 12.035 ;
; SW[9]      ; HEX0[0]     ; 10.327 ; 10.517 ; 10.718 ; 10.908 ;
; SW[9]      ; HEX0[1]     ; 10.293 ; 10.481 ; 10.684 ; 10.872 ;
; SW[9]      ; HEX0[2]     ; 10.466 ; 10.424 ; 10.903 ; 10.815 ;
; SW[9]      ; HEX0[3]     ; 10.740 ; 10.903 ; 11.131 ; 11.294 ;
; SW[9]      ; HEX0[4]     ; 10.745 ; 11.066 ; 11.136 ; 11.503 ;
; SW[9]      ; HEX0[5]     ; 10.267 ; 10.632 ; 10.658 ; 11.069 ;
; SW[9]      ; HEX0[6]     ; 10.845 ; 10.690 ; 11.236 ; 11.081 ;
; SW[9]      ; HEX1[0]     ; 9.193  ; 9.531  ; 9.584  ; 9.878  ;
; SW[9]      ; HEX1[2]     ; 9.155  ; 8.823  ; 9.518  ; 9.159  ;
; SW[9]      ; HEX1[3]     ; 9.094  ; 9.383  ; 9.485  ; 9.730  ;
; SW[9]      ; HEX1[4]     ; 9.236  ; 9.695  ; 9.627  ; 10.047 ;
; SW[9]      ; HEX1[5]     ; 8.638  ; 8.951  ; 8.974  ; 9.314  ;
; SW[9]      ; HEX1[6]     ; 10.192 ; 10.275 ; 10.539 ; 10.622 ;
; SW[9]      ; LEDR[0]     ; 11.936 ; 12.653 ; 12.327 ; 13.090 ;
; SW[9]      ; LEDR[4]     ; 11.634 ; 12.649 ; 12.025 ; 13.001 ;
; SW[9]      ; LEDR[5]     ; 11.719 ; 11.489 ; 12.066 ; 11.836 ;
+------------+-------------+--------+--------+--------+--------+


----------------------------------------------
; Slow 1100mV 85C Model Metastability Report ;
----------------------------------------------
No synchronizer chains to report.


-------------------------------------
; Slow 1100mV 0C Model Fmax Summary ;
-------------------------------------
No paths to report.


--------------------------------------
; Slow 1100mV 0C Model Setup Summary ;
--------------------------------------
No paths to report.


-------------------------------------
; Slow 1100mV 0C Model Hold Summary ;
-------------------------------------
No paths to report.


-----------------------------------------
; Slow 1100mV 0C Model Recovery Summary ;
-----------------------------------------
No paths to report.


----------------------------------------
; Slow 1100mV 0C Model Removal Summary ;
----------------------------------------
No paths to report.


----------------------------------------------------
; Slow 1100mV 0C Model Minimum Pulse Width Summary ;
----------------------------------------------------
No paths to report.


+--------------------------------------------------------------+
; Propagation Delay                                            ;
+------------+-------------+--------+--------+--------+--------+
; Input Port ; Output Port ; RR     ; RF     ; FR     ; FF     ;
+------------+-------------+--------+--------+--------+--------+
; KEY[0]     ; HEX0[0]     ; 11.598 ; 11.925 ; 12.538 ; 12.852 ;
; KEY[0]     ; HEX0[1]     ; 11.540 ; 11.843 ; 12.480 ; 12.770 ;
; KEY[0]     ; HEX0[2]     ; 11.130 ; 11.743 ; 12.416 ; 11.830 ;
; KEY[0]     ; HEX0[3]     ; 12.145 ; 12.372 ; 12.989 ; 13.226 ;
; KEY[0]     ; HEX0[4]     ; 12.148 ; 11.588 ; 11.565 ; 13.198 ;
; KEY[0]     ; HEX0[5]     ; 11.500 ; 11.443 ; 11.626 ; 12.683 ;
; KEY[0]     ; HEX0[6]     ; 12.275 ; 12.072 ; 13.130 ; 12.917 ;
; KEY[0]     ; HEX1[0]     ; 10.551 ; 11.082 ; 11.006 ; 11.521 ;
; KEY[0]     ; HEX1[2]     ; 10.975 ; 10.471 ; 11.414 ; 10.926 ;
; KEY[0]     ; HEX1[3]     ; 10.423 ; 10.895 ; 10.878 ; 11.334 ;
; KEY[0]     ; HEX1[4]     ; 10.610 ; 11.158 ; 11.065 ; 11.597 ;
; KEY[0]     ; HEX1[5]     ; 10.277 ; 10.722 ; 10.732 ; 11.161 ;
; KEY[0]     ; HEX1[6]     ;        ; 10.149 ; 10.013 ;        ;
; KEY[0]     ; LEDR[0]     ; 13.325 ; 13.417 ; 12.742 ; 15.027 ;
; KEY[0]     ; LEDR[1]     ; 10.621 ; 11.572 ; 11.093 ; 12.013 ;
; KEY[0]     ; LEDR[2]     ; 10.492 ; 11.007 ; 10.946 ; 11.444 ;
; KEY[0]     ; LEDR[3]     ; 10.901 ; 11.716 ; 11.355 ; 12.153 ;
; KEY[0]     ; LEDR[4]     ; 13.258 ; 14.585 ; 13.713 ; 15.024 ;
; KEY[0]     ; LEDR[5]     ; 11.910 ;        ;        ; 11.437 ;
; KEY[0]     ; LEDR[6]     ;        ; 6.664  ; 6.961  ;        ;
; KEY[1]     ; HEX0[0]     ; 11.714 ; 12.028 ; 11.687 ; 12.014 ;
; KEY[1]     ; HEX0[1]     ; 11.656 ; 11.946 ; 11.629 ; 11.932 ;
; KEY[1]     ; HEX0[2]     ; 11.592 ; 11.063 ; 11.120 ; 11.832 ;
; KEY[1]     ; HEX0[3]     ; 12.165 ; 12.402 ; 12.234 ; 12.461 ;
; KEY[1]     ; HEX0[4]     ; 10.804 ; 12.374 ; 12.237 ; 11.586 ;
; KEY[1]     ; HEX0[5]     ; 10.859 ; 11.859 ; 11.589 ; 11.433 ;
; KEY[1]     ; HEX0[6]     ; 12.306 ; 12.093 ; 12.364 ; 12.161 ;
; KEY[1]     ; HEX1[0]     ; 10.245 ; 10.759 ; 10.551 ; 11.079 ;
; KEY[1]     ; HEX1[2]     ; 10.652 ; 10.165 ; 10.972 ; 10.471 ;
; KEY[1]     ; HEX1[3]     ; 10.117 ; 10.572 ; 10.423 ; 10.892 ;
; KEY[1]     ; HEX1[4]     ; 10.304 ; 10.835 ; 10.610 ; 11.155 ;
; KEY[1]     ; HEX1[5]     ; 9.971  ; 10.399 ; 10.277 ; 10.719 ;
; KEY[1]     ; HEX1[6]     ; 10.067 ;        ;        ; 11.198 ;
; KEY[1]     ; LEDR[0]     ; 11.981 ; 14.203 ; 13.414 ; 13.415 ;
; KEY[1]     ; LEDR[1]     ; 10.864 ; 11.808 ; 11.170 ; 12.128 ;
; KEY[1]     ; LEDR[2]     ; 10.179 ; 10.677 ; 10.485 ; 10.997 ;
; KEY[1]     ; LEDR[3]     ; 10.588 ; 11.386 ; 10.894 ; 11.706 ;
; KEY[1]     ; LEDR[4]     ; 12.952 ; 14.262 ; 13.258 ; 14.582 ;
; KEY[1]     ; LEDR[5]     ;        ; 11.491 ; 12.959 ;        ;
; KEY[1]     ; LEDR[7]     ;        ; 6.623  ; 6.914  ;        ;
; KEY[2]     ; HEX0[0]     ; 11.389 ; 11.703 ; 11.509 ; 11.833 ;
; KEY[2]     ; HEX0[1]     ; 11.331 ; 11.621 ; 11.472 ; 11.772 ;
; KEY[2]     ; HEX0[2]     ; 11.267 ; 11.226 ; 11.358 ; 11.621 ;
; KEY[2]     ; HEX0[3]     ; 11.840 ; 12.077 ; 11.941 ; 12.168 ;
; KEY[2]     ; HEX0[4]     ; 10.898 ; 12.049 ; 11.944 ; 11.838 ;
; KEY[2]     ; HEX0[5]     ; 11.022 ; 11.534 ; 11.417 ; 11.671 ;
; KEY[2]     ; HEX0[6]     ; 11.981 ; 11.768 ; 12.071 ; 11.868 ;
; KEY[2]     ; HEX1[0]     ; 10.336 ; 10.926 ; 10.670 ; 11.325 ;
; KEY[2]     ; HEX1[2]     ; 10.819 ; 10.256 ; 11.218 ; 10.590 ;
; KEY[2]     ; HEX1[3]     ; 10.208 ; 10.739 ; 10.542 ; 11.138 ;
; KEY[2]     ; HEX1[4]     ; 10.395 ; 11.002 ; 10.729 ; 11.401 ;
; KEY[2]     ; HEX1[5]     ; 10.062 ; 10.566 ; 10.396 ; 10.965 ;
; KEY[2]     ; HEX1[6]     ;        ; 10.059 ; 9.754  ;        ;
; KEY[2]     ; LEDR[0]     ; 12.075 ; 13.878 ; 13.121 ; 13.667 ;
; KEY[2]     ; LEDR[1]     ; 10.958 ; 11.982 ; 11.290 ; 12.379 ;
; KEY[2]     ; LEDR[2]     ; 9.806  ; 10.311 ; 10.160 ; 10.634 ;
; KEY[2]     ; LEDR[3]     ; 10.671 ; 11.549 ; 11.001 ; 11.944 ;
; KEY[2]     ; LEDR[4]     ; 13.043 ; 14.429 ; 13.377 ; 14.828 ;
; KEY[2]     ; LEDR[5]     ; 11.820 ;        ;        ; 11.178 ;
; KEY[2]     ; LEDR[8]     ;        ; 7.042  ; 7.420  ;        ;
; KEY[3]     ; HEX0[0]     ; 11.643 ; 11.957 ; 11.693 ; 12.020 ;
; KEY[3]     ; HEX0[1]     ; 11.585 ; 11.875 ; 11.635 ; 11.938 ;
; KEY[3]     ; HEX0[2]     ; 11.521 ; 10.879 ; 10.883 ; 11.838 ;
; KEY[3]     ; HEX0[3]     ; 12.094 ; 12.331 ; 12.240 ; 12.467 ;
; KEY[3]     ; HEX0[4]     ; 10.727 ; 12.303 ; 12.243 ; 11.680 ;
; KEY[3]     ; HEX0[5]     ; 10.675 ; 11.788 ; 11.595 ; 11.196 ;
; KEY[3]     ; HEX0[6]     ; 12.235 ; 12.022 ; 12.370 ; 12.167 ;
; KEY[3]     ; HEX1[0]     ; 10.165 ; 10.774 ; 10.521 ; 11.165 ;
; KEY[3]     ; HEX1[2]     ; 10.667 ; 10.085 ; 11.058 ; 10.441 ;
; KEY[3]     ; HEX1[3]     ; 10.037 ; 10.587 ; 10.393 ; 10.978 ;
; KEY[3]     ; HEX1[4]     ; 10.224 ; 10.850 ; 10.580 ; 11.241 ;
; KEY[3]     ; HEX1[5]     ; 9.891  ; 10.414 ; 10.247 ; 10.805 ;
; KEY[3]     ; HEX1[6]     ;        ; 9.989  ; 9.866  ;        ;
; KEY[3]     ; LEDR[0]     ; 11.904 ; 14.132 ; 13.420 ; 13.509 ;
; KEY[3]     ; LEDR[1]     ; 10.628 ; 11.628 ; 10.951 ; 11.900 ;
; KEY[3]     ; LEDR[2]     ; 9.944  ; 10.498 ; 10.263 ; 10.766 ;
; KEY[3]     ; LEDR[3]     ; 10.348 ; 11.202 ; 10.666 ; 11.469 ;
; KEY[3]     ; LEDR[4]     ; 12.872 ; 14.277 ; 13.228 ; 14.668 ;
; KEY[3]     ; LEDR[5]     ; 11.750 ;        ;        ; 11.290 ;
; KEY[3]     ; LEDR[9]     ;        ; 6.807  ; 7.187  ;        ;
; SW[0]      ; HEX0[0]     ; 12.509 ; 12.833 ; 12.849 ; 13.173 ;
; SW[0]      ; HEX0[1]     ; 12.472 ; 12.772 ; 12.812 ; 13.112 ;
; SW[0]      ; HEX0[2]     ; 12.358 ; 12.621 ; 12.698 ; 12.961 ;
; SW[0]      ; HEX0[3]     ; 11.955 ; 12.272 ; 12.339 ; 12.638 ;
; SW[0]      ; HEX0[4]     ; 12.076 ; 12.270 ; 12.442 ; 12.636 ;
; SW[0]      ; HEX0[5]     ; 12.417 ; 12.671 ; 12.757 ; 13.011 ;
; SW[0]      ; HEX0[6]     ; 12.201 ; 12.000 ; 12.567 ; 12.366 ;
; SW[0]      ; HEX1[0]     ; 11.000 ; 11.466 ; 11.362 ; 11.814 ;
; SW[0]      ; HEX1[2]     ; 11.021 ; 11.024 ; 11.361 ; 11.364 ;
; SW[0]      ; HEX1[3]     ; 10.872 ; 11.279 ; 11.234 ; 11.627 ;
; SW[0]      ; HEX1[4]     ; 11.059 ; 11.541 ; 11.421 ; 11.889 ;
; SW[0]      ; HEX1[5]     ; 10.707 ; 11.142 ; 11.047 ; 11.482 ;
; SW[0]      ; HEX1[6]     ; 11.461 ; 11.612 ; 11.801 ; 11.952 ;
; SW[0]      ; LEDR[0]     ; 12.789 ; 13.993 ; 13.129 ; 14.377 ;
; SW[0]      ; LEDR[1]     ; 12.021 ; 13.013 ; 12.361 ; 13.353 ;
; SW[0]      ; LEDR[2]     ; 11.612 ; 12.146 ; 11.964 ; 12.512 ;
; SW[0]      ; LEDR[3]     ; 12.050 ; 12.944 ; 12.390 ; 13.284 ;
; SW[0]      ; LEDR[4]     ; 13.707 ; 14.968 ; 14.069 ; 15.316 ;
; SW[0]      ; LEDR[5]     ; 13.373 ; 12.885 ; 13.713 ; 13.225 ;
; SW[1]      ; HEX0[0]     ; 12.449 ; 12.773 ; 12.645 ; 12.969 ;
; SW[1]      ; HEX0[1]     ; 12.412 ; 12.712 ; 12.608 ; 12.908 ;
; SW[1]      ; HEX0[2]     ; 12.298 ; 12.561 ; 12.494 ; 12.757 ;
; SW[1]      ; HEX0[3]     ; 11.836 ; 12.212 ; 12.058 ; 12.434 ;
; SW[1]      ; HEX0[4]     ; 12.016 ; 12.210 ; 12.238 ; 12.432 ;
; SW[1]      ; HEX0[5]     ; 12.357 ; 12.611 ; 12.553 ; 12.807 ;
; SW[1]      ; HEX0[6]     ; 12.141 ; 11.940 ; 12.363 ; 12.162 ;
; SW[1]      ; HEX1[0]     ; 10.940 ; 11.406 ; 11.158 ; 11.610 ;
; SW[1]      ; HEX1[2]     ; 10.961 ; 10.964 ; 11.157 ; 11.160 ;
; SW[1]      ; HEX1[3]     ; 10.812 ; 11.219 ; 11.030 ; 11.423 ;
; SW[1]      ; HEX1[4]     ; 10.999 ; 11.481 ; 11.217 ; 11.685 ;
; SW[1]      ; HEX1[5]     ; 10.647 ; 11.082 ; 10.843 ; 11.278 ;
; SW[1]      ; HEX1[6]     ; 11.401 ; 11.552 ; 11.597 ; 11.748 ;
; SW[1]      ; LEDR[0]     ;        ; 13.301 ; 12.578 ;        ;
; SW[1]      ; LEDR[1]     ; 12.115 ; 13.073 ; 12.375 ; 13.337 ;
; SW[1]      ; LEDR[2]     ; 11.552 ; 12.086 ; 11.760 ; 12.308 ;
; SW[1]      ; LEDR[3]     ; 11.990 ; 12.884 ; 12.186 ; 13.080 ;
; SW[1]      ; LEDR[4]     ; 13.647 ; 14.908 ; 13.865 ; 15.112 ;
; SW[1]      ; LEDR[5]     ; 13.313 ; 12.825 ; 13.509 ; 13.021 ;
; SW[2]      ; HEX0[0]     ; 12.877 ; 13.201 ; 13.210 ; 13.534 ;
; SW[2]      ; HEX0[1]     ; 12.840 ; 13.140 ; 13.173 ; 13.473 ;
; SW[2]      ; HEX0[2]     ; 12.726 ; 12.989 ; 13.059 ; 13.322 ;
; SW[2]      ; HEX0[3]     ; 12.089 ; 12.451 ; 12.475 ; 12.851 ;
; SW[2]      ; HEX0[4]     ; 12.255 ; 12.449 ; 12.655 ; 12.849 ;
; SW[2]      ; HEX0[5]     ; 12.785 ; 13.039 ; 13.118 ; 13.372 ;
; SW[2]      ; HEX0[6]     ; 12.380 ; 12.179 ; 12.780 ; 12.579 ;
; SW[2]      ; HEX1[0]     ; 11.368 ; 11.834 ; 11.723 ; 12.175 ;
; SW[2]      ; HEX1[2]     ; 11.389 ; 11.392 ; 11.722 ; 11.725 ;
; SW[2]      ; HEX1[3]     ; 11.240 ; 11.647 ; 11.595 ; 11.988 ;
; SW[2]      ; HEX1[4]     ; 11.427 ; 11.909 ; 11.782 ; 12.250 ;
; SW[2]      ; HEX1[5]     ; 11.075 ; 11.510 ; 11.408 ; 11.843 ;
; SW[2]      ; HEX1[6]     ; 11.829 ; 11.980 ; 12.162 ; 12.313 ;
; SW[2]      ; LEDR[0]     ;        ; 13.554 ; 12.931 ;        ;
; SW[2]      ; LEDR[2]     ; 11.817 ; 12.325 ; 12.229 ; 12.725 ;
; SW[2]      ; LEDR[3]     ; 12.418 ; 13.312 ; 12.751 ; 13.645 ;
; SW[2]      ; LEDR[4]     ; 14.075 ; 15.336 ; 14.430 ; 15.677 ;
; SW[2]      ; LEDR[5]     ; 13.741 ; 13.253 ; 14.074 ; 13.586 ;
; SW[3]      ; HEX0[0]     ; 12.023 ; 12.347 ; 12.283 ; 12.607 ;
; SW[3]      ; HEX0[1]     ; 11.986 ; 12.286 ; 12.246 ; 12.546 ;
; SW[3]      ; HEX0[2]     ; 11.872 ; 12.135 ; 12.132 ; 12.395 ;
; SW[3]      ; HEX0[3]     ; 11.778 ; 12.015 ; 12.066 ; 12.303 ;
; SW[3]      ; HEX0[4]     ; 11.563 ; 11.987 ; 11.868 ; 12.275 ;
; SW[3]      ; HEX0[5]     ; 11.931 ; 12.185 ; 12.191 ; 12.445 ;
; SW[3]      ; HEX0[6]     ; 11.919 ; 11.706 ; 12.207 ; 11.994 ;
; SW[3]      ; HEX1[0]     ; 10.460 ; 10.926 ; 10.662 ; 11.114 ;
; SW[3]      ; HEX1[2]     ; 10.481 ; 10.484 ; 10.661 ; 10.664 ;
; SW[3]      ; HEX1[3]     ; 10.332 ; 10.739 ; 10.534 ; 10.927 ;
; SW[3]      ; HEX1[4]     ; 10.519 ; 11.001 ; 10.721 ; 11.189 ;
; SW[3]      ; HEX1[5]     ; 10.167 ; 10.602 ; 10.347 ; 10.782 ;
; SW[3]      ; HEX1[6]     ; 10.921 ; 11.072 ; 11.101 ; 11.252 ;
; SW[3]      ; LEDR[0]     ; 12.740 ; 13.816 ; 13.045 ; 14.104 ;
; SW[3]      ; LEDR[3]     ; 11.589 ; 12.458 ; 11.839 ; 12.718 ;
; SW[3]      ; LEDR[4]     ; 13.167 ; 14.428 ; 13.369 ; 14.616 ;
; SW[3]      ; LEDR[5]     ; 12.833 ; 12.345 ; 13.013 ; 12.525 ;
; SW[4]      ; HEX0[0]     ; 11.443 ; 11.757 ; 11.806 ; 12.120 ;
; SW[4]      ; HEX0[1]     ; 11.385 ; 11.675 ; 11.748 ; 12.038 ;
; SW[4]      ; HEX0[2]     ; 11.321 ; 11.087 ; 11.684 ; 11.815 ;
; SW[4]      ; HEX0[3]     ; 11.894 ; 12.131 ; 12.257 ; 12.494 ;
; SW[4]      ; HEX0[4]     ; 11.492 ; 12.103 ; 12.220 ; 12.466 ;
; SW[4]      ; HEX0[5]     ; 10.844 ; 11.588 ; 11.572 ; 11.951 ;
; SW[4]      ; HEX0[6]     ; 12.035 ; 11.822 ; 12.398 ; 12.185 ;
; SW[4]      ; HEX1[0]     ; 10.970 ; 11.380 ; 11.394 ; 11.821 ;
; SW[4]      ; HEX1[2]     ; 11.164 ; 11.167 ; 11.527 ; 11.530 ;
; SW[4]      ; HEX1[3]     ; 10.842 ; 11.193 ; 11.266 ; 11.634 ;
; SW[4]      ; HEX1[4]     ; 11.029 ; 11.455 ; 11.453 ; 11.896 ;
; SW[4]      ; HEX1[5]     ; 10.850 ; 11.285 ; 11.213 ; 11.648 ;
; SW[4]      ; HEX1[6]     ; 11.604 ; 11.755 ; 11.967 ; 12.118 ;
; SW[4]      ; LEDR[0]     ; 12.669 ; 13.932 ; 13.397 ; 14.295 ;
; SW[4]      ; LEDR[4]     ; 13.677 ; 14.882 ; 14.101 ; 15.323 ;
; SW[4]      ; LEDR[5]     ; 13.516 ; 13.028 ; 13.879 ; 13.391 ;
; SW[5]      ; HEX0[0]     ; 12.832 ; 13.156 ; 13.179 ; 13.503 ;
; SW[5]      ; HEX0[1]     ; 12.795 ; 13.095 ; 13.142 ; 13.442 ;
; SW[5]      ; HEX0[2]     ; 12.681 ; 12.944 ; 13.028 ; 13.291 ;
; SW[5]      ; HEX0[3]     ; 12.219 ; 12.595 ; 12.592 ; 12.968 ;
; SW[5]      ; HEX0[4]     ; 12.399 ; 12.593 ; 12.772 ; 12.966 ;
; SW[5]      ; HEX0[5]     ; 12.740 ; 12.994 ; 13.087 ; 13.341 ;
; SW[5]      ; HEX0[6]     ; 12.524 ; 12.323 ; 12.897 ; 12.696 ;
; SW[5]      ; HEX1[0]     ; 11.323 ; 11.789 ; 11.692 ; 12.144 ;
; SW[5]      ; HEX1[2]     ; 11.344 ; 11.347 ; 11.691 ; 11.694 ;
; SW[5]      ; HEX1[3]     ; 11.195 ; 11.602 ; 11.564 ; 11.957 ;
; SW[5]      ; HEX1[4]     ; 11.382 ; 11.864 ; 11.751 ; 12.219 ;
; SW[5]      ; HEX1[5]     ; 11.030 ; 11.465 ; 11.377 ; 11.812 ;
; SW[5]      ; HEX1[6]     ; 11.784 ; 11.935 ; 12.131 ; 12.282 ;
; SW[5]      ; LEDR[0]     ; 12.647 ; 13.838 ; 13.065 ; 14.260 ;
; SW[5]      ; LEDR[1]     ; 12.344 ; 13.336 ; 12.691 ; 13.683 ;
; SW[5]      ; LEDR[2]     ; 11.935 ; 12.469 ; 12.294 ; 12.842 ;
; SW[5]      ; LEDR[3]     ; 12.373 ; 13.267 ; 12.720 ; 13.614 ;
; SW[5]      ; LEDR[4]     ; 14.030 ; 15.291 ; 14.399 ; 15.646 ;
; SW[5]      ; LEDR[5]     ; 13.696 ; 13.208 ; 14.043 ; 13.555 ;
; SW[6]      ; HEX0[0]     ; 12.530 ; 12.854 ; 12.951 ; 13.275 ;
; SW[6]      ; HEX0[1]     ; 12.493 ; 12.793 ; 12.914 ; 13.214 ;
; SW[6]      ; HEX0[2]     ; 12.379 ; 12.642 ; 12.800 ; 13.063 ;
; SW[6]      ; HEX0[3]     ; 11.917 ; 12.293 ; 12.364 ; 12.740 ;
; SW[6]      ; HEX0[4]     ; 12.097 ; 12.291 ; 12.544 ; 12.738 ;
; SW[6]      ; HEX0[5]     ; 12.438 ; 12.692 ; 12.859 ; 13.113 ;
; SW[6]      ; HEX0[6]     ; 12.222 ; 12.021 ; 12.669 ; 12.468 ;
; SW[6]      ; HEX1[0]     ; 11.021 ; 11.487 ; 11.464 ; 11.916 ;
; SW[6]      ; HEX1[2]     ; 11.042 ; 11.045 ; 11.463 ; 11.466 ;
; SW[6]      ; HEX1[3]     ; 10.893 ; 11.300 ; 11.336 ; 11.729 ;
; SW[6]      ; HEX1[4]     ; 11.080 ; 11.562 ; 11.523 ; 11.991 ;
; SW[6]      ; HEX1[5]     ; 10.728 ; 11.163 ; 11.149 ; 11.584 ;
; SW[6]      ; HEX1[6]     ; 11.482 ; 11.633 ; 11.903 ; 12.054 ;
; SW[6]      ; LEDR[0]     ; 12.255 ;        ;        ; 13.737 ;
; SW[6]      ; LEDR[1]     ; 11.808 ; 12.938 ; 12.249 ; 13.367 ;
; SW[6]      ; LEDR[2]     ; 11.633 ; 12.167 ; 12.066 ; 12.614 ;
; SW[6]      ; LEDR[3]     ; 12.071 ; 12.965 ; 12.492 ; 13.386 ;
; SW[6]      ; LEDR[4]     ; 13.728 ; 14.989 ; 14.171 ; 15.418 ;
; SW[6]      ; LEDR[5]     ; 13.394 ; 12.906 ; 13.815 ; 13.327 ;
; SW[7]      ; HEX0[0]     ; 11.858 ; 12.182 ; 12.111 ; 12.435 ;
; SW[7]      ; HEX0[1]     ; 11.821 ; 12.121 ; 12.074 ; 12.374 ;
; SW[7]      ; HEX0[2]     ; 11.707 ; 11.970 ; 11.960 ; 12.223 ;
; SW[7]      ; HEX0[3]     ; 11.070 ; 11.339 ; 11.381 ; 11.757 ;
; SW[7]      ; HEX0[4]     ; 11.143 ; 11.337 ; 11.561 ; 11.755 ;
; SW[7]      ; HEX0[5]     ; 11.766 ; 12.020 ; 12.019 ; 12.273 ;
; SW[7]      ; HEX0[6]     ; 11.268 ; 11.067 ; 11.686 ; 11.485 ;
; SW[7]      ; HEX1[0]     ; 10.349 ; 10.815 ; 10.624 ; 11.076 ;
; SW[7]      ; HEX1[2]     ; 10.370 ; 10.373 ; 10.623 ; 10.626 ;
; SW[7]      ; HEX1[3]     ; 10.221 ; 10.628 ; 10.496 ; 10.889 ;
; SW[7]      ; HEX1[4]     ; 10.408 ; 10.890 ; 10.683 ; 11.151 ;
; SW[7]      ; HEX1[5]     ; 10.056 ; 10.491 ; 10.309 ; 10.744 ;
; SW[7]      ; HEX1[6]     ; 10.810 ; 10.961 ; 11.063 ; 11.214 ;
; SW[7]      ; LEDR[0]     ; 11.609 ;        ;        ; 12.916 ;
; SW[7]      ; LEDR[2]     ; 10.802 ; 11.213 ; 11.103 ; 11.631 ;
; SW[7]      ; LEDR[3]     ; 11.399 ; 12.293 ; 11.652 ; 12.546 ;
; SW[7]      ; LEDR[4]     ; 13.056 ; 14.317 ; 13.331 ; 14.578 ;
; SW[7]      ; LEDR[5]     ; 12.722 ; 12.234 ; 12.975 ; 12.487 ;
; SW[8]      ; HEX0[0]     ; 13.029 ; 13.353 ; 13.558 ; 13.882 ;
; SW[8]      ; HEX0[1]     ; 12.992 ; 13.292 ; 13.521 ; 13.821 ;
; SW[8]      ; HEX0[2]     ; 12.878 ; 13.141 ; 13.407 ; 13.670 ;
; SW[8]      ; HEX0[3]     ; 12.241 ; 12.477 ; 12.770 ; 13.006 ;
; SW[8]      ; HEX0[4]     ; 12.235 ; 12.107 ; 12.764 ; 12.633 ;
; SW[8]      ; HEX0[5]     ; 12.937 ; 13.191 ; 13.466 ; 13.720 ;
; SW[8]      ; HEX0[6]     ; 12.377 ; 12.165 ; 12.906 ; 12.694 ;
; SW[8]      ; HEX1[0]     ; 11.401 ; 11.867 ; 11.885 ; 12.337 ;
; SW[8]      ; HEX1[2]     ; 11.422 ; 11.425 ; 11.884 ; 11.887 ;
; SW[8]      ; HEX1[3]     ; 11.273 ; 11.680 ; 11.757 ; 12.150 ;
; SW[8]      ; HEX1[4]     ; 11.460 ; 11.942 ; 11.944 ; 12.412 ;
; SW[8]      ; HEX1[5]     ; 11.108 ; 11.543 ; 11.570 ; 12.005 ;
; SW[8]      ; HEX1[6]     ; 11.862 ; 12.013 ; 12.324 ; 12.475 ;
; SW[8]      ; LEDR[0]     ; 12.876 ; 13.773 ; 13.274 ; 14.383 ;
; SW[8]      ; LEDR[3]     ; 12.604 ; 13.464 ; 13.130 ; 13.993 ;
; SW[8]      ; LEDR[4]     ; 14.108 ; 15.369 ; 14.592 ; 15.839 ;
; SW[8]      ; LEDR[5]     ; 13.774 ; 13.286 ; 14.236 ; 13.748 ;
; SW[9]      ; HEX0[0]     ; 11.931 ; 12.245 ; 12.643 ; 12.957 ;
; SW[9]      ; HEX0[1]     ; 11.873 ; 12.163 ; 12.585 ; 12.875 ;
; SW[9]      ; HEX0[2]     ; 11.809 ; 11.961 ; 12.521 ; 12.334 ;
; SW[9]      ; HEX0[3]     ; 12.382 ; 12.619 ; 13.094 ; 13.331 ;
; SW[9]      ; HEX0[4]     ; 12.366 ; 12.591 ; 12.739 ; 13.303 ;
; SW[9]      ; HEX0[5]     ; 11.718 ; 12.076 ; 12.091 ; 12.788 ;
; SW[9]      ; HEX0[6]     ; 12.523 ; 12.310 ; 13.235 ; 13.022 ;
; SW[9]      ; HEX1[0]     ; 10.904 ; 11.247 ; 11.435 ; 11.822 ;
; SW[9]      ; HEX1[2]     ; 11.136 ; 11.139 ; 11.667 ; 11.670 ;
; SW[9]      ; HEX1[3]     ; 10.776 ; 11.060 ; 11.307 ; 11.635 ;
; SW[9]      ; HEX1[4]     ; 10.711 ; 11.322 ; 11.242 ; 11.897 ;
; SW[9]      ; HEX1[5]     ; 10.822 ; 11.257 ; 11.353 ; 11.788 ;
; SW[9]      ; HEX1[6]     ; 11.576 ; 11.727 ; 12.107 ; 12.258 ;
; SW[9]      ; LEDR[0]     ; 13.543 ; 14.420 ; 13.916 ; 15.132 ;
; SW[9]      ; LEDR[4]     ; 13.359 ; 14.749 ; 13.890 ; 15.324 ;
; SW[9]      ; LEDR[5]     ; 13.488 ; 13.000 ; 14.019 ; 13.531 ;
+------------+-------------+--------+--------+--------+--------+


+--------------------------------------------------------------+
; Minimum Propagation Delay                                    ;
+------------+-------------+--------+--------+--------+--------+
; Input Port ; Output Port ; RR     ; RF     ; FR     ; FF     ;
+------------+-------------+--------+--------+--------+--------+
; KEY[0]     ; HEX0[0]     ; 8.775  ; 9.128  ; 9.219  ; 9.419  ;
; KEY[0]     ; HEX0[1]     ; 8.747  ; 9.100  ; 9.193  ; 9.393  ;
; KEY[0]     ; HEX0[2]     ; 8.837  ; 8.978  ; 9.084  ; 9.581  ;
; KEY[0]     ; HEX0[3]     ; 8.747  ; 9.090  ; 9.077  ; 9.420  ;
; KEY[0]     ; HEX0[4]     ; 9.036  ; 9.090  ; 9.347  ; 9.420  ;
; KEY[0]     ; HEX0[5]     ; 8.702  ; 9.192  ; 9.222  ; 9.316  ;
; KEY[0]     ; HEX0[6]     ; 9.026  ; 8.687  ; 9.356  ; 9.017  ;
; KEY[0]     ; HEX1[0]     ; 8.026  ; 8.385  ; 8.453  ; 8.703  ;
; KEY[0]     ; HEX1[2]     ; 8.330  ; 9.380  ; 10.147 ; 8.395  ;
; KEY[0]     ; HEX1[3]     ; 7.915  ; 8.223  ; 8.342  ; 8.541  ;
; KEY[0]     ; HEX1[4]     ; 8.280  ; 9.989  ; 9.810  ; 8.854  ;
; KEY[0]     ; HEX1[5]     ; 7.795  ; 9.607  ; 9.516  ; 8.401  ;
; KEY[0]     ; HEX1[6]     ;        ; 9.098  ; 8.953  ;        ;
; KEY[0]     ; LEDR[0]     ; 10.503 ; 11.911 ; 11.356 ; 11.452 ;
; KEY[0]     ; LEDR[1]     ; 9.588  ; 10.218 ; 9.918  ; 10.529 ;
; KEY[0]     ; LEDR[2]     ; 9.459  ; 9.874  ; 9.770  ; 10.181 ;
; KEY[0]     ; LEDR[3]     ; 9.743  ; 10.304 ; 10.054 ; 10.611 ;
; KEY[0]     ; LEDR[4]     ; 10.683 ; 13.026 ; 12.213 ; 11.891 ;
; KEY[0]     ; LEDR[5]     ; 10.552 ;        ;        ; 10.228 ;
; KEY[0]     ; LEDR[6]     ;        ; 6.168  ; 6.413  ;        ;
; KEY[1]     ; HEX0[0]     ; 8.991  ; 9.191  ; 9.317  ; 9.617  ;
; KEY[1]     ; HEX0[1]     ; 8.965  ; 9.165  ; 9.289  ; 9.589  ;
; KEY[1]     ; HEX0[2]     ; 8.856  ; 9.245  ; 9.218  ; 9.482  ;
; KEY[1]     ; HEX0[3]     ; 8.825  ; 9.029  ; 9.061  ; 9.265  ;
; KEY[1]     ; HEX0[4]     ; 9.076  ; 9.006  ; 9.304  ; 9.242  ;
; KEY[1]     ; HEX0[5]     ; 9.037  ; 9.088  ; 9.244  ; 9.573  ;
; KEY[1]     ; HEX0[6]     ; 8.966  ; 8.766  ; 9.202  ; 9.002  ;
; KEY[1]     ; HEX1[0]     ; 8.551  ; 8.801  ; 8.887  ; 9.246  ;
; KEY[1]     ; HEX1[2]     ; 9.561  ; 8.493  ; 9.191  ; 9.340  ;
; KEY[1]     ; HEX1[3]     ; 8.440  ; 8.639  ; 8.776  ; 9.084  ;
; KEY[1]     ; HEX1[4]     ; 9.220  ; 8.952  ; 9.141  ; 9.942  ;
; KEY[1]     ; HEX1[5]     ; 8.926  ; 8.499  ; 8.656  ; 9.560  ;
; KEY[1]     ; HEX1[6]     ; 9.051  ;        ;        ; 9.959  ;
; KEY[1]     ; LEDR[0]     ; 10.766 ; 11.224 ; 11.003 ; 11.864 ;
; KEY[1]     ; LEDR[1]     ; 9.733  ; 10.392 ; 9.969  ; 10.620 ;
; KEY[1]     ; LEDR[2]     ; 9.176  ; 9.592  ; 9.413  ; 9.821  ;
; KEY[1]     ; LEDR[3]     ; 9.460  ; 10.022 ; 9.696  ; 10.250 ;
; KEY[1]     ; LEDR[4]     ; 11.623 ; 11.989 ; 11.544 ; 12.979 ;
; KEY[1]     ; LEDR[5]     ;        ; 10.326 ; 11.413 ;        ;
; KEY[1]     ; LEDR[7]     ;        ; 6.127  ; 6.351  ;        ;
; KEY[2]     ; HEX0[0]     ; 8.521  ; 8.874  ; 8.773  ; 8.973  ;
; KEY[2]     ; HEX0[1]     ; 8.493  ; 8.846  ; 8.747  ; 8.947  ;
; KEY[2]     ; HEX0[2]     ; 8.842  ; 8.724  ; 8.638  ; 9.444  ;
; KEY[2]     ; HEX0[3]     ; 8.787  ; 8.991  ; 9.143  ; 9.329  ;
; KEY[2]     ; HEX0[4]     ; 8.980  ; 8.968  ; 9.259  ; 9.324  ;
; KEY[2]     ; HEX0[5]     ; 8.448  ; 9.209  ; 9.180  ; 8.870  ;
; KEY[2]     ; HEX0[6]     ; 8.928  ; 8.728  ; 9.284  ; 9.084  ;
; KEY[2]     ; HEX1[0]     ; 7.989  ; 8.348  ; 8.238  ; 8.488  ;
; KEY[2]     ; HEX1[2]     ; 8.293  ; 9.078  ; 9.830  ; 8.180  ;
; KEY[2]     ; HEX1[3]     ; 7.878  ; 8.186  ; 8.127  ; 8.326  ;
; KEY[2]     ; HEX1[4]     ; 8.243  ; 9.761  ; 9.552  ; 8.639  ;
; KEY[2]     ; HEX1[5]     ; 7.758  ; 9.379  ; 9.258  ; 8.186  ;
; KEY[2]     ; HEX1[6]     ;        ; 9.061  ; 8.738  ;        ;
; KEY[2]     ; LEDR[0]     ; 10.249 ; 11.683 ; 11.097 ; 11.006 ;
; KEY[2]     ; LEDR[1]     ; 9.704  ; 10.439 ; 10.062 ; 10.657 ;
; KEY[2]     ; LEDR[2]     ; 8.954  ; 9.341  ; 9.233  ; 9.601  ;
; KEY[2]     ; LEDR[3]     ; 9.422  ; 10.060 ; 9.778  ; 10.276 ;
; KEY[2]     ; LEDR[4]     ; 10.646 ; 12.798 ; 11.955 ; 11.676 ;
; KEY[2]     ; LEDR[5]     ; 10.515 ;        ;        ; 10.013 ;
; KEY[2]     ; LEDR[8]     ;        ; 6.537  ; 6.876  ;        ;
; KEY[3]     ; HEX0[0]     ; 8.322  ; 8.675  ; 8.767  ; 8.967  ;
; KEY[3]     ; HEX0[1]     ; 8.294  ; 8.647  ; 8.741  ; 8.941  ;
; KEY[3]     ; HEX0[2]     ; 8.832  ; 8.525  ; 8.632  ; 9.490  ;
; KEY[3]     ; HEX0[3]     ; 8.671  ; 8.875  ; 8.938  ; 9.142  ;
; KEY[3]     ; HEX0[4]     ; 8.903  ; 8.852  ; 9.192  ; 9.119  ;
; KEY[3]     ; HEX0[5]     ; 8.249  ; 9.187  ; 9.158  ; 8.864  ;
; KEY[3]     ; HEX0[6]     ; 8.812  ; 8.612  ; 9.079  ; 8.879  ;
; KEY[3]     ; HEX1[0]     ; 7.878  ; 8.237  ; 8.350  ; 8.600  ;
; KEY[3]     ; HEX1[2]     ; 8.182  ; 8.980  ; 9.749  ; 8.292  ;
; KEY[3]     ; HEX1[3]     ; 7.767  ; 8.075  ; 8.239  ; 8.438  ;
; KEY[3]     ; HEX1[4]     ; 8.132  ; 9.657  ; 9.465  ; 8.751  ;
; KEY[3]     ; HEX1[5]     ; 7.647  ; 9.275  ; 9.171  ; 8.298  ;
; KEY[3]     ; HEX1[6]     ;        ; 8.950  ; 8.850  ;        ;
; KEY[3]     ; LEDR[0]     ; 10.050 ; 11.579 ; 11.011 ; 11.000 ;
; KEY[3]     ; LEDR[1]     ; 9.583  ; 10.307 ; 9.854  ; 10.516 ;
; KEY[3]     ; LEDR[2]     ; 9.026  ; 9.507  ; 9.294  ; 9.713  ;
; KEY[3]     ; LEDR[3]     ; 9.306  ; 9.933  ; 9.573  ; 10.138 ;
; KEY[3]     ; LEDR[4]     ; 10.535 ; 12.694 ; 11.868 ; 11.788 ;
; KEY[3]     ; LEDR[5]     ; 10.404 ;        ;        ; 10.125 ;
; KEY[3]     ; LEDR[9]     ;        ; 6.305  ; 6.645  ;        ;
; SW[0]      ; HEX0[0]     ; 8.916  ; 9.152  ; 9.403  ; 9.639  ;
; SW[0]      ; HEX0[1]     ; 8.888  ; 9.124  ; 9.375  ; 9.611  ;
; SW[0]      ; HEX0[2]     ; 9.122  ; 9.017  ; 9.585  ; 9.504  ;
; SW[0]      ; HEX0[3]     ; 9.384  ; 9.588  ; 9.866  ; 10.075 ;
; SW[0]      ; HEX0[4]     ; 9.391  ; 9.833  ; 9.878  ; 10.209 ;
; SW[0]      ; HEX0[5]     ; 8.845  ; 9.356  ; 9.332  ; 9.819  ;
; SW[0]      ; HEX0[6]     ; 9.528  ; 9.328  ; 10.015 ; 9.806  ;
; SW[0]      ; HEX1[0]     ; 9.321  ; 9.284  ; 9.568  ; 9.531  ;
; SW[0]      ; HEX1[2]     ; 9.348  ; 8.973  ; 9.621  ; 9.248  ;
; SW[0]      ; HEX1[3]     ; 9.210  ; 9.122  ; 9.457  ; 9.369  ;
; SW[0]      ; HEX1[4]     ; 9.515  ; 9.915  ; 9.790  ; 10.188 ;
; SW[0]      ; HEX1[5]     ; 8.794  ; 9.135  ; 9.069  ; 9.408  ;
; SW[0]      ; HEX1[6]     ; 9.903  ; 10.024 ; 10.150 ; 10.271 ;
; SW[0]      ; LEDR[0]     ; 10.538 ; 11.427 ; 11.025 ; 11.890 ;
; SW[0]      ; LEDR[1]     ; 10.460 ; 11.067 ; 10.707 ; 11.314 ;
; SW[0]      ; LEDR[2]     ; 10.137 ; 10.490 ; 10.372 ; 10.726 ;
; SW[0]      ; LEDR[3]     ; 10.452 ; 10.998 ; 10.699 ; 11.245 ;
; SW[0]      ; LEDR[4]     ; 11.918 ; 12.952 ; 12.193 ; 13.225 ;
; SW[0]      ; LEDR[5]     ; 11.478 ; 11.178 ; 11.725 ; 11.425 ;
; SW[1]      ; HEX0[0]     ; 8.559  ; 8.891  ; 8.878  ; 9.210  ;
; SW[1]      ; HEX0[1]     ; 8.535  ; 8.867  ; 8.854  ; 9.186  ;
; SW[1]      ; HEX0[2]     ; 8.434  ; 9.022  ; 8.753  ; 9.229  ;
; SW[1]      ; HEX0[3]     ; 8.344  ; 8.687  ; 8.663  ; 9.006  ;
; SW[1]      ; HEX0[4]     ; 8.788  ; 8.687  ; 8.995  ; 9.006  ;
; SW[1]      ; HEX0[5]     ; 8.489  ; 8.789  ; 8.808  ; 9.108  ;
; SW[1]      ; HEX0[6]     ; 8.623  ; 8.284  ; 8.942  ; 8.603  ;
; SW[1]      ; HEX1[0]     ; 9.221  ; 9.184  ; 9.460  ; 9.423  ;
; SW[1]      ; HEX1[2]     ; 9.248  ; 8.873  ; 9.513  ; 9.140  ;
; SW[1]      ; HEX1[3]     ; 9.110  ; 9.022  ; 9.349  ; 9.261  ;
; SW[1]      ; HEX1[4]     ; 9.415  ; 9.815  ; 9.682  ; 10.080 ;
; SW[1]      ; HEX1[5]     ; 8.694  ; 9.035  ; 8.961  ; 9.300  ;
; SW[1]      ; HEX1[6]     ; 9.803  ; 9.924  ; 10.042 ; 10.163 ;
; SW[1]      ; LEDR[0]     ;        ; 11.763 ; 11.194 ;        ;
; SW[1]      ; LEDR[1]     ; 9.185  ; 9.970  ; 9.504  ; 10.177 ;
; SW[1]      ; LEDR[2]     ; 10.037 ; 10.390 ; 10.264 ; 10.618 ;
; SW[1]      ; LEDR[3]     ; 10.352 ; 10.898 ; 10.591 ; 11.137 ;
; SW[1]      ; LEDR[4]     ; 11.818 ; 12.852 ; 12.085 ; 13.117 ;
; SW[1]      ; LEDR[5]     ; 11.378 ; 11.078 ; 11.617 ; 11.317 ;
; SW[2]      ; HEX0[0]     ; 9.141  ; 9.481  ; 9.524  ; 9.864  ;
; SW[2]      ; HEX0[1]     ; 9.115  ; 9.766  ; 9.498  ; 10.037 ;
; SW[2]      ; HEX0[2]     ; 9.011  ; 9.334  ; 9.394  ; 9.717  ;
; SW[2]      ; HEX0[3]     ; 9.042  ; 9.219  ; 9.425  ; 9.602  ;
; SW[2]      ; HEX0[4]     ; 9.149  ; 9.336  ; 9.532  ; 9.719  ;
; SW[2]      ; HEX0[5]     ; 9.070  ; 9.378  ; 9.453  ; 9.761  ;
; SW[2]      ; HEX0[6]     ; 9.286  ; 9.086  ; 9.669  ; 9.469  ;
; SW[2]      ; HEX1[0]     ; 9.632  ; 9.595  ; 9.947  ; 9.910  ;
; SW[2]      ; HEX1[2]     ; 9.659  ; 9.284  ; 10.000 ; 9.627  ;
; SW[2]      ; HEX1[3]     ; 9.521  ; 9.433  ; 9.836  ; 9.748  ;
; SW[2]      ; HEX1[4]     ; 9.826  ; 10.226 ; 10.169 ; 10.567 ;
; SW[2]      ; HEX1[5]     ; 9.105  ; 9.446  ; 9.448  ; 9.787  ;
; SW[2]      ; HEX1[6]     ; 10.214 ; 10.335 ; 10.529 ; 10.650 ;
; SW[2]      ; LEDR[0]     ;        ; 12.039 ; 11.498 ;        ;
; SW[2]      ; LEDR[2]     ; 9.123  ; 9.665  ; 9.506  ; 9.936  ;
; SW[2]      ; LEDR[3]     ; 10.763 ; 11.309 ; 11.078 ; 11.624 ;
; SW[2]      ; LEDR[4]     ; 12.229 ; 13.263 ; 12.572 ; 13.604 ;
; SW[2]      ; LEDR[5]     ; 11.789 ; 11.489 ; 12.104 ; 11.804 ;
; SW[3]      ; HEX0[0]     ; 8.935  ; 9.187  ; 9.240  ; 9.492  ;
; SW[3]      ; HEX0[1]     ; 8.909  ; 9.161  ; 9.214  ; 9.466  ;
; SW[3]      ; HEX0[2]     ; 8.813  ; 9.048  ; 9.118  ; 9.353  ;
; SW[3]      ; HEX0[3]     ; 8.279  ; 8.483  ; 8.584  ; 8.788  ;
; SW[3]      ; HEX0[4]     ; 8.656  ; 8.460  ; 8.849  ; 8.765  ;
; SW[3]      ; HEX0[5]     ; 8.865  ; 9.085  ; 9.170  ; 9.390  ;
; SW[3]      ; HEX0[6]     ; 8.420  ; 8.220  ; 8.725  ; 8.525  ;
; SW[3]      ; HEX1[0]     ; 8.993  ; 8.956  ; 9.239  ; 9.202  ;
; SW[3]      ; HEX1[2]     ; 9.020  ; 8.645  ; 9.292  ; 8.919  ;
; SW[3]      ; HEX1[3]     ; 8.882  ; 8.794  ; 9.128  ; 9.040  ;
; SW[3]      ; HEX1[4]     ; 9.187  ; 9.587  ; 9.461  ; 9.859  ;
; SW[3]      ; HEX1[5]     ; 8.466  ; 8.807  ; 8.740  ; 9.079  ;
; SW[3]      ; HEX1[6]     ; 9.575  ; 9.696  ; 9.821  ; 9.942  ;
; SW[3]      ; LEDR[0]     ; 11.286 ; 12.099 ; 11.516 ; 12.339 ;
; SW[3]      ; LEDR[3]     ; 8.914  ; 9.602  ; 9.219  ; 9.795  ;
; SW[3]      ; LEDR[4]     ; 11.590 ; 12.624 ; 11.864 ; 12.896 ;
; SW[3]      ; LEDR[5]     ; 11.150 ; 10.850 ; 11.396 ; 11.096 ;
; SW[4]      ; HEX0[0]     ; 9.615  ; 9.867  ; 10.035 ; 10.287 ;
; SW[4]      ; HEX0[1]     ; 9.570  ; 9.822  ; 9.990  ; 10.242 ;
; SW[4]      ; HEX0[2]     ; 9.874  ; 9.751  ; 10.190 ; 10.171 ;
; SW[4]      ; HEX0[3]     ; 10.059 ; 10.263 ; 10.479 ; 10.683 ;
; SW[4]      ; HEX0[4]     ; 10.066 ; 10.566 ; 10.486 ; 10.882 ;
; SW[4]      ; HEX0[5]     ; 9.538  ; 10.112 ; 9.958  ; 10.428 ;
; SW[4]      ; HEX0[6]     ; 10.203 ; 10.003 ; 10.623 ; 10.423 ;
; SW[4]      ; HEX1[0]     ; 8.845  ; 9.353  ; 9.139  ; 9.612  ;
; SW[4]      ; HEX1[2]     ; 9.021  ; 8.662  ; 9.326  ; 8.972  ;
; SW[4]      ; HEX1[3]     ; 8.734  ; 9.191  ; 9.028  ; 9.450  ;
; SW[4]      ; HEX1[4]     ; 8.897  ; 9.451  ; 9.191  ; 9.683  ;
; SW[4]      ; HEX1[5]     ; 8.483  ; 8.808  ; 8.793  ; 9.113  ;
; SW[4]      ; HEX1[6]     ; 9.972  ; 10.093 ; 10.318 ; 10.439 ;
; SW[4]      ; LEDR[0]     ; 11.213 ; 12.160 ; 11.633 ; 12.476 ;
; SW[4]      ; LEDR[4]     ; 11.300 ; 12.488 ; 11.594 ; 12.720 ;
; SW[4]      ; LEDR[5]     ; 11.547 ; 11.247 ; 11.893 ; 11.593 ;
; SW[5]      ; HEX0[0]     ; 8.635  ; 8.871  ; 9.202  ; 9.423  ;
; SW[5]      ; HEX0[1]     ; 8.607  ; 8.843  ; 9.174  ; 9.395  ;
; SW[5]      ; HEX0[2]     ; 9.115  ; 8.736  ; 9.085  ; 9.524  ;
; SW[5]      ; HEX0[3]     ; 9.103  ; 9.307  ; 9.612  ; 9.805  ;
; SW[5]      ; HEX0[4]     ; 9.110  ; 9.889  ; 9.902  ; 9.796  ;
; SW[5]      ; HEX0[5]     ; 8.564  ; 9.347  ; 9.248  ; 9.319  ;
; SW[5]      ; HEX0[6]     ; 9.247  ; 9.047  ; 9.745  ; 9.556  ;
; SW[5]      ; HEX1[0]     ; 9.303  ; 9.266  ; 9.641  ; 9.604  ;
; SW[5]      ; HEX1[2]     ; 9.330  ; 8.955  ; 9.694  ; 9.321  ;
; SW[5]      ; HEX1[3]     ; 9.192  ; 9.104  ; 9.530  ; 9.442  ;
; SW[5]      ; HEX1[4]     ; 9.497  ; 9.897  ; 9.863  ; 10.261 ;
; SW[5]      ; HEX1[5]     ; 8.776  ; 9.117  ; 9.142  ; 9.481  ;
; SW[5]      ; HEX1[6]     ; 9.885  ; 10.006 ; 10.223 ; 10.344 ;
; SW[5]      ; LEDR[0]     ; 10.257 ; 11.483 ; 11.049 ; 11.390 ;
; SW[5]      ; LEDR[1]     ; 10.442 ; 11.049 ; 10.780 ; 11.387 ;
; SW[5]      ; LEDR[2]     ; 10.119 ; 10.472 ; 10.445 ; 10.799 ;
; SW[5]      ; LEDR[3]     ; 10.434 ; 10.980 ; 10.772 ; 11.318 ;
; SW[5]      ; LEDR[4]     ; 11.900 ; 12.934 ; 12.266 ; 13.298 ;
; SW[5]      ; LEDR[5]     ; 11.460 ; 11.160 ; 11.798 ; 11.498 ;
; SW[6]      ; HEX0[0]     ; 9.073  ; 9.405  ; 9.570  ; 9.839  ;
; SW[6]      ; HEX0[1]     ; 9.049  ; 9.381  ; 9.547  ; 9.816  ;
; SW[6]      ; HEX0[2]     ; 8.948  ; 9.478  ; 9.678  ; 9.693  ;
; SW[6]      ; HEX0[3]     ; 8.858  ; 9.201  ; 9.458  ; 9.692  ;
; SW[6]      ; HEX0[4]     ; 9.596  ; 9.201  ; 9.459  ; 9.931  ;
; SW[6]      ; HEX0[5]     ; 9.003  ; 9.303  ; 9.499  ; 9.736  ;
; SW[6]      ; HEX0[6]     ; 9.137  ; 8.798  ; 9.629  ; 9.399  ;
; SW[6]      ; HEX1[0]     ; 9.347  ; 9.310  ; 9.723  ; 9.686  ;
; SW[6]      ; HEX1[2]     ; 9.374  ; 8.999  ; 9.776  ; 9.403  ;
; SW[6]      ; HEX1[3]     ; 9.236  ; 9.148  ; 9.612  ; 9.524  ;
; SW[6]      ; HEX1[4]     ; 9.541  ; 9.941  ; 9.945  ; 10.343 ;
; SW[6]      ; HEX1[5]     ; 8.820  ; 9.161  ; 9.224  ; 9.563  ;
; SW[6]      ; HEX1[6]     ; 9.929  ; 10.050 ; 10.305 ; 10.426 ;
; SW[6]      ; LEDR[0]     ; 10.940 ;        ;        ; 12.079 ;
; SW[6]      ; LEDR[1]     ; 9.699  ; 10.778 ; 10.429 ; 10.641 ;
; SW[6]      ; LEDR[2]     ; 10.163 ; 10.516 ; 10.527 ; 10.881 ;
; SW[6]      ; LEDR[3]     ; 10.478 ; 11.024 ; 10.854 ; 11.400 ;
; SW[6]      ; LEDR[4]     ; 11.944 ; 12.978 ; 12.348 ; 13.380 ;
; SW[6]      ; LEDR[5]     ; 11.504 ; 11.204 ; 11.880 ; 11.580 ;
; SW[7]      ; HEX0[0]     ; 8.633  ; 8.973  ; 9.200  ; 9.414  ;
; SW[7]      ; HEX0[1]     ; 8.607  ; 8.988  ; 9.159  ; 9.386  ;
; SW[7]      ; HEX0[2]     ; 8.503  ; 8.826  ; 9.067  ; 9.264  ;
; SW[7]      ; HEX0[3]     ; 8.534  ; 8.711  ; 8.994  ; 9.222  ;
; SW[7]      ; HEX0[4]     ; 8.641  ; 8.828  ; 9.121  ; 9.303  ;
; SW[7]      ; HEX0[5]     ; 8.562  ; 8.870  ; 9.128  ; 9.310  ;
; SW[7]      ; HEX0[6]     ; 8.778  ; 8.578  ; 9.252  ; 9.057  ;
; SW[7]      ; HEX1[0]     ; 8.929  ; 8.892  ; 9.155  ; 9.118  ;
; SW[7]      ; HEX1[2]     ; 8.956  ; 8.581  ; 9.208  ; 8.835  ;
; SW[7]      ; HEX1[3]     ; 8.818  ; 8.730  ; 9.044  ; 8.956  ;
; SW[7]      ; HEX1[4]     ; 9.123  ; 9.523  ; 9.377  ; 9.775  ;
; SW[7]      ; HEX1[5]     ; 8.402  ; 8.743  ; 8.656  ; 8.995  ;
; SW[7]      ; HEX1[6]     ; 9.511  ; 9.632  ; 9.737  ; 9.858  ;
; SW[7]      ; LEDR[0]     ; 10.379 ;        ;        ; 11.390 ;
; SW[7]      ; LEDR[2]     ; 8.615  ; 9.673  ; 9.515  ; 9.285  ;
; SW[7]      ; LEDR[3]     ; 10.060 ; 10.606 ; 10.286 ; 10.832 ;
; SW[7]      ; LEDR[4]     ; 11.526 ; 12.560 ; 11.780 ; 12.812 ;
; SW[7]      ; LEDR[5]     ; 11.086 ; 10.786 ; 11.312 ; 11.012 ;
; SW[8]      ; HEX0[0]     ; 9.213  ; 9.465  ; 9.785  ; 10.025 ;
; SW[8]      ; HEX0[1]     ; 9.187  ; 9.439  ; 9.759  ; 9.999  ;
; SW[8]      ; HEX0[2]     ; 9.091  ; 9.326  ; 9.661  ; 9.884  ;
; SW[8]      ; HEX0[3]     ; 8.557  ; 8.761  ; 9.150  ; 9.337  ;
; SW[8]      ; HEX0[4]     ; 10.085 ; 8.738  ; 9.151  ; 10.426 ;
; SW[8]      ; HEX0[5]     ; 9.143  ; 9.363  ; 9.714  ; 9.922  ;
; SW[8]      ; HEX0[6]     ; 8.698  ; 8.498  ; 9.274  ; 9.091  ;
; SW[8]      ; HEX1[0]     ; 9.613  ; 9.576  ; 10.014 ; 9.977  ;
; SW[8]      ; HEX1[2]     ; 9.640  ; 9.265  ; 10.067 ; 9.694  ;
; SW[8]      ; HEX1[3]     ; 9.502  ; 9.414  ; 9.903  ; 9.815  ;
; SW[8]      ; HEX1[4]     ; 9.807  ; 10.207 ; 10.236 ; 10.634 ;
; SW[8]      ; HEX1[5]     ; 9.086  ; 9.427  ; 9.515  ; 9.854  ;
; SW[8]      ; HEX1[6]     ; 10.195 ; 10.316 ; 10.596 ; 10.717 ;
; SW[8]      ; LEDR[0]     ; 11.252 ; 12.056 ; 11.646 ; 12.433 ;
; SW[8]      ; LEDR[3]     ; 9.192  ; 11.031 ; 10.880 ; 10.097 ;
; SW[8]      ; LEDR[4]     ; 12.210 ; 13.244 ; 12.639 ; 13.671 ;
; SW[8]      ; LEDR[5]     ; 11.770 ; 11.470 ; 12.171 ; 11.871 ;
; SW[9]      ; HEX0[0]     ; 10.160 ; 10.412 ; 10.602 ; 10.854 ;
; SW[9]      ; HEX0[1]     ; 10.115 ; 10.367 ; 10.557 ; 10.809 ;
; SW[9]      ; HEX0[2]     ; 10.252 ; 10.296 ; 10.746 ; 10.738 ;
; SW[9]      ; HEX0[3]     ; 10.604 ; 10.808 ; 11.046 ; 11.250 ;
; SW[9]      ; HEX0[4]     ; 10.611 ; 10.944 ; 11.053 ; 11.438 ;
; SW[9]      ; HEX0[5]     ; 10.083 ; 10.490 ; 10.525 ; 10.984 ;
; SW[9]      ; HEX0[6]     ; 10.748 ; 10.548 ; 11.190 ; 10.990 ;
; SW[9]      ; HEX1[0]     ; 9.015  ; 9.365  ; 9.428  ; 9.765  ;
; SW[9]      ; HEX1[2]     ; 8.989  ; 8.561  ; 9.396  ; 8.939  ;
; SW[9]      ; HEX1[3]     ; 8.904  ; 9.203  ; 9.317  ; 9.603  ;
; SW[9]      ; HEX1[4]     ; 9.067  ; 9.556  ; 9.481  ; 9.958  ;
; SW[9]      ; HEX1[5]     ; 8.382  ; 8.776  ; 8.760  ; 9.183  ;
; SW[9]      ; HEX1[6]     ; 9.984  ; 10.105 ; 10.384 ; 10.505 ;
; SW[9]      ; LEDR[0]     ; 11.758 ; 12.538 ; 12.200 ; 13.032 ;
; SW[9]      ; LEDR[4]     ; 11.470 ; 12.593 ; 11.884 ; 12.995 ;
; SW[9]      ; LEDR[5]     ; 11.559 ; 11.259 ; 11.959 ; 11.659 ;
+------------+-------------+--------+--------+--------+--------+


---------------------------------------------
; Slow 1100mV 0C Model Metastability Report ;
---------------------------------------------
No synchronizer chains to report.


---------------------------------------
; Fast 1100mV 85C Model Setup Summary ;
---------------------------------------
No paths to report.


--------------------------------------
; Fast 1100mV 85C Model Hold Summary ;
--------------------------------------
No paths to report.


------------------------------------------
; Fast 1100mV 85C Model Recovery Summary ;
------------------------------------------
No paths to report.


-----------------------------------------
; Fast 1100mV 85C Model Removal Summary ;
-----------------------------------------
No paths to report.


-----------------------------------------------------
; Fast 1100mV 85C Model Minimum Pulse Width Summary ;
-----------------------------------------------------
No paths to report.


+----------------------------------------------------------+
; Propagation Delay                                        ;
+------------+-------------+-------+-------+-------+-------+
; Input Port ; Output Port ; RR    ; RF    ; FR    ; FF    ;
+------------+-------------+-------+-------+-------+-------+
; KEY[0]     ; HEX0[0]     ; 6.111 ; 6.430 ; 7.154 ; 7.470 ;
; KEY[0]     ; HEX0[1]     ; 6.063 ; 6.365 ; 7.091 ; 7.391 ;
; KEY[0]     ; HEX0[2]     ; 5.967 ; 6.276 ; 7.044 ; 6.952 ;
; KEY[0]     ; HEX0[3]     ; 6.219 ; 6.475 ; 7.257 ; 7.515 ;
; KEY[0]     ; HEX0[4]     ; 6.254 ; 6.399 ; 6.619 ; 7.517 ;
; KEY[0]     ; HEX0[5]     ; 6.032 ; 6.300 ; 6.744 ; 7.341 ;
; KEY[0]     ; HEX0[6]     ; 6.421 ; 6.180 ; 7.462 ; 7.219 ;
; KEY[0]     ; HEX1[0]     ; 5.556 ; 6.082 ; 6.271 ; 6.795 ;
; KEY[0]     ; HEX1[2]     ; 6.029 ; 5.535 ; 6.742 ; 6.250 ;
; KEY[0]     ; HEX1[3]     ; 5.467 ; 5.948 ; 6.182 ; 6.661 ;
; KEY[0]     ; HEX1[4]     ; 5.557 ; 6.101 ; 6.272 ; 6.814 ;
; KEY[0]     ; HEX1[5]     ; 5.408 ; 5.857 ; 6.123 ; 6.570 ;
; KEY[0]     ; HEX1[6]     ;       ; 5.699 ; 5.983 ;       ;
; KEY[0]     ; LEDR[0]     ; 7.190 ; 7.794 ; 7.516 ; 8.912 ;
; KEY[0]     ; LEDR[1]     ; 6.007 ; 6.804 ; 6.728 ; 7.518 ;
; KEY[0]     ; LEDR[2]     ; 5.696 ; 6.197 ; 6.410 ; 6.909 ;
; KEY[0]     ; LEDR[3]     ; 5.978 ; 6.723 ; 6.692 ; 7.435 ;
; KEY[0]     ; LEDR[4]     ; 7.179 ; 8.364 ; 7.894 ; 9.077 ;
; KEY[0]     ; LEDR[5]     ; 6.808 ;       ;       ; 6.826 ;
; KEY[0]     ; LEDR[6]     ;       ; 3.649 ; 4.263 ;       ;
; KEY[1]     ; HEX0[0]     ; 6.221 ; 6.537 ; 6.549 ; 6.868 ;
; KEY[1]     ; HEX0[1]     ; 6.158 ; 6.458 ; 6.488 ; 6.791 ;
; KEY[1]     ; HEX0[2]     ; 6.111 ; 6.043 ; 6.390 ; 6.714 ;
; KEY[1]     ; HEX0[3]     ; 6.324 ; 6.582 ; 6.657 ; 6.913 ;
; KEY[1]     ; HEX0[4]     ; 5.710 ; 6.584 ; 6.692 ; 6.829 ;
; KEY[1]     ; HEX0[5]     ; 5.835 ; 6.408 ; 6.470 ; 6.723 ;
; KEY[1]     ; HEX0[6]     ; 6.529 ; 6.286 ; 6.859 ; 6.618 ;
; KEY[1]     ; HEX1[0]     ; 5.367 ; 5.890 ; 5.987 ; 6.512 ;
; KEY[1]     ; HEX1[2]     ; 5.837 ; 5.346 ; 6.459 ; 5.966 ;
; KEY[1]     ; HEX1[3]     ; 5.278 ; 5.756 ; 5.898 ; 6.378 ;
; KEY[1]     ; HEX1[4]     ; 5.368 ; 5.909 ; 5.988 ; 6.531 ;
; KEY[1]     ; HEX1[5]     ; 5.219 ; 5.665 ; 5.839 ; 6.287 ;
; KEY[1]     ; HEX1[6]     ; 5.418 ;       ;       ; 6.621 ;
; KEY[1]     ; LEDR[0]     ; 6.612 ; 7.979 ; 7.628 ; 8.224 ;
; KEY[1]     ; LEDR[1]     ; 5.988 ; 6.788 ; 6.606 ; 7.409 ;
; KEY[1]     ; LEDR[2]     ; 5.502 ; 6.000 ; 6.119 ; 6.620 ;
; KEY[1]     ; LEDR[3]     ; 5.784 ; 6.526 ; 6.401 ; 7.146 ;
; KEY[1]     ; LEDR[4]     ; 6.990 ; 8.172 ; 7.610 ; 8.794 ;
; KEY[1]     ; LEDR[5]     ;       ; 6.261 ; 7.730 ;       ;
; KEY[1]     ; LEDR[7]     ;       ; 3.634 ; 4.222 ;       ;
; KEY[2]     ; HEX0[0]     ; 6.155 ; 6.471 ; 6.664 ; 6.982 ;
; KEY[2]     ; HEX0[1]     ; 6.092 ; 6.392 ; 6.622 ; 6.924 ;
; KEY[2]     ; HEX0[2]     ; 6.045 ; 6.145 ; 6.526 ; 6.799 ;
; KEY[2]     ; HEX0[3]     ; 6.258 ; 6.516 ; 6.715 ; 6.973 ;
; KEY[2]     ; HEX0[4]     ; 5.766 ; 6.518 ; 6.662 ; 6.975 ;
; KEY[2]     ; HEX0[5]     ; 5.937 ; 6.342 ; 6.591 ; 6.859 ;
; KEY[2]     ; HEX0[6]     ; 6.463 ; 6.220 ; 6.920 ; 6.677 ;
; KEY[2]     ; HEX1[0]     ; 5.456 ; 6.000 ; 6.092 ; 6.657 ;
; KEY[2]     ; HEX1[2]     ; 5.947 ; 5.435 ; 6.604 ; 6.071 ;
; KEY[2]     ; HEX1[3]     ; 5.367 ; 5.866 ; 6.003 ; 6.523 ;
; KEY[2]     ; HEX1[4]     ; 5.457 ; 6.019 ; 6.093 ; 6.676 ;
; KEY[2]     ; HEX1[5]     ; 5.308 ; 5.775 ; 5.944 ; 6.432 ;
; KEY[2]     ; HEX1[6]     ;       ; 5.521 ; 5.659 ;       ;
; KEY[2]     ; LEDR[0]     ; 6.702 ; 7.913 ; 7.598 ; 8.370 ;
; KEY[2]     ; LEDR[1]     ; 6.075 ; 6.897 ; 6.710 ; 7.553 ;
; KEY[2]     ; LEDR[2]     ; 5.425 ; 5.920 ; 6.073 ; 6.561 ;
; KEY[2]     ; LEDR[3]     ; 5.864 ; 6.628 ; 6.497 ; 7.282 ;
; KEY[2]     ; LEDR[4]     ; 7.079 ; 8.282 ; 7.715 ; 8.939 ;
; KEY[2]     ; LEDR[5]     ; 6.630 ;       ;       ; 6.502 ;
; KEY[2]     ; LEDR[8]     ;       ; 3.832 ; 4.507 ;       ;
; KEY[3]     ; HEX0[0]     ; 6.284 ; 6.600 ; 6.672 ; 6.991 ;
; KEY[3]     ; HEX0[1]     ; 6.221 ; 6.521 ; 6.611 ; 6.914 ;
; KEY[3]     ; HEX0[2]     ; 6.174 ; 6.066 ; 6.413 ; 6.837 ;
; KEY[3]     ; HEX0[3]     ; 6.387 ; 6.645 ; 6.780 ; 7.036 ;
; KEY[3]     ; HEX0[4]     ; 5.738 ; 6.647 ; 6.815 ; 6.929 ;
; KEY[3]     ; HEX0[5]     ; 5.858 ; 6.471 ; 6.593 ; 6.746 ;
; KEY[3]     ; HEX0[6]     ; 6.592 ; 6.349 ; 6.982 ; 6.741 ;
; KEY[3]     ; HEX1[0]     ; 5.404 ; 5.974 ; 6.063 ; 6.611 ;
; KEY[3]     ; HEX1[2]     ; 5.921 ; 5.383 ; 6.558 ; 6.042 ;
; KEY[3]     ; HEX1[3]     ; 5.315 ; 5.840 ; 5.974 ; 6.477 ;
; KEY[3]     ; HEX1[4]     ; 5.405 ; 5.993 ; 6.064 ; 6.630 ;
; KEY[3]     ; HEX1[5]     ; 5.256 ; 5.749 ; 5.915 ; 6.386 ;
; KEY[3]     ; HEX1[6]     ;       ; 5.605 ; 5.846 ;       ;
; KEY[3]     ; LEDR[0]     ; 6.650 ; 8.042 ; 7.751 ; 8.324 ;
; KEY[3]     ; LEDR[1]     ; 6.005 ; 6.815 ; 6.642 ; 7.438 ;
; KEY[3]     ; LEDR[2]     ; 5.520 ; 6.028 ; 6.156 ; 6.650 ;
; KEY[3]     ; LEDR[3]     ; 5.797 ; 6.549 ; 6.431 ; 7.169 ;
; KEY[3]     ; LEDR[4]     ; 7.027 ; 8.256 ; 7.686 ; 8.893 ;
; KEY[3]     ; LEDR[5]     ; 6.714 ;       ;       ; 6.689 ;
; KEY[3]     ; LEDR[9]     ;       ; 3.741 ; 4.399 ;       ;
; SW[0]      ; HEX0[0]     ; 6.694 ; 7.012 ; 7.320 ; 7.638 ;
; SW[0]      ; HEX0[1]     ; 6.652 ; 6.954 ; 7.278 ; 7.580 ;
; SW[0]      ; HEX0[2]     ; 6.556 ; 6.829 ; 7.182 ; 7.455 ;
; SW[0]      ; HEX0[3]     ; 6.347 ; 6.597 ; 6.973 ; 7.223 ;
; SW[0]      ; HEX0[4]     ; 6.372 ; 6.522 ; 6.998 ; 7.175 ;
; SW[0]      ; HEX0[5]     ; 6.621 ; 6.889 ; 7.247 ; 7.515 ;
; SW[0]      ; HEX0[6]     ; 6.540 ; 6.305 ; 7.166 ; 6.931 ;
; SW[0]      ; HEX1[0]     ; 5.910 ; 6.127 ; 6.533 ; 6.759 ;
; SW[0]      ; HEX1[2]     ; 5.950 ; 5.996 ; 6.573 ; 6.619 ;
; SW[0]      ; HEX1[3]     ; 5.821 ; 5.993 ; 6.444 ; 6.625 ;
; SW[0]      ; HEX1[4]     ; 5.636 ; 6.146 ; 6.269 ; 6.778 ;
; SW[0]      ; HEX1[5]     ; 5.618 ; 6.089 ; 6.241 ; 6.712 ;
; SW[0]      ; HEX1[6]     ; 6.312 ; 6.449 ; 6.935 ; 7.072 ;
; SW[0]      ; LEDR[0]     ; 6.926 ; 7.916 ; 7.564 ; 8.570 ;
; SW[0]      ; LEDR[1]     ; 6.542 ; 7.372 ; 7.171 ; 8.001 ;
; SW[0]      ; LEDR[2]     ; 6.060 ; 6.590 ; 6.691 ; 7.223 ;
; SW[0]      ; LEDR[3]     ; 6.496 ; 7.312 ; 7.122 ; 7.938 ;
; SW[0]      ; LEDR[4]     ; 7.258 ; 8.409 ; 7.891 ; 9.041 ;
; SW[0]      ; LEDR[5]     ; 7.558 ; 7.155 ; 8.181 ; 7.778 ;
; SW[1]      ; HEX0[0]     ; 6.579 ; 6.897 ; 7.129 ; 7.447 ;
; SW[1]      ; HEX0[1]     ; 6.537 ; 6.839 ; 7.087 ; 7.389 ;
; SW[1]      ; HEX0[2]     ; 6.441 ; 6.714 ; 6.991 ; 7.264 ;
; SW[1]      ; HEX0[3]     ; 6.232 ; 6.482 ; 6.782 ; 7.032 ;
; SW[1]      ; HEX0[4]     ; 6.257 ; 6.407 ; 6.807 ; 6.964 ;
; SW[1]      ; HEX0[5]     ; 6.506 ; 6.774 ; 7.056 ; 7.324 ;
; SW[1]      ; HEX0[6]     ; 6.425 ; 6.190 ; 6.975 ; 6.740 ;
; SW[1]      ; HEX1[0]     ; 5.795 ; 6.012 ; 6.342 ; 6.568 ;
; SW[1]      ; HEX1[2]     ; 5.835 ; 5.881 ; 6.382 ; 6.428 ;
; SW[1]      ; HEX1[3]     ; 5.706 ; 5.878 ; 6.253 ; 6.434 ;
; SW[1]      ; HEX1[4]     ; 5.521 ; 6.031 ; 6.078 ; 6.587 ;
; SW[1]      ; HEX1[5]     ; 5.503 ; 5.974 ; 6.050 ; 6.521 ;
; SW[1]      ; HEX1[6]     ; 6.197 ; 6.334 ; 6.744 ; 6.881 ;
; SW[1]      ; LEDR[0]     ;       ; 7.597 ; 7.240 ;       ;
; SW[1]      ; LEDR[1]     ; 6.366 ; 7.187 ; 6.945 ; 7.766 ;
; SW[1]      ; LEDR[2]     ; 5.945 ; 6.475 ; 6.500 ; 7.032 ;
; SW[1]      ; LEDR[3]     ; 6.381 ; 7.197 ; 6.931 ; 7.747 ;
; SW[1]      ; LEDR[4]     ; 7.143 ; 8.294 ; 7.700 ; 8.850 ;
; SW[1]      ; LEDR[5]     ; 7.443 ; 7.040 ; 7.990 ; 7.587 ;
; SW[2]      ; HEX0[0]     ; 6.836 ; 7.154 ; 7.483 ; 7.801 ;
; SW[2]      ; HEX0[1]     ; 6.794 ; 7.096 ; 7.441 ; 7.743 ;
; SW[2]      ; HEX0[2]     ; 6.698 ; 6.971 ; 7.345 ; 7.618 ;
; SW[2]      ; HEX0[3]     ; 6.489 ; 6.739 ; 7.136 ; 7.386 ;
; SW[2]      ; HEX0[4]     ; 6.514 ; 6.590 ; 7.161 ; 7.267 ;
; SW[2]      ; HEX0[5]     ; 6.763 ; 7.031 ; 7.410 ; 7.678 ;
; SW[2]      ; HEX0[6]     ; 6.682 ; 6.447 ; 7.329 ; 7.094 ;
; SW[2]      ; HEX1[0]     ; 6.052 ; 6.269 ; 6.696 ; 6.922 ;
; SW[2]      ; HEX1[2]     ; 6.092 ; 6.138 ; 6.736 ; 6.782 ;
; SW[2]      ; HEX1[3]     ; 5.963 ; 6.135 ; 6.607 ; 6.788 ;
; SW[2]      ; HEX1[4]     ; 5.778 ; 6.288 ; 6.432 ; 6.941 ;
; SW[2]      ; HEX1[5]     ; 5.760 ; 6.231 ; 6.404 ; 6.875 ;
; SW[2]      ; HEX1[6]     ; 6.454 ; 6.591 ; 7.098 ; 7.235 ;
; SW[2]      ; LEDR[0]     ;       ; 7.743 ; 7.488 ;       ;
; SW[2]      ; LEDR[2]     ; 6.139 ; 6.658 ; 6.818 ; 7.335 ;
; SW[2]      ; LEDR[3]     ; 6.638 ; 7.454 ; 7.285 ; 8.101 ;
; SW[2]      ; LEDR[4]     ; 7.400 ; 8.551 ; 8.054 ; 9.204 ;
; SW[2]      ; LEDR[5]     ; 7.700 ; 7.297 ; 8.344 ; 7.941 ;
; SW[3]      ; HEX0[0]     ; 6.345 ; 6.663 ; 6.898 ; 7.216 ;
; SW[3]      ; HEX0[1]     ; 6.303 ; 6.605 ; 6.856 ; 7.158 ;
; SW[3]      ; HEX0[2]     ; 6.207 ; 6.480 ; 6.760 ; 7.033 ;
; SW[3]      ; HEX0[3]     ; 6.103 ; 6.361 ; 6.679 ; 6.937 ;
; SW[3]      ; HEX0[4]     ; 6.023 ; 6.363 ; 6.576 ; 6.939 ;
; SW[3]      ; HEX0[5]     ; 6.272 ; 6.540 ; 6.825 ; 7.093 ;
; SW[3]      ; HEX0[6]     ; 6.308 ; 6.065 ; 6.884 ; 6.641 ;
; SW[3]      ; HEX1[0]     ; 5.652 ; 5.869 ; 6.170 ; 6.396 ;
; SW[3]      ; HEX1[2]     ; 5.692 ; 5.738 ; 6.210 ; 6.256 ;
; SW[3]      ; HEX1[3]     ; 5.563 ; 5.735 ; 6.081 ; 6.262 ;
; SW[3]      ; HEX1[4]     ; 5.378 ; 5.888 ; 5.906 ; 6.415 ;
; SW[3]      ; HEX1[5]     ; 5.360 ; 5.831 ; 5.878 ; 6.349 ;
; SW[3]      ; HEX1[6]     ; 6.054 ; 6.191 ; 6.572 ; 6.709 ;
; SW[3]      ; LEDR[0]     ; 6.792 ; 7.758 ; 7.370 ; 8.334 ;
; SW[3]      ; LEDR[3]     ; 6.151 ; 6.963 ; 6.703 ; 7.516 ;
; SW[3]      ; LEDR[4]     ; 7.000 ; 8.151 ; 7.528 ; 8.678 ;
; SW[3]      ; LEDR[5]     ; 7.300 ; 6.897 ; 7.818 ; 7.415 ;
; SW[4]      ; HEX0[0]     ; 6.198 ; 6.514 ; 6.881 ; 7.197 ;
; SW[4]      ; HEX0[1]     ; 6.135 ; 6.435 ; 6.818 ; 7.118 ;
; SW[4]      ; HEX0[2]     ; 6.088 ; 6.044 ; 6.771 ; 6.802 ;
; SW[4]      ; HEX0[3]     ; 6.301 ; 6.559 ; 6.984 ; 7.242 ;
; SW[4]      ; HEX0[4]     ; 6.022 ; 6.561 ; 6.780 ; 7.244 ;
; SW[4]      ; HEX0[5]     ; 5.800 ; 6.385 ; 6.558 ; 7.068 ;
; SW[4]      ; HEX0[6]     ; 6.506 ; 6.263 ; 7.189 ; 6.946 ;
; SW[4]      ; HEX1[0]     ; 5.977 ; 6.112 ; 6.642 ; 6.807 ;
; SW[4]      ; HEX1[2]     ; 6.017 ; 6.063 ; 6.682 ; 6.728 ;
; SW[4]      ; HEX1[3]     ; 5.888 ; 5.978 ; 6.553 ; 6.673 ;
; SW[4]      ; HEX1[4]     ; 5.636 ; 6.131 ; 6.328 ; 6.826 ;
; SW[4]      ; HEX1[5]     ; 5.685 ; 6.156 ; 6.350 ; 6.821 ;
; SW[4]      ; HEX1[6]     ; 6.379 ; 6.516 ; 7.044 ; 7.181 ;
; SW[4]      ; LEDR[0]     ; 6.958 ; 7.956 ; 7.716 ; 8.639 ;
; SW[4]      ; LEDR[4]     ; 7.258 ; 8.394 ; 7.950 ; 9.089 ;
; SW[4]      ; LEDR[5]     ; 7.625 ; 7.222 ; 8.290 ; 7.887 ;
; SW[5]      ; HEX0[0]     ; 6.820 ; 7.138 ; 7.458 ; 7.776 ;
; SW[5]      ; HEX0[1]     ; 6.778 ; 7.080 ; 7.416 ; 7.718 ;
; SW[5]      ; HEX0[2]     ; 6.682 ; 6.955 ; 7.320 ; 7.593 ;
; SW[5]      ; HEX0[3]     ; 6.473 ; 6.723 ; 7.111 ; 7.361 ;
; SW[5]      ; HEX0[4]     ; 6.498 ; 6.648 ; 7.136 ; 7.293 ;
; SW[5]      ; HEX0[5]     ; 6.747 ; 7.015 ; 7.385 ; 7.653 ;
; SW[5]      ; HEX0[6]     ; 6.666 ; 6.431 ; 7.304 ; 7.069 ;
; SW[5]      ; HEX1[0]     ; 6.036 ; 6.253 ; 6.671 ; 6.897 ;
; SW[5]      ; HEX1[2]     ; 6.076 ; 6.122 ; 6.711 ; 6.757 ;
; SW[5]      ; HEX1[3]     ; 5.947 ; 6.119 ; 6.582 ; 6.763 ;
; SW[5]      ; HEX1[4]     ; 5.762 ; 6.272 ; 6.407 ; 6.916 ;
; SW[5]      ; HEX1[5]     ; 5.744 ; 6.215 ; 6.379 ; 6.850 ;
; SW[5]      ; HEX1[6]     ; 6.438 ; 6.575 ; 7.073 ; 7.210 ;
; SW[5]      ; LEDR[0]     ; 6.900 ; 7.890 ; 7.576 ; 8.563 ;
; SW[5]      ; LEDR[1]     ; 6.668 ; 7.498 ; 7.309 ; 8.139 ;
; SW[5]      ; LEDR[2]     ; 6.186 ; 6.716 ; 6.829 ; 7.361 ;
; SW[5]      ; LEDR[3]     ; 6.622 ; 7.438 ; 7.260 ; 8.076 ;
; SW[5]      ; LEDR[4]     ; 7.384 ; 8.535 ; 8.029 ; 9.179 ;
; SW[5]      ; LEDR[5]     ; 7.684 ; 7.281 ; 8.319 ; 7.916 ;
; SW[6]      ; HEX0[0]     ; 6.731 ; 7.049 ; 7.395 ; 7.713 ;
; SW[6]      ; HEX0[1]     ; 6.689 ; 6.991 ; 7.353 ; 7.655 ;
; SW[6]      ; HEX0[2]     ; 6.593 ; 6.866 ; 7.257 ; 7.530 ;
; SW[6]      ; HEX0[3]     ; 6.384 ; 6.634 ; 7.048 ; 7.298 ;
; SW[6]      ; HEX0[4]     ; 6.409 ; 6.559 ; 7.073 ; 7.230 ;
; SW[6]      ; HEX0[5]     ; 6.658 ; 6.926 ; 7.322 ; 7.590 ;
; SW[6]      ; HEX0[6]     ; 6.577 ; 6.342 ; 7.241 ; 7.006 ;
; SW[6]      ; HEX1[0]     ; 5.947 ; 6.164 ; 6.608 ; 6.834 ;
; SW[6]      ; HEX1[2]     ; 5.987 ; 6.033 ; 6.648 ; 6.694 ;
; SW[6]      ; HEX1[3]     ; 5.858 ; 6.030 ; 6.519 ; 6.700 ;
; SW[6]      ; HEX1[4]     ; 5.673 ; 6.183 ; 6.344 ; 6.853 ;
; SW[6]      ; HEX1[5]     ; 5.655 ; 6.126 ; 6.316 ; 6.787 ;
; SW[6]      ; HEX1[6]     ; 6.349 ; 6.486 ; 7.010 ; 7.147 ;
; SW[6]      ; LEDR[0]     ; 6.788 ;       ;       ; 8.415 ;
; SW[6]      ; LEDR[1]     ; 6.393 ; 7.271 ; 7.068 ; 7.944 ;
; SW[6]      ; LEDR[2]     ; 6.097 ; 6.627 ; 6.766 ; 7.298 ;
; SW[6]      ; LEDR[3]     ; 6.533 ; 7.349 ; 7.197 ; 8.013 ;
; SW[6]      ; LEDR[4]     ; 7.295 ; 8.446 ; 7.966 ; 9.116 ;
; SW[6]      ; LEDR[5]     ; 7.595 ; 7.192 ; 8.256 ; 7.853 ;
; SW[7]      ; HEX0[0]     ; 6.425 ; 6.743 ; 7.000 ; 7.318 ;
; SW[7]      ; HEX0[1]     ; 6.383 ; 6.685 ; 6.958 ; 7.260 ;
; SW[7]      ; HEX0[2]     ; 6.287 ; 6.560 ; 6.862 ; 7.135 ;
; SW[7]      ; HEX0[3]     ; 6.078 ; 6.328 ; 6.653 ; 6.903 ;
; SW[7]      ; HEX0[4]     ; 6.103 ; 6.159 ; 6.678 ; 6.783 ;
; SW[7]      ; HEX0[5]     ; 6.352 ; 6.620 ; 6.927 ; 7.195 ;
; SW[7]      ; HEX0[6]     ; 6.271 ; 6.036 ; 6.846 ; 6.611 ;
; SW[7]      ; HEX1[0]     ; 5.641 ; 5.858 ; 6.213 ; 6.439 ;
; SW[7]      ; HEX1[2]     ; 5.681 ; 5.727 ; 6.253 ; 6.299 ;
; SW[7]      ; HEX1[3]     ; 5.552 ; 5.724 ; 6.124 ; 6.305 ;
; SW[7]      ; HEX1[4]     ; 5.367 ; 5.877 ; 5.949 ; 6.458 ;
; SW[7]      ; HEX1[5]     ; 5.349 ; 5.820 ; 5.921 ; 6.392 ;
; SW[7]      ; HEX1[6]     ; 6.043 ; 6.180 ; 6.615 ; 6.752 ;
; SW[7]      ; LEDR[0]     ; 6.421 ;       ;       ; 7.924 ;
; SW[7]      ; LEDR[2]     ; 5.730 ; 6.227 ; 6.321 ; 6.851 ;
; SW[7]      ; LEDR[3]     ; 6.227 ; 7.043 ; 6.802 ; 7.618 ;
; SW[7]      ; LEDR[4]     ; 6.989 ; 8.140 ; 7.571 ; 8.721 ;
; SW[7]      ; LEDR[5]     ; 7.289 ; 6.886 ; 7.861 ; 7.458 ;
; SW[8]      ; HEX0[0]     ; 6.849 ; 7.167 ; 7.619 ; 7.937 ;
; SW[8]      ; HEX0[1]     ; 6.807 ; 7.109 ; 7.577 ; 7.879 ;
; SW[8]      ; HEX0[2]     ; 6.711 ; 6.984 ; 7.481 ; 7.754 ;
; SW[8]      ; HEX0[3]     ; 6.502 ; 6.752 ; 7.272 ; 7.522 ;
; SW[8]      ; HEX0[4]     ; 6.527 ; 6.573 ; 7.297 ; 7.357 ;
; SW[8]      ; HEX0[5]     ; 6.776 ; 7.044 ; 7.546 ; 7.814 ;
; SW[8]      ; HEX0[6]     ; 6.695 ; 6.460 ; 7.465 ; 7.230 ;
; SW[8]      ; HEX1[0]     ; 6.136 ; 6.353 ; 6.877 ; 7.103 ;
; SW[8]      ; HEX1[2]     ; 6.176 ; 6.222 ; 6.917 ; 6.963 ;
; SW[8]      ; HEX1[3]     ; 6.047 ; 6.219 ; 6.788 ; 6.969 ;
; SW[8]      ; HEX1[4]     ; 5.862 ; 6.372 ; 6.613 ; 7.122 ;
; SW[8]      ; HEX1[5]     ; 5.844 ; 6.315 ; 6.585 ; 7.056 ;
; SW[8]      ; HEX1[6]     ; 6.538 ; 6.675 ; 7.279 ; 7.416 ;
; SW[8]      ; LEDR[0]     ; 7.044 ; 7.968 ; 7.792 ; 8.752 ;
; SW[8]      ; LEDR[3]     ; 6.661 ; 7.467 ; 7.431 ; 8.237 ;
; SW[8]      ; LEDR[4]     ; 7.484 ; 8.635 ; 8.235 ; 9.385 ;
; SW[8]      ; LEDR[5]     ; 7.784 ; 7.381 ; 8.525 ; 8.122 ;
; SW[9]      ; HEX0[0]     ; 6.450 ; 6.766 ; 7.286 ; 7.602 ;
; SW[9]      ; HEX0[1]     ; 6.387 ; 6.687 ; 7.223 ; 7.523 ;
; SW[9]      ; HEX0[2]     ; 6.340 ; 6.356 ; 7.176 ; 7.124 ;
; SW[9]      ; HEX0[3]     ; 6.553 ; 6.811 ; 7.389 ; 7.647 ;
; SW[9]      ; HEX0[4]     ; 6.334 ; 6.813 ; 7.102 ; 7.649 ;
; SW[9]      ; HEX0[5]     ; 6.112 ; 6.637 ; 6.880 ; 7.473 ;
; SW[9]      ; HEX0[6]     ; 6.758 ; 6.515 ; 7.594 ; 7.351 ;
; SW[9]      ; HEX1[0]     ; 6.051 ; 6.147 ; 6.802 ; 6.923 ;
; SW[9]      ; HEX1[2]     ; 6.091 ; 6.137 ; 6.842 ; 6.888 ;
; SW[9]      ; HEX1[3]     ; 5.962 ; 6.013 ; 6.713 ; 6.789 ;
; SW[9]      ; HEX1[4]     ; 5.619 ; 6.166 ; 6.379 ; 6.942 ;
; SW[9]      ; HEX1[5]     ; 5.759 ; 6.230 ; 6.510 ; 6.981 ;
; SW[9]      ; HEX1[6]     ; 6.453 ; 6.590 ; 7.204 ; 7.341 ;
; SW[9]      ; LEDR[0]     ; 7.270 ; 8.208 ; 8.038 ; 9.044 ;
; SW[9]      ; LEDR[4]     ; 7.241 ; 8.429 ; 8.001 ; 9.205 ;
; SW[9]      ; LEDR[5]     ; 7.699 ; 7.296 ; 8.450 ; 8.047 ;
+------------+-------------+-------+-------+-------+-------+


+----------------------------------------------------------+
; Minimum Propagation Delay                                ;
+------------+-------------+-------+-------+-------+-------+
; Input Port ; Output Port ; RR    ; RF    ; FR    ; FF    ;
+------------+-------------+-------+-------+-------+-------+
; KEY[0]     ; HEX0[0]     ; 4.820 ; 5.075 ; 5.526 ; 5.759 ;
; KEY[0]     ; HEX0[1]     ; 4.785 ; 5.035 ; 5.491 ; 5.719 ;
; KEY[0]     ; HEX0[2]     ; 4.916 ; 4.933 ; 5.397 ; 5.944 ;
; KEY[0]     ; HEX0[3]     ; 4.880 ; 5.136 ; 5.516 ; 5.772 ;
; KEY[0]     ; HEX0[4]     ; 4.979 ; 5.147 ; 5.768 ; 5.783 ;
; KEY[0]     ; HEX0[5]     ; 4.763 ; 5.219 ; 5.613 ; 5.672 ;
; KEY[0]     ; HEX0[6]     ; 5.101 ; 4.851 ; 5.737 ; 5.487 ;
; KEY[0]     ; HEX1[0]     ; 4.433 ; 4.701 ; 5.143 ; 5.379 ;
; KEY[0]     ; HEX1[2]     ; 4.677 ; 5.062 ; 6.118 ; 5.140 ;
; KEY[0]     ; HEX1[3]     ; 4.356 ; 4.588 ; 5.066 ; 5.266 ;
; KEY[0]     ; HEX1[4]     ; 4.492 ; 5.548 ; 5.711 ; 5.416 ;
; KEY[0]     ; HEX1[5]     ; 4.313 ; 5.335 ; 5.578 ; 5.198 ;
; KEY[0]     ; HEX1[6]     ;       ; 5.184 ; 5.474 ;       ;
; KEY[0]     ; LEDR[0]     ; 5.846 ; 7.019 ; 6.843 ; 7.089 ;
; KEY[0]     ; LEDR[1]     ; 5.489 ; 6.083 ; 6.125 ; 6.714 ;
; KEY[0]     ; LEDR[2]     ; 5.236 ; 5.666 ; 5.868 ; 6.296 ;
; KEY[0]     ; LEDR[3]     ; 5.431 ; 6.005 ; 6.063 ; 6.635 ;
; KEY[0]     ; LEDR[4]     ; 5.977 ; 7.579 ; 7.196 ; 7.447 ;
; KEY[0]     ; LEDR[5]     ; 6.128 ;       ;       ; 6.232 ;
; KEY[0]     ; LEDR[6]     ;       ; 3.438 ; 4.027 ;       ;
; KEY[1]     ; HEX0[0]     ; 4.908 ; 5.141 ; 5.552 ; 5.807 ;
; KEY[1]     ; HEX0[1]     ; 4.873 ; 5.101 ; 5.517 ; 5.767 ;
; KEY[1]     ; HEX0[2]     ; 4.779 ; 5.146 ; 5.455 ; 5.665 ;
; KEY[1]     ; HEX0[3]     ; 4.837 ; 5.046 ; 5.406 ; 5.615 ;
; KEY[1]     ; HEX0[4]     ; 4.967 ; 5.048 ; 5.536 ; 5.617 ;
; KEY[1]     ; HEX0[5]     ; 4.946 ; 5.054 ; 5.495 ; 5.758 ;
; KEY[1]     ; HEX0[6]     ; 5.011 ; 4.808 ; 5.580 ; 5.377 ;
; KEY[1]     ; HEX1[0]     ; 4.633 ; 4.869 ; 5.272 ; 5.540 ;
; KEY[1]     ; HEX1[2]     ; 5.323 ; 4.630 ; 5.516 ; 5.468 ;
; KEY[1]     ; HEX1[3]     ; 4.556 ; 4.756 ; 5.195 ; 5.427 ;
; KEY[1]     ; HEX1[4]     ; 4.912 ; 4.906 ; 5.331 ; 5.951 ;
; KEY[1]     ; HEX1[5]     ; 4.779 ; 4.688 ; 5.152 ; 5.738 ;
; KEY[1]     ; HEX1[6]     ; 4.964 ;       ;       ; 6.023 ;
; KEY[1]     ; LEDR[0]     ; 6.045 ; 6.471 ; 6.578 ; 7.422 ;
; KEY[1]     ; LEDR[1]     ; 5.458 ; 6.063 ; 6.028 ; 6.630 ;
; KEY[1]     ; LEDR[2]     ; 5.066 ; 5.496 ; 5.635 ; 6.062 ;
; KEY[1]     ; LEDR[3]     ; 5.261 ; 5.835 ; 5.830 ; 6.401 ;
; KEY[1]     ; LEDR[4]     ; 6.397 ; 6.937 ; 6.816 ; 7.982 ;
; KEY[1]     ; LEDR[5]     ;       ; 5.722 ; 6.967 ;       ;
; KEY[1]     ; LEDR[7]     ;       ; 3.422 ; 3.982 ;       ;
; KEY[2]     ; HEX0[0]     ; 4.606 ; 4.861 ; 5.189 ; 5.422 ;
; KEY[2]     ; HEX0[1]     ; 4.571 ; 4.821 ; 5.154 ; 5.382 ;
; KEY[2]     ; HEX0[2]     ; 4.895 ; 4.719 ; 5.060 ; 5.737 ;
; KEY[2]     ; HEX0[3]     ; 4.726 ; 4.944 ; 5.298 ; 5.512 ;
; KEY[2]     ; HEX0[4]     ; 4.765 ; 5.097 ; 5.539 ; 5.523 ;
; KEY[2]     ; HEX0[5]     ; 4.549 ; 5.182 ; 5.561 ; 5.335 ;
; KEY[2]     ; HEX0[6]     ; 4.913 ; 4.701 ; 5.481 ; 5.273 ;
; KEY[2]     ; HEX1[0]     ; 4.304 ; 4.572 ; 4.884 ; 5.120 ;
; KEY[2]     ; HEX1[2]     ; 4.548 ; 4.956 ; 5.979 ; 4.881 ;
; KEY[2]     ; HEX1[3]     ; 4.227 ; 4.459 ; 4.807 ; 5.007 ;
; KEY[2]     ; HEX1[4]     ; 4.363 ; 5.461 ; 5.594 ; 5.157 ;
; KEY[2]     ; HEX1[5]     ; 4.184 ; 5.248 ; 5.461 ; 4.939 ;
; KEY[2]     ; HEX1[6]     ;       ; 5.055 ; 5.215 ;       ;
; KEY[2]     ; LEDR[0]     ; 5.632 ; 6.932 ; 6.727 ; 6.752 ;
; KEY[2]     ; LEDR[1]     ; 5.514 ; 6.139 ; 6.136 ; 6.715 ;
; KEY[2]     ; LEDR[2]     ; 5.035 ; 5.454 ; 5.638 ; 6.052 ;
; KEY[2]     ; LEDR[3]     ; 5.310 ; 5.904 ; 5.930 ; 6.478 ;
; KEY[2]     ; LEDR[4]     ; 5.848 ; 7.492 ; 7.079 ; 7.188 ;
; KEY[2]     ; LEDR[5]     ; 5.999 ;       ;       ; 5.973 ;
; KEY[2]     ; LEDR[8]     ;       ; 3.615 ; 4.273 ;       ;
; KEY[3]     ; HEX0[0]     ; 4.642 ; 4.897 ; 5.315 ; 5.548 ;
; KEY[3]     ; HEX0[1]     ; 4.607 ; 4.857 ; 5.280 ; 5.508 ;
; KEY[3]     ; HEX0[2]     ; 4.925 ; 4.755 ; 5.186 ; 5.789 ;
; KEY[3]     ; HEX0[3]     ; 4.762 ; 4.980 ; 5.424 ; 5.638 ;
; KEY[3]     ; HEX0[4]     ; 4.801 ; 5.083 ; 5.598 ; 5.649 ;
; KEY[3]     ; HEX0[5]     ; 4.585 ; 5.228 ; 5.578 ; 5.461 ;
; KEY[3]     ; HEX0[6]     ; 4.949 ; 4.737 ; 5.607 ; 5.399 ;
; KEY[3]     ; HEX1[0]     ; 4.359 ; 4.627 ; 5.051 ; 5.287 ;
; KEY[3]     ; HEX1[2]     ; 4.603 ; 4.937 ; 5.962 ; 5.048 ;
; KEY[3]     ; HEX1[3]     ; 4.282 ; 4.514 ; 4.974 ; 5.174 ;
; KEY[3]     ; HEX1[4]     ; 4.418 ; 5.421 ; 5.556 ; 5.324 ;
; KEY[3]     ; HEX1[5]     ; 4.239 ; 5.208 ; 5.423 ; 5.106 ;
; KEY[3]     ; HEX1[6]     ;       ; 5.110 ; 5.382 ;       ;
; KEY[3]     ; LEDR[0]     ; 5.668 ; 6.892 ; 6.688 ; 6.878 ;
; KEY[3]     ; LEDR[1]     ; 5.498 ; 6.125 ; 6.090 ; 6.697 ;
; KEY[3]     ; LEDR[2]     ; 5.106 ; 5.558 ; 5.697 ; 6.129 ;
; KEY[3]     ; LEDR[3]     ; 5.296 ; 5.892 ; 5.886 ; 6.462 ;
; KEY[3]     ; LEDR[4]     ; 5.903 ; 7.452 ; 7.041 ; 7.355 ;
; KEY[3]     ; LEDR[5]     ; 6.054 ;       ;       ; 6.140 ;
; KEY[3]     ; LEDR[9]     ;       ; 3.526 ; 4.167 ;       ;
; SW[0]      ; HEX0[0]     ; 5.009 ; 5.247 ; 5.672 ; 5.910 ;
; SW[0]      ; HEX0[1]     ; 4.972 ; 5.205 ; 5.635 ; 5.868 ;
; SW[0]      ; HEX0[2]     ; 5.169 ; 5.120 ; 5.796 ; 5.783 ;
; SW[0]      ; HEX0[3]     ; 5.113 ; 5.331 ; 5.776 ; 5.994 ;
; SW[0]      ; HEX0[4]     ; 5.152 ; 5.520 ; 5.815 ; 6.072 ;
; SW[0]      ; HEX0[5]     ; 4.951 ; 5.430 ; 5.614 ; 6.071 ;
; SW[0]      ; HEX0[6]     ; 5.300 ; 5.088 ; 5.963 ; 5.751 ;
; SW[0]      ; HEX1[0]     ; 5.024 ; 5.246 ; 5.584 ; 5.792 ;
; SW[0]      ; HEX1[2]     ; 5.260 ; 4.876 ; 5.821 ; 5.436 ;
; SW[0]      ; HEX1[3]     ; 4.947 ; 5.133 ; 5.507 ; 5.679 ;
; SW[0]      ; HEX1[4]     ; 5.027 ; 5.460 ; 5.587 ; 6.021 ;
; SW[0]      ; HEX1[5]     ; 4.761 ; 5.116 ; 5.321 ; 5.677 ;
; SW[0]      ; HEX1[6]     ; 5.624 ; 5.734 ; 6.170 ; 6.280 ;
; SW[0]      ; LEDR[0]     ; 6.019 ; 6.837 ; 6.682 ; 7.488 ;
; SW[0]      ; LEDR[1]     ; 5.862 ; 6.461 ; 6.414 ; 7.013 ;
; SW[0]      ; LEDR[2]     ; 5.466 ; 5.892 ; 6.021 ; 6.444 ;
; SW[0]      ; LEDR[3]     ; 5.804 ; 6.404 ; 6.353 ; 6.953 ;
; SW[0]      ; LEDR[4]     ; 6.512 ; 7.491 ; 7.072 ; 8.052 ;
; SW[0]      ; LEDR[5]     ; 6.678 ; 6.382 ; 7.224 ; 6.928 ;
; SW[1]      ; HEX0[0]     ; 4.776 ; 5.049 ; 5.345 ; 5.618 ;
; SW[1]      ; HEX0[1]     ; 4.742 ; 5.010 ; 5.311 ; 5.579 ;
; SW[1]      ; HEX0[2]     ; 4.659 ; 5.127 ; 5.228 ; 5.662 ;
; SW[1]      ; HEX0[3]     ; 4.623 ; 4.879 ; 5.192 ; 5.448 ;
; SW[1]      ; HEX0[4]     ; 4.930 ; 4.890 ; 5.465 ; 5.459 ;
; SW[1]      ; HEX0[5]     ; 4.720 ; 4.962 ; 5.289 ; 5.531 ;
; SW[1]      ; HEX0[6]     ; 4.844 ; 4.594 ; 5.413 ; 5.163 ;
; SW[1]      ; HEX1[0]     ; 4.919 ; 5.141 ; 5.466 ; 5.674 ;
; SW[1]      ; HEX1[2]     ; 5.155 ; 4.771 ; 5.703 ; 5.318 ;
; SW[1]      ; HEX1[3]     ; 4.842 ; 5.028 ; 5.389 ; 5.561 ;
; SW[1]      ; HEX1[4]     ; 4.922 ; 5.355 ; 5.469 ; 5.903 ;
; SW[1]      ; HEX1[5]     ; 4.656 ; 5.011 ; 5.203 ; 5.559 ;
; SW[1]      ; HEX1[6]     ; 5.519 ; 5.629 ; 6.052 ; 6.162 ;
; SW[1]      ; LEDR[0]     ;       ; 6.823 ; 6.594 ;       ;
; SW[1]      ; LEDR[1]     ; 5.232 ; 5.876 ; 5.801 ; 6.411 ;
; SW[1]      ; LEDR[2]     ; 5.361 ; 5.787 ; 5.903 ; 6.326 ;
; SW[1]      ; LEDR[3]     ; 5.699 ; 6.299 ; 6.235 ; 6.835 ;
; SW[1]      ; LEDR[4]     ; 6.407 ; 7.386 ; 6.954 ; 7.934 ;
; SW[1]      ; LEDR[5]     ; 6.573 ; 6.277 ; 7.106 ; 6.810 ;
; SW[2]      ; HEX0[0]     ; 5.115 ; 5.370 ; 5.741 ; 5.996 ;
; SW[2]      ; HEX0[1]     ; 5.079 ; 5.571 ; 5.705 ; 6.003 ;
; SW[2]      ; HEX0[2]     ; 4.995 ; 5.234 ; 5.621 ; 5.860 ;
; SW[2]      ; HEX0[3]     ; 4.980 ; 5.179 ; 5.606 ; 5.805 ;
; SW[2]      ; HEX0[4]     ; 5.036 ; 5.225 ; 5.662 ; 5.851 ;
; SW[2]      ; HEX0[5]     ; 5.058 ; 5.282 ; 5.684 ; 5.908 ;
; SW[2]      ; HEX0[6]     ; 5.184 ; 4.972 ; 5.810 ; 5.598 ;
; SW[2]      ; HEX1[0]     ; 5.158 ; 5.380 ; 5.766 ; 5.974 ;
; SW[2]      ; HEX1[2]     ; 5.394 ; 5.010 ; 6.003 ; 5.618 ;
; SW[2]      ; HEX1[3]     ; 5.081 ; 5.267 ; 5.689 ; 5.861 ;
; SW[2]      ; HEX1[4]     ; 5.161 ; 5.594 ; 5.769 ; 6.203 ;
; SW[2]      ; HEX1[5]     ; 4.895 ; 5.250 ; 5.503 ; 5.859 ;
; SW[2]      ; HEX1[6]     ; 5.758 ; 5.868 ; 6.352 ; 6.462 ;
; SW[2]      ; LEDR[0]     ;       ; 6.972 ; 6.803 ;       ;
; SW[2]      ; LEDR[2]     ; 5.135 ; 5.604 ; 5.761 ; 6.196 ;
; SW[2]      ; LEDR[3]     ; 5.938 ; 6.538 ; 6.535 ; 7.135 ;
; SW[2]      ; LEDR[4]     ; 6.646 ; 7.625 ; 7.254 ; 8.234 ;
; SW[2]      ; LEDR[5]     ; 6.812 ; 6.516 ; 7.406 ; 7.110 ;
; SW[3]      ; HEX0[0]     ; 4.896 ; 5.145 ; 5.444 ; 5.693 ;
; SW[3]      ; HEX0[1]     ; 4.861 ; 5.105 ; 5.409 ; 5.653 ;
; SW[3]      ; HEX0[2]     ; 4.782 ; 5.015 ; 5.330 ; 5.563 ;
; SW[3]      ; HEX0[3]     ; 4.600 ; 4.809 ; 5.148 ; 5.357 ;
; SW[3]      ; HEX0[4]     ; 4.886 ; 4.811 ; 5.400 ; 5.359 ;
; SW[3]      ; HEX0[5]     ; 4.839 ; 5.057 ; 5.387 ; 5.605 ;
; SW[3]      ; HEX0[6]     ; 4.774 ; 4.571 ; 5.322 ; 5.119 ;
; SW[3]      ; HEX1[0]     ; 4.853 ; 5.075 ; 5.382 ; 5.590 ;
; SW[3]      ; HEX1[2]     ; 5.089 ; 4.705 ; 5.619 ; 5.234 ;
; SW[3]      ; HEX1[3]     ; 4.776 ; 4.962 ; 5.305 ; 5.477 ;
; SW[3]      ; HEX1[4]     ; 4.856 ; 5.289 ; 5.385 ; 5.819 ;
; SW[3]      ; HEX1[5]     ; 4.590 ; 4.945 ; 5.119 ; 5.475 ;
; SW[3]      ; HEX1[6]     ; 5.453 ; 5.563 ; 5.968 ; 6.078 ;
; SW[3]      ; LEDR[0]     ; 6.170 ; 6.932 ; 6.692 ; 7.491 ;
; SW[3]      ; LEDR[3]     ; 5.024 ; 5.637 ; 5.572 ; 6.151 ;
; SW[3]      ; LEDR[4]     ; 6.341 ; 7.320 ; 6.870 ; 7.850 ;
; SW[3]      ; LEDR[5]     ; 6.507 ; 6.211 ; 7.022 ; 6.726 ;
; SW[4]      ; HEX0[0]     ; 5.306 ; 5.556 ; 5.942 ; 6.192 ;
; SW[4]      ; HEX0[1]     ; 5.254 ; 5.499 ; 5.890 ; 6.135 ;
; SW[4]      ; HEX0[2]     ; 5.477 ; 5.446 ; 6.079 ; 6.082 ;
; SW[4]      ; HEX0[3]     ; 5.393 ; 5.611 ; 6.029 ; 6.247 ;
; SW[4]      ; HEX0[4]     ; 5.432 ; 5.889 ; 6.068 ; 6.491 ;
; SW[4]      ; HEX0[5]     ; 5.243 ; 5.724 ; 5.879 ; 6.326 ;
; SW[4]      ; HEX0[6]     ; 5.580 ; 5.368 ; 6.216 ; 6.004 ;
; SW[4]      ; HEX1[0]     ; 4.867 ; 5.297 ; 5.458 ; 5.903 ;
; SW[4]      ; HEX1[2]     ; 5.177 ; 4.798 ; 5.782 ; 5.405 ;
; SW[4]      ; HEX1[3]     ; 4.790 ; 5.184 ; 5.381 ; 5.790 ;
; SW[4]      ; HEX1[4]     ; 4.870 ; 5.363 ; 5.461 ; 5.933 ;
; SW[4]      ; HEX1[5]     ; 4.683 ; 5.033 ; 5.290 ; 5.638 ;
; SW[4]      ; HEX1[6]     ; 5.675 ; 5.785 ; 6.281 ; 6.391 ;
; SW[4]      ; LEDR[0]     ; 6.299 ; 7.118 ; 6.935 ; 7.720 ;
; SW[4]      ; LEDR[4]     ; 6.355 ; 7.394 ; 6.946 ; 7.964 ;
; SW[4]      ; LEDR[5]     ; 6.729 ; 6.433 ; 7.335 ; 7.039 ;
; SW[5]      ; HEX0[0]     ; 4.901 ; 5.139 ; 5.669 ; 5.924 ;
; SW[5]      ; HEX0[1]     ; 4.864 ; 5.097 ; 5.634 ; 5.884 ;
; SW[5]      ; HEX0[2]     ; 5.156 ; 5.012 ; 5.636 ; 5.782 ;
; SW[5]      ; HEX0[3]     ; 5.005 ; 5.223 ; 5.789 ; 6.007 ;
; SW[5]      ; HEX0[4]     ; 5.044 ; 5.530 ; 5.828 ; 6.075 ;
; SW[5]      ; HEX0[5]     ; 4.843 ; 5.431 ; 5.612 ; 5.897 ;
; SW[5]      ; HEX0[6]     ; 5.192 ; 4.980 ; 5.976 ; 5.764 ;
; SW[5]      ; HEX1[0]     ; 5.034 ; 5.256 ; 5.631 ; 5.839 ;
; SW[5]      ; HEX1[2]     ; 5.270 ; 4.886 ; 5.868 ; 5.483 ;
; SW[5]      ; HEX1[3]     ; 4.957 ; 5.143 ; 5.554 ; 5.726 ;
; SW[5]      ; HEX1[4]     ; 5.037 ; 5.470 ; 5.634 ; 6.068 ;
; SW[5]      ; HEX1[5]     ; 4.771 ; 5.126 ; 5.368 ; 5.724 ;
; SW[5]      ; HEX1[6]     ; 5.634 ; 5.744 ; 6.217 ; 6.327 ;
; SW[5]      ; LEDR[0]     ; 5.911 ; 6.848 ; 6.695 ; 7.304 ;
; SW[5]      ; LEDR[1]     ; 5.872 ; 6.471 ; 6.461 ; 7.060 ;
; SW[5]      ; LEDR[2]     ; 5.476 ; 5.902 ; 6.068 ; 6.491 ;
; SW[5]      ; LEDR[3]     ; 5.814 ; 6.414 ; 6.400 ; 7.000 ;
; SW[5]      ; LEDR[4]     ; 6.522 ; 7.501 ; 7.119 ; 8.099 ;
; SW[5]      ; LEDR[5]     ; 6.688 ; 6.392 ; 7.271 ; 6.975 ;
; SW[6]      ; HEX0[0]     ; 5.020 ; 5.293 ; 5.813 ; 6.062 ;
; SW[6]      ; HEX0[1]     ; 4.986 ; 5.254 ; 5.779 ; 6.024 ;
; SW[6]      ; HEX0[2]     ; 4.903 ; 5.304 ; 5.696 ; 5.924 ;
; SW[6]      ; HEX0[3]     ; 4.867 ; 5.123 ; 5.660 ; 5.916 ;
; SW[6]      ; HEX0[4]     ; 5.290 ; 5.134 ; 5.727 ; 5.927 ;
; SW[6]      ; HEX0[5]     ; 4.964 ; 5.206 ; 5.757 ; 5.975 ;
; SW[6]      ; HEX0[6]     ; 5.088 ; 4.838 ; 5.881 ; 5.631 ;
; SW[6]      ; HEX1[0]     ; 5.063 ; 5.285 ; 5.657 ; 5.865 ;
; SW[6]      ; HEX1[2]     ; 5.299 ; 4.915 ; 5.894 ; 5.509 ;
; SW[6]      ; HEX1[3]     ; 4.986 ; 5.172 ; 5.580 ; 5.752 ;
; SW[6]      ; HEX1[4]     ; 5.066 ; 5.499 ; 5.660 ; 6.094 ;
; SW[6]      ; HEX1[5]     ; 4.800 ; 5.155 ; 5.394 ; 5.750 ;
; SW[6]      ; HEX1[6]     ; 5.663 ; 5.773 ; 6.243 ; 6.353 ;
; SW[6]      ; LEDR[0]     ; 6.157 ;       ;       ; 7.536 ;
; SW[6]      ; LEDR[1]     ; 5.476 ; 6.294 ; 6.269 ; 6.673 ;
; SW[6]      ; LEDR[2]     ; 5.505 ; 5.931 ; 6.094 ; 6.517 ;
; SW[6]      ; LEDR[3]     ; 5.843 ; 6.443 ; 6.426 ; 7.026 ;
; SW[6]      ; LEDR[4]     ; 6.551 ; 7.530 ; 7.145 ; 8.125 ;
; SW[6]      ; LEDR[5]     ; 6.717 ; 6.421 ; 7.297 ; 7.001 ;
; SW[7]      ; HEX0[0]     ; 4.832 ; 5.087 ; 5.567 ; 5.814 ;
; SW[7]      ; HEX0[1]     ; 4.788 ; 5.033 ; 5.514 ; 5.756 ;
; SW[7]      ; HEX0[2]     ; 4.712 ; 4.951 ; 5.463 ; 5.677 ;
; SW[7]      ; HEX0[3]     ; 4.697 ; 4.896 ; 5.427 ; 5.647 ;
; SW[7]      ; HEX0[4]     ; 4.753 ; 4.942 ; 5.495 ; 5.682 ;
; SW[7]      ; HEX0[5]     ; 4.775 ; 4.999 ; 5.532 ; 5.720 ;
; SW[7]      ; HEX0[6]     ; 4.901 ; 4.689 ; 5.640 ; 5.430 ;
; SW[7]      ; HEX1[0]     ; 4.833 ; 5.055 ; 5.363 ; 5.571 ;
; SW[7]      ; HEX1[2]     ; 5.069 ; 4.685 ; 5.600 ; 5.215 ;
; SW[7]      ; HEX1[3]     ; 4.756 ; 4.942 ; 5.286 ; 5.458 ;
; SW[7]      ; HEX1[4]     ; 4.836 ; 5.269 ; 5.366 ; 5.800 ;
; SW[7]      ; HEX1[5]     ; 4.570 ; 4.925 ; 5.100 ; 5.456 ;
; SW[7]      ; HEX1[6]     ; 5.433 ; 5.543 ; 5.949 ; 6.059 ;
; SW[7]      ; LEDR[0]     ; 5.833 ;       ;       ; 7.114 ;
; SW[7]      ; LEDR[2]     ; 4.852 ; 5.557 ; 5.658 ; 5.811 ;
; SW[7]      ; LEDR[3]     ; 5.613 ; 6.213 ; 6.132 ; 6.732 ;
; SW[7]      ; LEDR[4]     ; 6.321 ; 7.300 ; 6.851 ; 7.831 ;
; SW[7]      ; LEDR[5]     ; 6.487 ; 6.191 ; 7.003 ; 6.707 ;
; SW[8]      ; HEX0[0]     ; 5.148 ; 5.397 ; 6.010 ; 6.256 ;
; SW[8]      ; HEX0[1]     ; 5.113 ; 5.357 ; 5.971 ; 6.216 ;
; SW[8]      ; HEX0[2]     ; 5.034 ; 5.267 ; 5.892 ; 6.122 ;
; SW[8]      ; HEX0[3]     ; 4.852 ; 5.061 ; 5.718 ; 5.924 ;
; SW[8]      ; HEX0[4]     ; 5.483 ; 5.063 ; 5.747 ; 6.266 ;
; SW[8]      ; HEX0[5]     ; 5.091 ; 5.309 ; 5.953 ; 6.168 ;
; SW[8]      ; HEX0[6]     ; 5.026 ; 4.823 ; 5.889 ; 5.689 ;
; SW[8]      ; HEX1[0]     ; 5.213 ; 5.435 ; 5.882 ; 6.090 ;
; SW[8]      ; HEX1[2]     ; 5.449 ; 5.065 ; 6.119 ; 5.734 ;
; SW[8]      ; HEX1[3]     ; 5.136 ; 5.322 ; 5.805 ; 5.977 ;
; SW[8]      ; HEX1[4]     ; 5.216 ; 5.649 ; 5.885 ; 6.319 ;
; SW[8]      ; HEX1[5]     ; 4.950 ; 5.305 ; 5.619 ; 5.975 ;
; SW[8]      ; HEX1[6]     ; 5.813 ; 5.923 ; 6.468 ; 6.578 ;
; SW[8]      ; LEDR[0]     ; 6.350 ; 7.119 ; 7.016 ; 7.783 ;
; SW[8]      ; LEDR[3]     ; 5.276 ; 6.411 ; 6.479 ; 6.498 ;
; SW[8]      ; LEDR[4]     ; 6.701 ; 7.680 ; 7.370 ; 8.350 ;
; SW[8]      ; LEDR[5]     ; 6.867 ; 6.571 ; 7.522 ; 7.226 ;
; SW[9]      ; HEX0[0]     ; 5.546 ; 5.796 ; 6.231 ; 6.481 ;
; SW[9]      ; HEX0[1]     ; 5.494 ; 5.739 ; 6.179 ; 6.424 ;
; SW[9]      ; HEX0[2]     ; 5.659 ; 5.686 ; 6.362 ; 6.371 ;
; SW[9]      ; HEX0[3]     ; 5.633 ; 5.851 ; 6.318 ; 6.536 ;
; SW[9]      ; HEX0[4]     ; 5.672 ; 6.071 ; 6.357 ; 6.774 ;
; SW[9]      ; HEX0[5]     ; 5.483 ; 5.906 ; 6.168 ; 6.609 ;
; SW[9]      ; HEX0[6]     ; 5.820 ; 5.608 ; 6.505 ; 6.293 ;
; SW[9]      ; HEX1[0]     ; 4.975 ; 5.364 ; 5.627 ; 6.008 ;
; SW[9]      ; HEX1[2]     ; 5.229 ; 4.827 ; 5.888 ; 5.479 ;
; SW[9]      ; HEX1[3]     ; 4.898 ; 5.251 ; 5.550 ; 5.895 ;
; SW[9]      ; HEX1[4]     ; 4.978 ; 5.429 ; 5.630 ; 6.088 ;
; SW[9]      ; HEX1[5]     ; 4.712 ; 5.085 ; 5.364 ; 5.744 ;
; SW[9]      ; HEX1[6]     ; 5.742 ; 5.852 ; 6.386 ; 6.496 ;
; SW[9]      ; LEDR[0]     ; 6.539 ; 7.300 ; 7.224 ; 8.003 ;
; SW[9]      ; LEDR[4]     ; 6.463 ; 7.460 ; 7.115 ; 8.119 ;
; SW[9]      ; LEDR[5]     ; 6.796 ; 6.500 ; 7.440 ; 7.144 ;
+------------+-------------+-------+-------+-------+-------+


----------------------------------------------
; Fast 1100mV 85C Model Metastability Report ;
----------------------------------------------
No synchronizer chains to report.


--------------------------------------
; Fast 1100mV 0C Model Setup Summary ;
--------------------------------------
No paths to report.


-------------------------------------
; Fast 1100mV 0C Model Hold Summary ;
-------------------------------------
No paths to report.


-----------------------------------------
; Fast 1100mV 0C Model Recovery Summary ;
-----------------------------------------
No paths to report.


----------------------------------------
; Fast 1100mV 0C Model Removal Summary ;
----------------------------------------
No paths to report.


----------------------------------------------------
; Fast 1100mV 0C Model Minimum Pulse Width Summary ;
----------------------------------------------------
No paths to report.


+----------------------------------------------------------+
; Propagation Delay                                        ;
+------------+-------------+-------+-------+-------+-------+
; Input Port ; Output Port ; RR    ; RF    ; FR    ; FF    ;
+------------+-------------+-------+-------+-------+-------+
; KEY[0]     ; HEX0[0]     ; 5.803 ; 6.052 ; 6.804 ; 7.049 ;
; KEY[0]     ; HEX0[1]     ; 5.753 ; 5.986 ; 6.754 ; 6.983 ;
; KEY[0]     ; HEX0[2]     ; 5.647 ; 5.916 ; 6.705 ; 6.560 ;
; KEY[0]     ; HEX0[3]     ; 5.917 ; 6.109 ; 6.906 ; 7.101 ;
; KEY[0]     ; HEX0[4]     ; 5.934 ; 5.992 ; 6.276 ; 7.096 ;
; KEY[0]     ; HEX0[5]     ; 5.719 ; 5.903 ; 6.396 ; 6.924 ;
; KEY[0]     ; HEX0[6]     ; 6.054 ; 5.876 ; 7.046 ; 6.865 ;
; KEY[0]     ; HEX1[0]     ; 5.285 ; 5.705 ; 5.988 ; 6.405 ;
; KEY[0]     ; HEX1[2]     ; 5.643 ; 5.247 ; 6.343 ; 5.950 ;
; KEY[0]     ; HEX1[3]     ; 5.193 ; 5.576 ; 5.896 ; 6.276 ;
; KEY[0]     ; HEX1[4]     ; 5.288 ; 5.716 ; 5.991 ; 6.416 ;
; KEY[0]     ; HEX1[5]     ; 5.127 ; 5.484 ; 5.830 ; 6.184 ;
; KEY[0]     ; HEX1[6]     ;       ; 5.310 ; 5.669 ;       ;
; KEY[0]     ; LEDR[0]     ; 6.840 ; 7.302 ; 7.177 ; 8.406 ;
; KEY[0]     ; LEDR[1]     ; 5.693 ; 6.363 ; 6.405 ; 7.066 ;
; KEY[0]     ; LEDR[2]     ; 5.348 ; 5.788 ; 6.051 ; 6.489 ;
; KEY[0]     ; LEDR[3]     ; 5.629 ; 6.289 ; 6.332 ; 6.990 ;
; KEY[0]     ; LEDR[4]     ; 6.845 ; 7.829 ; 7.548 ; 8.529 ;
; KEY[0]     ; LEDR[5]     ; 6.332 ;       ;       ; 6.436 ;
; KEY[0]     ; LEDR[6]     ;       ; 3.397 ; 4.014 ;       ;
; KEY[1]     ; HEX0[0]     ; 5.887 ; 6.132 ; 6.252 ; 6.501 ;
; KEY[1]     ; HEX0[1]     ; 5.837 ; 6.066 ; 6.202 ; 6.435 ;
; KEY[1]     ; HEX0[2]     ; 5.788 ; 5.672 ; 6.084 ; 6.365 ;
; KEY[1]     ; HEX0[3]     ; 5.989 ; 6.184 ; 6.366 ; 6.558 ;
; KEY[1]     ; HEX0[4]     ; 5.390 ; 6.179 ; 6.383 ; 6.435 ;
; KEY[1]     ; HEX0[5]     ; 5.508 ; 6.007 ; 6.168 ; 6.340 ;
; KEY[1]     ; HEX0[6]     ; 6.129 ; 5.948 ; 6.503 ; 6.325 ;
; KEY[1]     ; HEX1[0]     ; 5.107 ; 5.524 ; 5.729 ; 6.149 ;
; KEY[1]     ; HEX1[2]     ; 5.462 ; 5.069 ; 6.087 ; 5.691 ;
; KEY[1]     ; HEX1[3]     ; 5.015 ; 5.395 ; 5.637 ; 6.020 ;
; KEY[1]     ; HEX1[4]     ; 5.110 ; 5.535 ; 5.732 ; 6.160 ;
; KEY[1]     ; HEX1[5]     ; 4.949 ; 5.303 ; 5.571 ; 5.928 ;
; KEY[1]     ; HEX1[6]     ; 5.111 ;       ;       ; 6.216 ;
; KEY[1]     ; LEDR[0]     ; 6.296 ; 7.489 ; 7.289 ; 7.745 ;
; KEY[1]     ; LEDR[1]     ; 5.686 ; 6.357 ; 6.307 ; 6.981 ;
; KEY[1]     ; LEDR[2]     ; 5.165 ; 5.602 ; 5.785 ; 6.225 ;
; KEY[1]     ; LEDR[3]     ; 5.445 ; 6.102 ; 6.066 ; 6.726 ;
; KEY[1]     ; LEDR[4]     ; 6.667 ; 7.648 ; 7.289 ; 8.273 ;
; KEY[1]     ; LEDR[5]     ;       ; 5.878 ; 7.238 ;       ;
; KEY[1]     ; LEDR[7]     ;       ; 3.392 ; 3.981 ;       ;
; KEY[2]     ; HEX0[0]     ; 5.800 ; 6.045 ; 6.324 ; 6.573 ;
; KEY[2]     ; HEX0[1]     ; 5.750 ; 5.979 ; 6.293 ; 6.526 ;
; KEY[2]     ; HEX0[2]     ; 5.701 ; 5.754 ; 6.198 ; 6.410 ;
; KEY[2]     ; HEX0[3]     ; 5.902 ; 6.097 ; 6.370 ; 6.565 ;
; KEY[2]     ; HEX0[4]     ; 5.459 ; 6.092 ; 6.329 ; 6.560 ;
; KEY[2]     ; HEX0[5]     ; 5.590 ; 5.920 ; 6.246 ; 6.454 ;
; KEY[2]     ; HEX0[6]     ; 6.042 ; 5.861 ; 6.510 ; 6.329 ;
; KEY[2]     ; HEX1[0]     ; 5.175 ; 5.614 ; 5.811 ; 6.272 ;
; KEY[2]     ; HEX1[2]     ; 5.552 ; 5.137 ; 6.210 ; 5.773 ;
; KEY[2]     ; HEX1[3]     ; 5.083 ; 5.485 ; 5.719 ; 6.143 ;
; KEY[2]     ; HEX1[4]     ; 5.178 ; 5.625 ; 5.814 ; 6.283 ;
; KEY[2]     ; HEX1[5]     ; 5.017 ; 5.393 ; 5.653 ; 6.051 ;
; KEY[2]     ; HEX1[6]     ;       ; 5.144 ; 5.376 ;       ;
; KEY[2]     ; LEDR[0]     ; 6.365 ; 7.402 ; 7.235 ; 7.870 ;
; KEY[2]     ; LEDR[1]     ; 5.753 ; 6.447 ; 6.388 ; 7.104 ;
; KEY[2]     ; LEDR[2]     ; 5.065 ; 5.501 ; 5.712 ; 6.139 ;
; KEY[2]     ; LEDR[3]     ; 5.504 ; 6.184 ; 6.138 ; 6.840 ;
; KEY[2]     ; LEDR[4]     ; 6.735 ; 7.738 ; 7.371 ; 8.396 ;
; KEY[2]     ; LEDR[5]     ; 6.166 ;       ;       ; 6.143 ;
; KEY[2]     ; LEDR[8]     ;       ; 3.610 ; 4.245 ;       ;
; KEY[3]     ; HEX0[0]     ; 5.913 ; 6.158 ; 6.320 ; 6.569 ;
; KEY[3]     ; HEX0[1]     ; 5.863 ; 6.092 ; 6.270 ; 6.503 ;
; KEY[3]     ; HEX0[2]     ; 5.814 ; 5.657 ; 6.067 ; 6.433 ;
; KEY[3]     ; HEX0[3]     ; 6.015 ; 6.210 ; 6.434 ; 6.626 ;
; KEY[3]     ; HEX0[4]     ; 5.397 ; 6.205 ; 6.451 ; 6.502 ;
; KEY[3]     ; HEX0[5]     ; 5.493 ; 6.033 ; 6.236 ; 6.321 ;
; KEY[3]     ; HEX0[6]     ; 6.155 ; 5.974 ; 6.571 ; 6.393 ;
; KEY[3]     ; HEX1[0]     ; 5.113 ; 5.571 ; 5.758 ; 6.213 ;
; KEY[3]     ; HEX1[2]     ; 5.509 ; 5.075 ; 6.151 ; 5.720 ;
; KEY[3]     ; HEX1[3]     ; 5.021 ; 5.442 ; 5.666 ; 6.084 ;
; KEY[3]     ; HEX1[4]     ; 5.116 ; 5.582 ; 5.761 ; 6.224 ;
; KEY[3]     ; HEX1[5]     ; 4.955 ; 5.350 ; 5.600 ; 5.992 ;
; KEY[3]     ; HEX1[6]     ;       ; 5.207 ; 5.522 ;       ;
; KEY[3]     ; LEDR[0]     ; 6.303 ; 7.515 ; 7.357 ; 7.812 ;
; KEY[3]     ; LEDR[1]     ; 5.664 ; 6.347 ; 6.300 ; 6.968 ;
; KEY[3]     ; LEDR[2]     ; 5.143 ; 5.592 ; 5.779 ; 6.213 ;
; KEY[3]     ; LEDR[3]     ; 5.418 ; 6.087 ; 6.053 ; 6.707 ;
; KEY[3]     ; LEDR[4]     ; 6.673 ; 7.695 ; 7.318 ; 8.337 ;
; KEY[3]     ; LEDR[5]     ; 6.229 ;       ;       ; 6.289 ;
; KEY[3]     ; LEDR[9]     ;       ; 3.498 ; 4.124 ;       ;
; SW[0]      ; HEX0[0]     ; 6.359 ; 6.608 ; 6.965 ; 7.214 ;
; SW[0]      ; HEX0[1]     ; 6.328 ; 6.561 ; 6.934 ; 7.167 ;
; SW[0]      ; HEX0[2]     ; 6.233 ; 6.445 ; 6.839 ; 7.051 ;
; SW[0]      ; HEX0[3]     ; 6.032 ; 6.220 ; 6.638 ; 6.826 ;
; SW[0]      ; HEX0[4]     ; 6.039 ; 6.152 ; 6.645 ; 6.773 ;
; SW[0]      ; HEX0[5]     ; 6.281 ; 6.489 ; 6.887 ; 7.095 ;
; SW[0]      ; HEX0[6]     ; 6.161 ; 5.987 ; 6.767 ; 6.593 ;
; SW[0]      ; HEX1[0]     ; 5.621 ; 5.784 ; 6.224 ; 6.395 ;
; SW[0]      ; HEX1[2]     ; 5.635 ; 5.690 ; 6.238 ; 6.293 ;
; SW[0]      ; HEX1[3]     ; 5.529 ; 5.655 ; 6.132 ; 6.266 ;
; SW[0]      ; HEX1[4]     ; 5.390 ; 5.795 ; 6.002 ; 6.406 ;
; SW[0]      ; HEX1[5]     ; 5.366 ; 5.741 ; 5.969 ; 6.344 ;
; SW[0]      ; HEX1[6]     ; 5.995 ; 6.084 ; 6.598 ; 6.687 ;
; SW[0]      ; LEDR[0]     ; 6.608 ; 7.445 ; 7.230 ; 8.083 ;
; SW[0]      ; LEDR[1]     ; 6.249 ; 6.947 ; 6.858 ; 7.556 ;
; SW[0]      ; LEDR[2]     ; 5.733 ; 6.196 ; 6.343 ; 6.808 ;
; SW[0]      ; LEDR[3]     ; 6.151 ; 6.875 ; 6.757 ; 7.481 ;
; SW[0]      ; LEDR[4]     ; 6.947 ; 7.908 ; 7.559 ; 8.519 ;
; SW[0]      ; LEDR[5]     ; 7.106 ; 6.762 ; 7.709 ; 7.365 ;
; SW[1]      ; HEX0[0]     ; 6.220 ; 6.469 ; 6.765 ; 7.014 ;
; SW[1]      ; HEX0[1]     ; 6.189 ; 6.422 ; 6.734 ; 6.967 ;
; SW[1]      ; HEX0[2]     ; 6.094 ; 6.306 ; 6.639 ; 6.851 ;
; SW[1]      ; HEX0[3]     ; 5.893 ; 6.081 ; 6.438 ; 6.626 ;
; SW[1]      ; HEX0[4]     ; 5.900 ; 6.013 ; 6.445 ; 6.564 ;
; SW[1]      ; HEX0[5]     ; 6.142 ; 6.350 ; 6.687 ; 6.895 ;
; SW[1]      ; HEX0[6]     ; 6.022 ; 5.848 ; 6.567 ; 6.393 ;
; SW[1]      ; HEX1[0]     ; 5.482 ; 5.645 ; 6.024 ; 6.195 ;
; SW[1]      ; HEX1[2]     ; 5.496 ; 5.551 ; 6.038 ; 6.093 ;
; SW[1]      ; HEX1[3]     ; 5.390 ; 5.516 ; 5.932 ; 6.066 ;
; SW[1]      ; HEX1[4]     ; 5.251 ; 5.656 ; 5.802 ; 6.206 ;
; SW[1]      ; HEX1[5]     ; 5.227 ; 5.602 ; 5.769 ; 6.144 ;
; SW[1]      ; HEX1[6]     ; 5.856 ; 5.945 ; 6.398 ; 6.487 ;
; SW[1]      ; LEDR[0]     ;       ; 7.104 ; 6.897 ;       ;
; SW[1]      ; LEDR[1]     ; 6.050 ; 6.740 ; 6.627 ; 7.318 ;
; SW[1]      ; LEDR[2]     ; 5.594 ; 6.057 ; 6.143 ; 6.608 ;
; SW[1]      ; LEDR[3]     ; 6.012 ; 6.736 ; 6.557 ; 7.281 ;
; SW[1]      ; LEDR[4]     ; 6.808 ; 7.769 ; 7.359 ; 8.319 ;
; SW[1]      ; LEDR[5]     ; 6.967 ; 6.623 ; 7.509 ; 7.165 ;
; SW[2]      ; HEX0[0]     ; 6.504 ; 6.753 ; 7.127 ; 7.376 ;
; SW[2]      ; HEX0[1]     ; 6.473 ; 6.706 ; 7.096 ; 7.329 ;
; SW[2]      ; HEX0[2]     ; 6.378 ; 6.590 ; 7.001 ; 7.213 ;
; SW[2]      ; HEX0[3]     ; 6.177 ; 6.365 ; 6.800 ; 6.988 ;
; SW[2]      ; HEX0[4]     ; 6.184 ; 6.220 ; 6.807 ; 6.871 ;
; SW[2]      ; HEX0[5]     ; 6.426 ; 6.634 ; 7.049 ; 7.257 ;
; SW[2]      ; HEX0[6]     ; 6.306 ; 6.132 ; 6.929 ; 6.755 ;
; SW[2]      ; HEX1[0]     ; 5.766 ; 5.929 ; 6.386 ; 6.557 ;
; SW[2]      ; HEX1[2]     ; 5.780 ; 5.835 ; 6.400 ; 6.455 ;
; SW[2]      ; HEX1[3]     ; 5.674 ; 5.800 ; 6.294 ; 6.428 ;
; SW[2]      ; HEX1[4]     ; 5.535 ; 5.940 ; 6.164 ; 6.568 ;
; SW[2]      ; HEX1[5]     ; 5.511 ; 5.886 ; 6.131 ; 6.506 ;
; SW[2]      ; HEX1[6]     ; 6.140 ; 6.229 ; 6.760 ; 6.849 ;
; SW[2]      ; LEDR[0]     ;       ; 7.293 ; 7.160 ;       ;
; SW[2]      ; LEDR[2]     ; 5.817 ; 6.264 ; 6.469 ; 6.915 ;
; SW[2]      ; LEDR[3]     ; 6.296 ; 7.020 ; 6.919 ; 7.643 ;
; SW[2]      ; LEDR[4]     ; 7.092 ; 8.053 ; 7.721 ; 8.681 ;
; SW[2]      ; LEDR[5]     ; 7.251 ; 6.907 ; 7.871 ; 7.527 ;
; SW[3]      ; HEX0[0]     ; 5.970 ; 6.219 ; 6.519 ; 6.768 ;
; SW[3]      ; HEX0[1]     ; 5.939 ; 6.172 ; 6.488 ; 6.721 ;
; SW[3]      ; HEX0[2]     ; 5.844 ; 6.056 ; 6.393 ; 6.605 ;
; SW[3]      ; HEX0[3]     ; 5.759 ; 5.954 ; 6.334 ; 6.529 ;
; SW[3]      ; HEX0[4]     ; 5.650 ; 5.949 ; 6.199 ; 6.524 ;
; SW[3]      ; HEX0[5]     ; 5.892 ; 6.100 ; 6.441 ; 6.649 ;
; SW[3]      ; HEX0[6]     ; 5.899 ; 5.718 ; 6.474 ; 6.293 ;
; SW[3]      ; HEX1[0]     ; 5.321 ; 5.484 ; 5.837 ; 6.008 ;
; SW[3]      ; HEX1[2]     ; 5.335 ; 5.390 ; 5.851 ; 5.906 ;
; SW[3]      ; HEX1[3]     ; 5.229 ; 5.355 ; 5.745 ; 5.879 ;
; SW[3]      ; HEX1[4]     ; 5.090 ; 5.495 ; 5.615 ; 6.019 ;
; SW[3]      ; HEX1[5]     ; 5.066 ; 5.441 ; 5.582 ; 5.957 ;
; SW[3]      ; HEX1[6]     ; 5.695 ; 5.784 ; 6.211 ; 6.300 ;
; SW[3]      ; LEDR[0]     ; 6.447 ; 7.259 ; 7.023 ; 7.834 ;
; SW[3]      ; LEDR[3]     ; 5.765 ; 6.486 ; 6.315 ; 7.035 ;
; SW[3]      ; LEDR[4]     ; 6.647 ; 7.608 ; 7.172 ; 8.132 ;
; SW[3]      ; LEDR[5]     ; 6.806 ; 6.462 ; 7.322 ; 6.978 ;
; SW[4]      ; HEX0[0]     ; 5.903 ; 6.148 ; 6.547 ; 6.792 ;
; SW[4]      ; HEX0[1]     ; 5.853 ; 6.082 ; 6.497 ; 6.726 ;
; SW[4]      ; HEX0[2]     ; 5.804 ; 5.734 ; 6.448 ; 6.460 ;
; SW[4]      ; HEX0[3]     ; 6.005 ; 6.200 ; 6.649 ; 6.844 ;
; SW[4]      ; HEX0[4]     ; 5.752 ; 6.195 ; 6.478 ; 6.839 ;
; SW[4]      ; HEX0[5]     ; 5.537 ; 6.023 ; 6.263 ; 6.667 ;
; SW[4]      ; HEX0[6]     ; 6.145 ; 5.964 ; 6.789 ; 6.608 ;
; SW[4]      ; HEX1[0]     ; 5.715 ; 5.793 ; 6.343 ; 6.454 ;
; SW[4]      ; HEX1[2]     ; 5.729 ; 5.784 ; 6.357 ; 6.412 ;
; SW[4]      ; HEX1[3]     ; 5.623 ; 5.664 ; 6.251 ; 6.325 ;
; SW[4]      ; HEX1[4]     ; 5.419 ; 5.804 ; 6.077 ; 6.465 ;
; SW[4]      ; HEX1[5]     ; 5.460 ; 5.835 ; 6.088 ; 6.463 ;
; SW[4]      ; HEX1[6]     ; 6.089 ; 6.178 ; 6.717 ; 6.806 ;
; SW[4]      ; LEDR[0]     ; 6.658 ; 7.505 ; 7.384 ; 8.149 ;
; SW[4]      ; LEDR[4]     ; 6.976 ; 7.917 ; 7.634 ; 8.578 ;
; SW[4]      ; LEDR[5]     ; 7.200 ; 6.856 ; 7.828 ; 7.484 ;
; SW[5]      ; HEX0[0]     ; 6.511 ; 6.760 ; 7.114 ; 7.363 ;
; SW[5]      ; HEX0[1]     ; 6.480 ; 6.713 ; 7.083 ; 7.316 ;
; SW[5]      ; HEX0[2]     ; 6.385 ; 6.597 ; 6.988 ; 7.200 ;
; SW[5]      ; HEX0[3]     ; 6.184 ; 6.372 ; 6.787 ; 6.975 ;
; SW[5]      ; HEX0[4]     ; 6.191 ; 6.304 ; 6.794 ; 6.913 ;
; SW[5]      ; HEX0[5]     ; 6.433 ; 6.641 ; 7.036 ; 7.244 ;
; SW[5]      ; HEX0[6]     ; 6.313 ; 6.139 ; 6.916 ; 6.742 ;
; SW[5]      ; HEX1[0]     ; 5.773 ; 5.936 ; 6.373 ; 6.544 ;
; SW[5]      ; HEX1[2]     ; 5.787 ; 5.842 ; 6.387 ; 6.442 ;
; SW[5]      ; HEX1[3]     ; 5.681 ; 5.807 ; 6.281 ; 6.415 ;
; SW[5]      ; HEX1[4]     ; 5.542 ; 5.947 ; 6.151 ; 6.555 ;
; SW[5]      ; HEX1[5]     ; 5.518 ; 5.893 ; 6.118 ; 6.493 ;
; SW[5]      ; HEX1[6]     ; 6.147 ; 6.236 ; 6.747 ; 6.836 ;
; SW[5]      ; LEDR[0]     ; 6.606 ; 7.443 ; 7.255 ; 8.089 ;
; SW[5]      ; LEDR[1]     ; 6.401 ; 7.099 ; 7.007 ; 7.705 ;
; SW[5]      ; LEDR[2]     ; 5.885 ; 6.348 ; 6.492 ; 6.957 ;
; SW[5]      ; LEDR[3]     ; 6.303 ; 7.027 ; 6.906 ; 7.630 ;
; SW[5]      ; LEDR[4]     ; 7.099 ; 8.060 ; 7.708 ; 8.668 ;
; SW[5]      ; LEDR[5]     ; 7.258 ; 6.914 ; 7.858 ; 7.514 ;
; SW[6]      ; HEX0[0]     ; 6.407 ; 6.656 ; 7.040 ; 7.289 ;
; SW[6]      ; HEX0[1]     ; 6.376 ; 6.609 ; 7.009 ; 7.242 ;
; SW[6]      ; HEX0[2]     ; 6.281 ; 6.493 ; 6.914 ; 7.126 ;
; SW[6]      ; HEX0[3]     ; 6.080 ; 6.268 ; 6.713 ; 6.901 ;
; SW[6]      ; HEX0[4]     ; 6.087 ; 6.200 ; 6.720 ; 6.839 ;
; SW[6]      ; HEX0[5]     ; 6.329 ; 6.537 ; 6.962 ; 7.170 ;
; SW[6]      ; HEX0[6]     ; 6.209 ; 6.035 ; 6.842 ; 6.668 ;
; SW[6]      ; HEX1[0]     ; 5.669 ; 5.832 ; 6.299 ; 6.470 ;
; SW[6]      ; HEX1[2]     ; 5.683 ; 5.738 ; 6.313 ; 6.368 ;
; SW[6]      ; HEX1[3]     ; 5.577 ; 5.703 ; 6.207 ; 6.341 ;
; SW[6]      ; HEX1[4]     ; 5.438 ; 5.843 ; 6.077 ; 6.481 ;
; SW[6]      ; HEX1[5]     ; 5.414 ; 5.789 ; 6.044 ; 6.419 ;
; SW[6]      ; HEX1[6]     ; 6.043 ; 6.132 ; 6.673 ; 6.762 ;
; SW[6]      ; LEDR[0]     ; 6.470 ;       ;       ; 7.919 ;
; SW[6]      ; LEDR[1]     ; 6.109 ; 6.858 ; 6.763 ; 7.510 ;
; SW[6]      ; LEDR[2]     ; 5.781 ; 6.244 ; 6.418 ; 6.883 ;
; SW[6]      ; LEDR[3]     ; 6.199 ; 6.923 ; 6.832 ; 7.556 ;
; SW[6]      ; LEDR[4]     ; 6.995 ; 7.956 ; 7.634 ; 8.594 ;
; SW[6]      ; LEDR[5]     ; 7.154 ; 6.810 ; 7.784 ; 7.440 ;
; SW[7]      ; HEX0[0]     ; 6.101 ; 6.350 ; 6.659 ; 6.908 ;
; SW[7]      ; HEX0[1]     ; 6.070 ; 6.303 ; 6.628 ; 6.861 ;
; SW[7]      ; HEX0[2]     ; 5.975 ; 6.187 ; 6.533 ; 6.745 ;
; SW[7]      ; HEX0[3]     ; 5.774 ; 5.962 ; 6.332 ; 6.520 ;
; SW[7]      ; HEX0[4]     ; 5.781 ; 5.798 ; 6.339 ; 6.407 ;
; SW[7]      ; HEX0[5]     ; 6.023 ; 6.231 ; 6.581 ; 6.789 ;
; SW[7]      ; HEX0[6]     ; 5.903 ; 5.729 ; 6.461 ; 6.287 ;
; SW[7]      ; HEX1[0]     ; 5.363 ; 5.526 ; 5.918 ; 6.089 ;
; SW[7]      ; HEX1[2]     ; 5.377 ; 5.432 ; 5.932 ; 5.987 ;
; SW[7]      ; HEX1[3]     ; 5.271 ; 5.397 ; 5.826 ; 5.960 ;
; SW[7]      ; HEX1[4]     ; 5.132 ; 5.537 ; 5.696 ; 6.100 ;
; SW[7]      ; HEX1[5]     ; 5.108 ; 5.483 ; 5.663 ; 6.038 ;
; SW[7]      ; HEX1[6]     ; 5.737 ; 5.826 ; 6.292 ; 6.381 ;
; SW[7]      ; LEDR[0]     ; 6.126 ;       ;       ; 7.471 ;
; SW[7]      ; LEDR[2]     ; 5.415 ; 5.842 ; 5.989 ; 6.451 ;
; SW[7]      ; LEDR[3]     ; 5.893 ; 6.617 ; 6.451 ; 7.175 ;
; SW[7]      ; LEDR[4]     ; 6.689 ; 7.650 ; 7.253 ; 8.213 ;
; SW[7]      ; LEDR[5]     ; 6.848 ; 6.504 ; 7.403 ; 7.059 ;
; SW[8]      ; HEX0[0]     ; 6.535 ; 6.784 ; 7.261 ; 7.510 ;
; SW[8]      ; HEX0[1]     ; 6.504 ; 6.737 ; 7.230 ; 7.463 ;
; SW[8]      ; HEX0[2]     ; 6.409 ; 6.621 ; 7.135 ; 7.347 ;
; SW[8]      ; HEX0[3]     ; 6.208 ; 6.396 ; 6.934 ; 7.122 ;
; SW[8]      ; HEX0[4]     ; 6.215 ; 6.206 ; 6.941 ; 6.945 ;
; SW[8]      ; HEX0[5]     ; 6.457 ; 6.665 ; 7.183 ; 7.391 ;
; SW[8]      ; HEX0[6]     ; 6.337 ; 6.163 ; 7.063 ; 6.889 ;
; SW[8]      ; HEX1[0]     ; 5.866 ; 6.029 ; 6.559 ; 6.730 ;
; SW[8]      ; HEX1[2]     ; 5.880 ; 5.935 ; 6.573 ; 6.628 ;
; SW[8]      ; HEX1[3]     ; 5.774 ; 5.900 ; 6.467 ; 6.601 ;
; SW[8]      ; HEX1[4]     ; 5.635 ; 6.040 ; 6.337 ; 6.741 ;
; SW[8]      ; HEX1[5]     ; 5.611 ; 5.986 ; 6.304 ; 6.679 ;
; SW[8]      ; HEX1[6]     ; 6.240 ; 6.329 ; 6.933 ; 7.022 ;
; SW[8]      ; LEDR[0]     ; 6.747 ; 7.516 ; 7.451 ; 8.255 ;
; SW[8]      ; LEDR[3]     ; 6.335 ; 7.051 ; 7.061 ; 7.777 ;
; SW[8]      ; LEDR[4]     ; 7.192 ; 8.153 ; 7.894 ; 8.854 ;
; SW[8]      ; LEDR[5]     ; 7.351 ; 7.007 ; 8.044 ; 7.700 ;
; SW[9]      ; HEX0[0]     ; 6.152 ; 6.397 ; 6.945 ; 7.190 ;
; SW[9]      ; HEX0[1]     ; 6.102 ; 6.331 ; 6.895 ; 7.124 ;
; SW[9]      ; HEX0[2]     ; 6.053 ; 6.045 ; 6.846 ; 6.769 ;
; SW[9]      ; HEX0[3]     ; 6.254 ; 6.449 ; 7.047 ; 7.242 ;
; SW[9]      ; HEX0[4]     ; 6.063 ; 6.444 ; 6.787 ; 7.237 ;
; SW[9]      ; HEX0[5]     ; 5.848 ; 6.272 ; 6.572 ; 7.065 ;
; SW[9]      ; HEX0[6]     ; 6.394 ; 6.213 ; 7.187 ; 7.006 ;
; SW[9]      ; HEX1[0]     ; 5.783 ; 5.822 ; 6.492 ; 6.560 ;
; SW[9]      ; HEX1[2]     ; 5.797 ; 5.852 ; 6.506 ; 6.561 ;
; SW[9]      ; HEX1[3]     ; 5.691 ; 5.693 ; 6.400 ; 6.431 ;
; SW[9]      ; HEX1[4]     ; 5.395 ; 5.833 ; 6.117 ; 6.571 ;
; SW[9]      ; HEX1[5]     ; 5.528 ; 5.903 ; 6.237 ; 6.612 ;
; SW[9]      ; HEX1[6]     ; 6.157 ; 6.246 ; 6.866 ; 6.955 ;
; SW[9]      ; LEDR[0]     ; 6.969 ; 7.754 ; 7.693 ; 8.547 ;
; SW[9]      ; LEDR[4]     ; 6.952 ; 7.946 ; 7.674 ; 8.684 ;
; SW[9]      ; LEDR[5]     ; 7.268 ; 6.924 ; 7.977 ; 7.633 ;
+------------+-------------+-------+-------+-------+-------+


+----------------------------------------------------------+
; Minimum Propagation Delay                                ;
+------------+-------------+-------+-------+-------+-------+
; Input Port ; Output Port ; RR    ; RF    ; FR    ; FF    ;
+------------+-------------+-------+-------+-------+-------+
; KEY[0]     ; HEX0[0]     ; 4.556 ; 4.763 ; 5.250 ; 5.420 ;
; KEY[0]     ; HEX0[1]     ; 4.536 ; 4.740 ; 5.229 ; 5.396 ;
; KEY[0]     ; HEX0[2]     ; 4.639 ; 4.637 ; 5.134 ; 5.610 ;
; KEY[0]     ; HEX0[3]     ; 4.610 ; 4.814 ; 5.243 ; 5.447 ;
; KEY[0]     ; HEX0[4]     ; 4.712 ; 4.818 ; 5.445 ; 5.451 ;
; KEY[0]     ; HEX0[5]     ; 4.495 ; 4.882 ; 5.316 ; 5.338 ;
; KEY[0]     ; HEX0[6]     ; 4.780 ; 4.578 ; 5.413 ; 5.211 ;
; KEY[0]     ; HEX1[0]     ; 4.186 ; 4.401 ; 4.873 ; 5.052 ;
; KEY[0]     ; HEX1[2]     ; 4.367 ; 4.792 ; 5.758 ; 4.853 ;
; KEY[0]     ; HEX1[3]     ; 4.105 ; 4.289 ; 4.792 ; 4.940 ;
; KEY[0]     ; HEX1[4]     ; 4.251 ; 5.196 ; 5.453 ; 5.094 ;
; KEY[0]     ; HEX1[5]     ; 4.054 ; 4.990 ; 5.307 ; 4.870 ;
; KEY[0]     ; HEX1[6]     ;       ; 4.837 ; 5.184 ;       ;
; KEY[0]     ; LEDR[0]     ; 5.553 ; 6.565 ; 6.531 ; 6.674 ;
; KEY[0]     ; LEDR[1]     ; 5.192 ; 5.684 ; 5.825 ; 6.311 ;
; KEY[0]     ; LEDR[2]     ; 4.908 ; 5.289 ; 5.534 ; 5.913 ;
; KEY[0]     ; LEDR[3]     ; 5.107 ; 5.620 ; 5.734 ; 6.245 ;
; KEY[0]     ; LEDR[4]     ; 5.676 ; 7.092 ; 6.878 ; 6.990 ;
; KEY[0]     ; LEDR[5]     ; 5.694 ;       ;       ; 5.870 ;
; KEY[0]     ; LEDR[6]     ;       ; 3.196 ; 3.783 ;       ;
; KEY[1]     ; HEX0[0]     ; 4.637 ; 4.807 ; 5.278 ; 5.485 ;
; KEY[1]     ; HEX0[1]     ; 4.616 ; 4.783 ; 5.258 ; 5.462 ;
; KEY[1]     ; HEX0[2]     ; 4.521 ; 4.848 ; 5.194 ; 5.359 ;
; KEY[1]     ; HEX0[3]     ; 4.588 ; 4.745 ; 5.160 ; 5.317 ;
; KEY[1]     ; HEX0[4]     ; 4.701 ; 4.741 ; 5.273 ; 5.313 ;
; KEY[1]     ; HEX0[5]     ; 4.665 ; 4.725 ; 5.217 ; 5.437 ;
; KEY[1]     ; HEX0[6]     ; 4.711 ; 4.556 ; 5.283 ; 5.128 ;
; KEY[1]     ; HEX1[0]     ; 4.370 ; 4.549 ; 5.018 ; 5.233 ;
; KEY[1]     ; HEX1[2]     ; 4.978 ; 4.350 ; 5.199 ; 5.211 ;
; KEY[1]     ; HEX1[3]     ; 4.289 ; 4.437 ; 4.937 ; 5.121 ;
; KEY[1]     ; HEX1[4]     ; 4.670 ; 4.591 ; 5.083 ; 5.611 ;
; KEY[1]     ; HEX1[5]     ; 4.524 ; 4.367 ; 4.886 ; 5.405 ;
; KEY[1]     ; HEX1[6]     ; 4.681 ;       ;       ; 5.669 ;
; KEY[1]     ; LEDR[0]     ; 5.748 ; 6.061 ; 6.275 ; 6.980 ;
; KEY[1]     ; LEDR[1]     ; 5.174 ; 5.675 ; 5.747 ; 6.246 ;
; KEY[1]     ; LEDR[2]     ; 4.747 ; 5.128 ; 5.319 ; 5.698 ;
; KEY[1]     ; LEDR[3]     ; 4.947 ; 5.460 ; 5.519 ; 6.030 ;
; KEY[1]     ; LEDR[4]     ; 6.095 ; 6.487 ; 6.508 ; 7.507 ;
; KEY[1]     ; LEDR[5]     ;       ; 5.367 ; 6.526 ;       ;
; KEY[1]     ; LEDR[7]     ;       ; 3.189 ; 3.743 ;       ;
; KEY[2]     ; HEX0[0]     ; 4.346 ; 4.553 ; 4.931 ; 5.101 ;
; KEY[2]     ; HEX0[1]     ; 4.326 ; 4.530 ; 4.910 ; 5.077 ;
; KEY[2]     ; HEX0[2]     ; 4.611 ; 4.427 ; 4.815 ; 5.409 ;
; KEY[2]     ; HEX0[3]     ; 4.482 ; 4.646 ; 5.043 ; 5.204 ;
; KEY[2]     ; HEX0[4]     ; 4.502 ; 4.762 ; 5.253 ; 5.208 ;
; KEY[2]     ; HEX0[5]     ; 4.285 ; 4.841 ; 5.263 ; 5.019 ;
; KEY[2]     ; HEX0[6]     ; 4.615 ; 4.453 ; 5.174 ; 5.015 ;
; KEY[2]     ; HEX1[0]     ; 4.062 ; 4.277 ; 4.637 ; 4.816 ;
; KEY[2]     ; HEX1[2]     ; 4.243 ; 4.668 ; 5.607 ; 4.617 ;
; KEY[2]     ; HEX1[3]     ; 3.981 ; 4.165 ; 4.556 ; 4.704 ;
; KEY[2]     ; HEX1[4]     ; 4.127 ; 5.092 ; 5.325 ; 4.858 ;
; KEY[2]     ; HEX1[5]     ; 3.930 ; 4.886 ; 5.179 ; 4.634 ;
; KEY[2]     ; HEX1[6]     ;       ; 4.713 ; 4.948 ;       ;
; KEY[2]     ; LEDR[0]     ; 5.343 ; 6.461 ; 6.402 ; 6.355 ;
; KEY[2]     ; LEDR[1]     ; 5.202 ; 5.726 ; 5.826 ; 6.302 ;
; KEY[2]     ; LEDR[2]     ; 4.693 ; 5.065 ; 5.299 ; 5.665 ;
; KEY[2]     ; LEDR[3]     ; 4.968 ; 5.504 ; 5.589 ; 6.077 ;
; KEY[2]     ; LEDR[4]     ; 5.552 ; 6.988 ; 6.750 ; 6.754 ;
; KEY[2]     ; LEDR[5]     ; 5.570 ;       ;       ; 5.634 ;
; KEY[2]     ; LEDR[8]     ;       ; 3.400 ; 4.009 ;       ;
; KEY[3]     ; HEX0[0]     ; 4.362 ; 4.569 ; 5.028 ; 5.198 ;
; KEY[3]     ; HEX0[1]     ; 4.342 ; 4.546 ; 5.007 ; 5.174 ;
; KEY[3]     ; HEX0[2]     ; 4.622 ; 4.443 ; 4.912 ; 5.459 ;
; KEY[3]     ; HEX0[3]     ; 4.498 ; 4.662 ; 5.140 ; 5.301 ;
; KEY[3]     ; HEX0[4]     ; 4.518 ; 4.736 ; 5.303 ; 5.305 ;
; KEY[3]     ; HEX0[5]     ; 4.301 ; 4.865 ; 5.267 ; 5.116 ;
; KEY[3]     ; HEX0[6]     ; 4.631 ; 4.469 ; 5.271 ; 5.112 ;
; KEY[3]     ; HEX1[0]     ; 4.098 ; 4.313 ; 4.767 ; 4.946 ;
; KEY[3]     ; HEX1[2]     ; 4.279 ; 4.638 ; 5.575 ; 4.747 ;
; KEY[3]     ; HEX1[3]     ; 4.017 ; 4.201 ; 4.686 ; 4.834 ;
; KEY[3]     ; HEX1[4]     ; 4.163 ; 5.047 ; 5.288 ; 4.988 ;
; KEY[3]     ; HEX1[5]     ; 3.966 ; 4.841 ; 5.142 ; 4.764 ;
; KEY[3]     ; HEX1[6]     ;       ; 4.749 ; 5.078 ;       ;
; KEY[3]     ; LEDR[0]     ; 5.359 ; 6.416 ; 6.366 ; 6.452 ;
; KEY[3]     ; LEDR[1]     ; 5.175 ; 5.700 ; 5.776 ; 6.279 ;
; KEY[3]     ; LEDR[2]     ; 4.748 ; 5.153 ; 5.349 ; 5.732 ;
; KEY[3]     ; LEDR[3]     ; 4.942 ; 5.479 ; 5.542 ; 6.057 ;
; KEY[3]     ; LEDR[4]     ; 5.588 ; 6.943 ; 6.713 ; 6.884 ;
; KEY[3]     ; LEDR[5]     ; 5.606 ;       ;       ; 5.764 ;
; KEY[3]     ; LEDR[9]     ;       ; 3.291 ; 3.890 ;       ;
; SW[0]      ; HEX0[0]     ; 4.756 ; 4.941 ; 5.405 ; 5.590 ;
; SW[0]      ; HEX0[1]     ; 4.733 ; 4.915 ; 5.382 ; 5.564 ;
; SW[0]      ; HEX0[2]     ; 4.885 ; 4.830 ; 5.510 ; 5.479 ;
; SW[0]      ; HEX0[3]     ; 4.869 ; 5.033 ; 5.518 ; 5.682 ;
; SW[0]      ; HEX0[4]     ; 4.889 ; 5.209 ; 5.538 ; 5.755 ;
; SW[0]      ; HEX0[5]     ; 4.693 ; 5.084 ; 5.342 ; 5.714 ;
; SW[0]      ; HEX0[6]     ; 5.002 ; 4.840 ; 5.651 ; 5.489 ;
; SW[0]      ; HEX1[0]     ; 4.794 ; 4.965 ; 5.348 ; 5.507 ;
; SW[0]      ; HEX1[2]     ; 4.939 ; 4.626 ; 5.495 ; 5.180 ;
; SW[0]      ; HEX1[3]     ; 4.713 ; 4.853 ; 5.267 ; 5.395 ;
; SW[0]      ; HEX1[4]     ; 4.798 ; 5.139 ; 5.352 ; 5.695 ;
; SW[0]      ; HEX1[5]     ; 4.517 ; 4.804 ; 5.071 ; 5.360 ;
; SW[0]      ; HEX1[6]     ; 5.331 ; 5.408 ; 5.873 ; 5.950 ;
; SW[0]      ; LEDR[0]     ; 5.730 ; 6.400 ; 6.379 ; 7.043 ;
; SW[0]      ; LEDR[1]     ; 5.583 ; 6.076 ; 6.129 ; 6.622 ;
; SW[0]      ; LEDR[2]     ; 5.155 ; 5.527 ; 5.702 ; 6.072 ;
; SW[0]      ; LEDR[3]     ; 5.482 ; 6.019 ; 6.026 ; 6.563 ;
; SW[0]      ; LEDR[4]     ; 6.223 ; 7.035 ; 6.777 ; 7.591 ;
; SW[0]      ; LEDR[5]     ; 6.265 ; 6.017 ; 6.807 ; 6.559 ;
; SW[1]      ; HEX0[0]     ; 4.489 ; 4.709 ; 5.054 ; 5.274 ;
; SW[1]      ; HEX0[1]     ; 4.469 ; 4.686 ; 5.034 ; 5.251 ;
; SW[1]      ; HEX0[2]     ; 4.384 ; 4.777 ; 4.949 ; 5.305 ;
; SW[1]      ; HEX0[3]     ; 4.355 ; 4.559 ; 4.920 ; 5.124 ;
; SW[1]      ; HEX0[4]     ; 4.612 ; 4.563 ; 5.140 ; 5.128 ;
; SW[1]      ; HEX0[5]     ; 4.428 ; 4.627 ; 4.993 ; 5.192 ;
; SW[1]      ; HEX0[6]     ; 4.525 ; 4.323 ; 5.090 ; 4.888 ;
; SW[1]      ; HEX1[0]     ; 4.668 ; 4.839 ; 5.221 ; 5.380 ;
; SW[1]      ; HEX1[2]     ; 4.813 ; 4.500 ; 5.368 ; 5.053 ;
; SW[1]      ; HEX1[3]     ; 4.587 ; 4.727 ; 5.140 ; 5.268 ;
; SW[1]      ; HEX1[4]     ; 4.672 ; 5.013 ; 5.225 ; 5.568 ;
; SW[1]      ; HEX1[5]     ; 4.391 ; 4.678 ; 4.944 ; 5.233 ;
; SW[1]      ; HEX1[6]     ; 5.205 ; 5.282 ; 5.746 ; 5.823 ;
; SW[1]      ; LEDR[0]     ;       ; 6.370 ; 6.277 ;       ;
; SW[1]      ; LEDR[1]     ; 4.937 ; 5.478 ; 5.502 ; 6.006 ;
; SW[1]      ; LEDR[2]     ; 5.029 ; 5.401 ; 5.575 ; 5.945 ;
; SW[1]      ; LEDR[3]     ; 5.356 ; 5.893 ; 5.899 ; 6.436 ;
; SW[1]      ; LEDR[4]     ; 6.097 ; 6.909 ; 6.650 ; 7.464 ;
; SW[1]      ; LEDR[5]     ; 6.139 ; 5.891 ; 6.680 ; 6.432 ;
; SW[2]      ; HEX0[0]     ; 4.856 ; 5.061 ; 5.458 ; 5.663 ;
; SW[2]      ; HEX0[1]     ; 4.834 ; 5.246 ; 5.436 ; 5.701 ;
; SW[2]      ; HEX0[2]     ; 4.748 ; 4.940 ; 5.350 ; 5.542 ;
; SW[2]      ; HEX0[3]     ; 4.744 ; 4.889 ; 5.346 ; 5.491 ;
; SW[2]      ; HEX0[4]     ; 4.784 ; 4.931 ; 5.386 ; 5.533 ;
; SW[2]      ; HEX0[5]     ; 4.794 ; 4.978 ; 5.396 ; 5.580 ;
; SW[2]      ; HEX0[6]     ; 4.897 ; 4.735 ; 5.499 ; 5.337 ;
; SW[2]      ; HEX1[0]     ; 4.931 ; 5.102 ; 5.526 ; 5.685 ;
; SW[2]      ; HEX1[2]     ; 5.076 ; 4.763 ; 5.673 ; 5.358 ;
; SW[2]      ; HEX1[3]     ; 4.850 ; 4.990 ; 5.445 ; 5.573 ;
; SW[2]      ; HEX1[4]     ; 4.935 ; 5.276 ; 5.530 ; 5.873 ;
; SW[2]      ; HEX1[5]     ; 4.654 ; 4.941 ; 5.249 ; 5.538 ;
; SW[2]      ; HEX1[6]     ; 5.468 ; 5.545 ; 6.051 ; 6.128 ;
; SW[2]      ; LEDR[0]     ;       ; 6.559 ; 6.504 ;       ;
; SW[2]      ; LEDR[2]     ; 4.830 ; 5.251 ; 5.432 ; 5.816 ;
; SW[2]      ; LEDR[3]     ; 5.619 ; 6.156 ; 6.204 ; 6.741 ;
; SW[2]      ; LEDR[4]     ; 6.360 ; 7.172 ; 6.955 ; 7.769 ;
; SW[2]      ; LEDR[5]     ; 6.402 ; 6.154 ; 6.985 ; 6.737 ;
; SW[3]      ; HEX0[0]     ; 4.613 ; 4.808 ; 5.163 ; 5.358 ;
; SW[3]      ; HEX0[1]     ; 4.592 ; 4.784 ; 5.142 ; 5.334 ;
; SW[3]      ; HEX0[2]     ; 4.512 ; 4.694 ; 5.062 ; 5.244 ;
; SW[3]      ; HEX0[3]     ; 4.332 ; 4.489 ; 4.882 ; 5.039 ;
; SW[3]      ; HEX0[4]     ; 4.568 ; 4.485 ; 5.081 ; 5.035 ;
; SW[3]      ; HEX0[5]     ; 4.551 ; 4.725 ; 5.101 ; 5.275 ;
; SW[3]      ; HEX0[6]     ; 4.455 ; 4.300 ; 5.005 ; 4.850 ;
; SW[3]      ; HEX1[0]     ; 4.585 ; 4.756 ; 5.115 ; 5.274 ;
; SW[3]      ; HEX1[2]     ; 4.730 ; 4.417 ; 5.262 ; 4.947 ;
; SW[3]      ; HEX1[3]     ; 4.504 ; 4.644 ; 5.034 ; 5.162 ;
; SW[3]      ; HEX1[4]     ; 4.589 ; 4.930 ; 5.119 ; 5.462 ;
; SW[3]      ; HEX1[5]     ; 4.308 ; 4.595 ; 4.838 ; 5.127 ;
; SW[3]      ; HEX1[6]     ; 5.122 ; 5.199 ; 5.640 ; 5.717 ;
; SW[3]      ; LEDR[0]     ; 5.843 ; 6.468 ; 6.377 ; 7.015 ;
; SW[3]      ; LEDR[3]     ; 4.691 ; 5.244 ; 5.241 ; 5.757 ;
; SW[3]      ; LEDR[4]     ; 6.014 ; 6.826 ; 6.544 ; 7.358 ;
; SW[3]      ; LEDR[5]     ; 6.056 ; 5.808 ; 6.574 ; 6.326 ;
; SW[4]      ; HEX0[0]     ; 5.059 ; 5.254 ; 5.670 ; 5.865 ;
; SW[4]      ; HEX0[1]     ; 5.021 ; 5.213 ; 5.632 ; 5.824 ;
; SW[4]      ; HEX0[2]     ; 5.202 ; 5.161 ; 5.778 ; 5.772 ;
; SW[4]      ; HEX0[3]     ; 5.155 ; 5.319 ; 5.766 ; 5.930 ;
; SW[4]      ; HEX0[4]     ; 5.175 ; 5.542 ; 5.786 ; 6.118 ;
; SW[4]      ; HEX0[5]     ; 4.992 ; 5.386 ; 5.603 ; 5.962 ;
; SW[4]      ; HEX0[6]     ; 5.288 ; 5.126 ; 5.899 ; 5.737 ;
; SW[4]      ; HEX1[0]     ; 4.662 ; 5.041 ; 5.235 ; 5.597 ;
; SW[4]      ; HEX1[2]     ; 4.883 ; 4.576 ; 5.466 ; 5.161 ;
; SW[4]      ; HEX1[3]     ; 4.581 ; 4.929 ; 5.154 ; 5.485 ;
; SW[4]      ; HEX1[4]     ; 4.666 ; 5.058 ; 5.239 ; 5.610 ;
; SW[4]      ; HEX1[5]     ; 4.467 ; 4.748 ; 5.052 ; 5.331 ;
; SW[4]      ; HEX1[6]     ; 5.407 ; 5.484 ; 5.998 ; 6.075 ;
; SW[4]      ; LEDR[0]     ; 6.016 ; 6.689 ; 6.627 ; 7.265 ;
; SW[4]      ; LEDR[4]     ; 6.091 ; 6.954 ; 6.664 ; 7.506 ;
; SW[4]      ; LEDR[5]     ; 6.341 ; 6.093 ; 6.932 ; 6.684 ;
; SW[5]      ; HEX0[0]     ; 4.679 ; 4.864 ; 5.405 ; 5.612 ;
; SW[5]      ; HEX0[1]     ; 4.656 ; 4.838 ; 5.385 ; 5.589 ;
; SW[5]      ; HEX0[2]     ; 4.901 ; 4.753 ; 5.366 ; 5.486 ;
; SW[5]      ; HEX0[3]     ; 4.792 ; 4.956 ; 5.541 ; 5.705 ;
; SW[5]      ; HEX0[4]     ; 4.812 ; 5.242 ; 5.561 ; 5.734 ;
; SW[5]      ; HEX0[5]     ; 4.616 ; 5.105 ; 5.344 ; 5.565 ;
; SW[5]      ; HEX0[6]     ; 4.925 ; 4.763 ; 5.674 ; 5.512 ;
; SW[5]      ; HEX1[0]     ; 4.827 ; 4.998 ; 5.406 ; 5.565 ;
; SW[5]      ; HEX1[2]     ; 4.972 ; 4.659 ; 5.553 ; 5.238 ;
; SW[5]      ; HEX1[3]     ; 4.746 ; 4.886 ; 5.325 ; 5.453 ;
; SW[5]      ; HEX1[4]     ; 4.831 ; 5.172 ; 5.410 ; 5.753 ;
; SW[5]      ; HEX1[5]     ; 4.550 ; 4.837 ; 5.129 ; 5.418 ;
; SW[5]      ; HEX1[6]     ; 5.364 ; 5.441 ; 5.931 ; 6.008 ;
; SW[5]      ; LEDR[0]     ; 5.653 ; 6.441 ; 6.402 ; 6.881 ;
; SW[5]      ; LEDR[1]     ; 5.616 ; 6.109 ; 6.187 ; 6.680 ;
; SW[5]      ; LEDR[2]     ; 5.188 ; 5.560 ; 5.760 ; 6.130 ;
; SW[5]      ; LEDR[3]     ; 5.515 ; 6.052 ; 6.084 ; 6.621 ;
; SW[5]      ; LEDR[4]     ; 6.256 ; 7.068 ; 6.835 ; 7.649 ;
; SW[5]      ; LEDR[5]     ; 6.298 ; 6.050 ; 6.865 ; 6.617 ;
; SW[6]      ; HEX0[0]     ; 4.773 ; 4.993 ; 5.524 ; 5.717 ;
; SW[6]      ; HEX0[1]     ; 4.753 ; 4.970 ; 5.505 ; 5.695 ;
; SW[6]      ; HEX0[2]     ; 4.668 ; 5.009 ; 5.434 ; 5.596 ;
; SW[6]      ; HEX0[3]     ; 4.639 ; 4.843 ; 5.405 ; 5.584 ;
; SW[6]      ; HEX0[4]     ; 5.023 ; 4.847 ; 5.431 ; 5.613 ;
; SW[6]      ; HEX0[5]     ; 4.712 ; 4.911 ; 5.463 ; 5.635 ;
; SW[6]      ; HEX0[6]     ; 4.809 ; 4.607 ; 5.550 ; 5.373 ;
; SW[6]      ; HEX1[0]     ; 4.843 ; 5.014 ; 5.426 ; 5.585 ;
; SW[6]      ; HEX1[2]     ; 4.988 ; 4.675 ; 5.573 ; 5.258 ;
; SW[6]      ; HEX1[3]     ; 4.762 ; 4.902 ; 5.345 ; 5.473 ;
; SW[6]      ; HEX1[4]     ; 4.847 ; 5.188 ; 5.430 ; 5.773 ;
; SW[6]      ; HEX1[5]     ; 4.566 ; 4.853 ; 5.149 ; 5.438 ;
; SW[6]      ; HEX1[6]     ; 5.380 ; 5.457 ; 5.951 ; 6.028 ;
; SW[6]      ; LEDR[0]     ; 5.864 ;       ;       ; 7.087 ;
; SW[6]      ; LEDR[1]     ; 5.221 ; 5.920 ; 5.987 ; 6.297 ;
; SW[6]      ; LEDR[2]     ; 5.204 ; 5.576 ; 5.780 ; 6.150 ;
; SW[6]      ; LEDR[3]     ; 5.531 ; 6.068 ; 6.104 ; 6.641 ;
; SW[6]      ; LEDR[4]     ; 6.272 ; 7.084 ; 6.855 ; 7.669 ;
; SW[6]      ; LEDR[5]     ; 6.314 ; 6.066 ; 6.885 ; 6.637 ;
; SW[7]      ; HEX0[0]     ; 4.590 ; 4.795 ; 5.299 ; 5.487 ;
; SW[7]      ; HEX0[1]     ; 4.566 ; 4.758 ; 5.260 ; 5.449 ;
; SW[7]      ; HEX0[2]     ; 4.482 ; 4.674 ; 5.212 ; 5.362 ;
; SW[7]      ; HEX0[3]     ; 4.478 ; 4.623 ; 5.176 ; 5.342 ;
; SW[7]      ; HEX0[4]     ; 4.518 ; 4.665 ; 5.222 ; 5.367 ;
; SW[7]      ; HEX0[5]     ; 4.528 ; 4.712 ; 5.262 ; 5.403 ;
; SW[7]      ; HEX0[6]     ; 4.631 ; 4.469 ; 5.333 ; 5.174 ;
; SW[7]      ; HEX1[0]     ; 4.616 ; 4.787 ; 5.135 ; 5.294 ;
; SW[7]      ; HEX1[2]     ; 4.761 ; 4.448 ; 5.282 ; 4.967 ;
; SW[7]      ; HEX1[3]     ; 4.535 ; 4.675 ; 5.054 ; 5.182 ;
; SW[7]      ; HEX1[4]     ; 4.620 ; 4.961 ; 5.139 ; 5.482 ;
; SW[7]      ; HEX1[5]     ; 4.339 ; 4.626 ; 4.858 ; 5.147 ;
; SW[7]      ; HEX1[6]     ; 5.153 ; 5.230 ; 5.660 ; 5.737 ;
; SW[7]      ; LEDR[0]     ; 5.561 ;       ;       ; 6.706 ;
; SW[7]      ; LEDR[2]     ; 4.564 ; 5.206 ; 5.348 ; 5.468 ;
; SW[7]      ; LEDR[3]     ; 5.304 ; 5.841 ; 5.813 ; 6.350 ;
; SW[7]      ; LEDR[4]     ; 6.045 ; 6.857 ; 6.564 ; 7.378 ;
; SW[7]      ; LEDR[5]     ; 6.087 ; 5.839 ; 6.594 ; 6.346 ;
; SW[8]      ; HEX0[0]     ; 4.921 ; 5.116 ; 5.720 ; 5.911 ;
; SW[8]      ; HEX0[1]     ; 4.900 ; 5.092 ; 5.698 ; 5.886 ;
; SW[8]      ; HEX0[2]     ; 4.820 ; 5.002 ; 5.615 ; 5.793 ;
; SW[8]      ; HEX0[3]     ; 4.640 ; 4.797 ; 5.447 ; 5.600 ;
; SW[8]      ; HEX0[4]     ; 5.223 ; 4.793 ; 5.456 ; 5.940 ;
; SW[8]      ; HEX0[5]     ; 4.859 ; 5.033 ; 5.658 ; 5.828 ;
; SW[8]      ; HEX0[6]     ; 4.763 ; 4.608 ; 5.566 ; 5.415 ;
; SW[8]      ; HEX1[0]     ; 5.001 ; 5.172 ; 5.645 ; 5.804 ;
; SW[8]      ; HEX1[2]     ; 5.146 ; 4.833 ; 5.792 ; 5.477 ;
; SW[8]      ; HEX1[3]     ; 4.920 ; 5.060 ; 5.564 ; 5.692 ;
; SW[8]      ; HEX1[4]     ; 5.005 ; 5.346 ; 5.649 ; 5.992 ;
; SW[8]      ; HEX1[5]     ; 4.724 ; 5.011 ; 5.368 ; 5.657 ;
; SW[8]      ; HEX1[6]     ; 5.538 ; 5.615 ; 6.170 ; 6.247 ;
; SW[8]      ; LEDR[0]     ; 6.064 ; 6.689 ; 6.703 ; 7.324 ;
; SW[8]      ; LEDR[3]     ; 4.999 ; 6.047 ; 6.146 ; 6.132 ;
; SW[8]      ; LEDR[4]     ; 6.430 ; 7.242 ; 7.074 ; 7.888 ;
; SW[8]      ; LEDR[5]     ; 6.472 ; 6.224 ; 7.104 ; 6.856 ;
; SW[9]      ; HEX0[0]     ; 5.296 ; 5.491 ; 5.958 ; 6.153 ;
; SW[9]      ; HEX0[1]     ; 5.258 ; 5.450 ; 5.920 ; 6.112 ;
; SW[9]      ; HEX0[2]     ; 5.382 ; 5.398 ; 6.063 ; 6.060 ;
; SW[9]      ; HEX0[3]     ; 5.392 ; 5.556 ; 6.054 ; 6.218 ;
; SW[9]      ; HEX0[4]     ; 5.412 ; 5.722 ; 6.074 ; 6.403 ;
; SW[9]      ; HEX0[5]     ; 5.229 ; 5.566 ; 5.891 ; 6.247 ;
; SW[9]      ; HEX0[6]     ; 5.525 ; 5.363 ; 6.187 ; 6.025 ;
; SW[9]      ; HEX1[0]     ; 4.768 ; 5.104 ; 5.398 ; 5.729 ;
; SW[9]      ; HEX1[2]     ; 4.930 ; 4.600 ; 5.569 ; 5.230 ;
; SW[9]      ; HEX1[3]     ; 4.687 ; 4.992 ; 5.317 ; 5.617 ;
; SW[9]      ; HEX1[4]     ; 4.772 ; 5.130 ; 5.402 ; 5.769 ;
; SW[9]      ; HEX1[5]     ; 4.491 ; 4.795 ; 5.121 ; 5.434 ;
; SW[9]      ; HEX1[6]     ; 5.470 ; 5.547 ; 6.095 ; 6.172 ;
; SW[9]      ; LEDR[0]     ; 6.253 ; 6.869 ; 6.915 ; 7.550 ;
; SW[9]      ; LEDR[4]     ; 6.197 ; 7.026 ; 6.827 ; 7.665 ;
; SW[9]      ; LEDR[5]     ; 6.404 ; 6.156 ; 7.029 ; 6.781 ;
+------------+-------------+-------+-------+-------+-------+


---------------------------------------------
; Fast 1100mV 0C Model Metastability Report ;
---------------------------------------------
No synchronizer chains to report.


+----------------------------------------------------------------------------+
; Multicorner Timing Analysis Summary                                        ;
+------------------+-------+------+----------+---------+---------------------+
; Clock            ; Setup ; Hold ; Recovery ; Removal ; Minimum Pulse Width ;
+------------------+-------+------+----------+---------+---------------------+
; Worst-case Slack ; N/A   ; N/A  ; N/A      ; N/A     ; N/A                 ;
; Design-wide TNS  ; 0.0   ; 0.0  ; 0.0      ; 0.0     ; 0.0                 ;
+------------------+-------+------+----------+---------+---------------------+


+--------------------------------------------------------------+
; Propagation Delay                                            ;
+------------+-------------+--------+--------+--------+--------+
; Input Port ; Output Port ; RR     ; RF     ; FR     ; FF     ;
+------------+-------------+--------+--------+--------+--------+
; KEY[0]     ; HEX0[0]     ; 11.773 ; 12.049 ; 12.607 ; 12.872 ;
; KEY[0]     ; HEX0[1]     ; 11.722 ; 11.978 ; 12.556 ; 12.801 ;
; KEY[0]     ; HEX0[2]     ; 11.281 ; 11.889 ; 12.501 ; 11.890 ;
; KEY[0]     ; HEX0[3]     ; 12.278 ; 12.475 ; 13.047 ; 13.252 ;
; KEY[0]     ; HEX0[4]     ; 12.279 ; 11.711 ; 11.662 ; 13.208 ;
; KEY[0]     ; HEX0[5]     ; 11.691 ; 11.543 ; 11.729 ; 12.717 ;
; KEY[0]     ; HEX0[6]     ; 12.383 ; 12.209 ; 13.159 ; 12.977 ;
; KEY[0]     ; HEX1[0]     ; 10.719 ; 11.200 ; 11.118 ; 11.587 ;
; KEY[0]     ; HEX1[2]     ; 11.092 ; 10.652 ; 11.479 ; 11.051 ;
; KEY[0]     ; HEX1[3]     ; 10.605 ; 11.025 ; 11.004 ; 11.412 ;
; KEY[0]     ; HEX1[4]     ; 10.764 ; 11.287 ; 11.163 ; 11.674 ;
; KEY[0]     ; HEX1[5]     ; 10.445 ; 10.842 ; 10.844 ; 11.229 ;
; KEY[0]     ; HEX1[6]     ;        ; 10.409 ; 10.286 ;        ;
; KEY[0]     ; LEDR[0]     ; 13.514 ; 13.533 ; 12.897 ; 15.030 ;
; KEY[0]     ; LEDR[1]     ; 10.895 ; 11.748 ; 11.308 ; 12.135 ;
; KEY[0]     ; LEDR[2]     ; 10.744 ; 11.175 ; 11.143 ; 11.561 ;
; KEY[0]     ; LEDR[3]     ; 11.169 ; 11.908 ; 11.569 ; 12.295 ;
; KEY[0]     ; LEDR[4]     ; 13.400 ; 14.634 ; 13.799 ; 15.024 ;
; KEY[0]     ; LEDR[5]     ; 12.136 ;        ;        ; 11.726 ;
; KEY[0]     ; LEDR[6]     ;        ; 6.919  ; 7.164  ;        ;
; KEY[1]     ; HEX0[0]     ; 11.853 ; 12.118 ; 11.796 ; 12.072 ;
; KEY[1]     ; HEX0[1]     ; 11.802 ; 12.047 ; 11.745 ; 12.001 ;
; KEY[1]     ; HEX0[2]     ; 11.747 ; 11.179 ; 11.231 ; 11.912 ;
; KEY[1]     ; HEX0[3]     ; 12.293 ; 12.498 ; 12.301 ; 12.498 ;
; KEY[1]     ; HEX0[4]     ; 10.956 ; 12.454 ; 12.302 ; 11.668 ;
; KEY[1]     ; HEX0[5]     ; 11.018 ; 11.963 ; 11.714 ; 11.493 ;
; KEY[1]     ; HEX0[6]     ; 12.405 ; 12.223 ; 12.406 ; 12.232 ;
; KEY[1]     ; HEX1[0]     ; 10.413 ; 10.881 ; 10.677 ; 11.156 ;
; KEY[1]     ; HEX1[2]     ; 10.773 ; 10.346 ; 11.048 ; 10.610 ;
; KEY[1]     ; HEX1[3]     ; 10.299 ; 10.706 ; 10.563 ; 10.981 ;
; KEY[1]     ; HEX1[4]     ; 10.458 ; 10.968 ; 10.722 ; 11.243 ;
; KEY[1]     ; HEX1[5]     ; 10.139 ; 10.523 ; 10.403 ; 10.798 ;
; KEY[1]     ; HEX1[6]     ; 10.364 ;        ;        ; 11.331 ;
; KEY[1]     ; LEDR[0]     ; 12.191 ; 14.276 ; 13.537 ; 13.490 ;
; KEY[1]     ; LEDR[1]     ; 11.071 ; 11.917 ; 11.334 ; 12.192 ;
; KEY[1]     ; LEDR[2]     ; 10.433 ; 10.850 ; 10.695 ; 11.124 ;
; KEY[1]     ; LEDR[3]     ; 10.859 ; 11.584 ; 11.121 ; 11.858 ;
; KEY[1]     ; LEDR[4]     ; 13.094 ; 14.315 ; 13.358 ; 14.590 ;
; KEY[1]     ; LEDR[5]     ;        ; 11.804 ; 13.058 ;        ;
; KEY[1]     ; LEDR[7]     ;        ; 6.883  ; 7.114  ;        ;
; KEY[2]     ; HEX0[0]     ; 11.591 ; 11.856 ; 11.583 ; 11.857 ;
; KEY[2]     ; HEX0[1]     ; 11.540 ; 11.785 ; 11.552 ; 11.806 ;
; KEY[2]     ; HEX0[2]     ; 11.485 ; 11.349 ; 11.447 ; 11.669 ;
; KEY[2]     ; HEX0[3]     ; 12.031 ; 12.236 ; 12.055 ; 12.252 ;
; KEY[2]     ; HEX0[4]     ; 11.071 ; 12.192 ; 12.056 ; 11.897 ;
; KEY[2]     ; HEX0[5]     ; 11.188 ; 11.701 ; 11.508 ; 11.709 ;
; KEY[2]     ; HEX0[6]     ; 12.143 ; 11.961 ; 12.160 ; 11.986 ;
; KEY[2]     ; HEX1[0]     ; 10.525 ; 11.059 ; 10.792 ; 11.379 ;
; KEY[2]     ; HEX1[2]     ; 10.951 ; 10.458 ; 11.271 ; 10.725 ;
; KEY[2]     ; HEX1[3]     ; 10.411 ; 10.884 ; 10.678 ; 11.204 ;
; KEY[2]     ; HEX1[4]     ; 10.570 ; 11.146 ; 10.837 ; 11.466 ;
; KEY[2]     ; HEX1[5]     ; 10.251 ; 10.701 ; 10.518 ; 11.021 ;
; KEY[2]     ; HEX1[6]     ;        ; 10.224 ; 9.936  ;        ;
; KEY[2]     ; LEDR[0]     ; 12.306 ; 14.014 ; 13.291 ; 13.719 ;
; KEY[2]     ; LEDR[1]     ; 11.181 ; 12.096 ; 11.449 ; 12.419 ;
; KEY[2]     ; LEDR[2]     ; 10.126 ; 10.550 ; 10.417 ; 10.815 ;
; KEY[2]     ; LEDR[3]     ; 10.960 ; 11.754 ; 11.225 ; 12.074 ;
; KEY[2]     ; LEDR[4]     ; 13.206 ; 14.493 ; 13.473 ; 14.828 ;
; KEY[2]     ; LEDR[5]     ; 11.951 ;        ;        ; 11.376 ;
; KEY[2]     ; LEDR[8]     ;        ; 7.266  ; 7.577  ;        ;
; KEY[3]     ; HEX0[0]     ; 11.826 ; 12.091 ; 11.906 ; 12.182 ;
; KEY[3]     ; HEX0[1]     ; 11.775 ; 12.020 ; 11.855 ; 12.111 ;
; KEY[3]     ; HEX0[2]     ; 11.720 ; 11.062 ; 11.052 ; 12.022 ;
; KEY[3]     ; HEX0[3]     ; 12.266 ; 12.471 ; 12.411 ; 12.608 ;
; KEY[3]     ; HEX0[4]     ; 10.924 ; 12.427 ; 12.412 ; 11.748 ;
; KEY[3]     ; HEX0[5]     ; 10.901 ; 11.936 ; 11.824 ; 11.314 ;
; KEY[3]     ; HEX0[6]     ; 12.378 ; 12.196 ; 12.516 ; 12.342 ;
; KEY[3]     ; HEX1[0]     ; 10.378 ; 10.930 ; 10.729 ; 11.235 ;
; KEY[3]     ; HEX1[2]     ; 10.822 ; 10.311 ; 11.127 ; 10.662 ;
; KEY[3]     ; HEX1[3]     ; 10.264 ; 10.755 ; 10.615 ; 11.060 ;
; KEY[3]     ; HEX1[4]     ; 10.423 ; 11.017 ; 10.774 ; 11.322 ;
; KEY[3]     ; HEX1[5]     ; 10.104 ; 10.572 ; 10.455 ; 10.877 ;
; KEY[3]     ; HEX1[6]     ;        ; 10.205 ; 10.131 ;        ;
; KEY[3]     ; LEDR[0]     ; 12.159 ; 14.249 ; 13.647 ; 13.570 ;
; KEY[3]     ; LEDR[1]     ; 10.911 ; 11.805 ; 11.168 ; 12.017 ;
; KEY[3]     ; LEDR[2]     ; 10.273 ; 10.738 ; 10.530 ; 10.950 ;
; KEY[3]     ; LEDR[3]     ; 10.694 ; 11.467 ; 10.951 ; 11.679 ;
; KEY[3]     ; LEDR[4]     ; 13.059 ; 14.364 ; 13.410 ; 14.669 ;
; KEY[3]     ; LEDR[5]     ; 11.932 ;        ;        ; 11.571 ;
; KEY[3]     ; LEDR[9]     ;        ; 7.051  ; 7.365  ;        ;
; SW[0]      ; HEX0[0]     ; 12.546 ; 12.833 ; 12.849 ; 13.173 ;
; SW[0]      ; HEX0[1]     ; 12.515 ; 12.772 ; 12.813 ; 13.112 ;
; SW[0]      ; HEX0[2]     ; 12.410 ; 12.632 ; 12.708 ; 12.961 ;
; SW[0]      ; HEX0[3]     ; 12.033 ; 12.272 ; 12.381 ; 12.638 ;
; SW[0]      ; HEX0[4]     ; 12.091 ; 12.270 ; 12.442 ; 12.636 ;
; SW[0]      ; HEX0[5]     ; 12.471 ; 12.672 ; 12.769 ; 13.011 ;
; SW[0]      ; HEX0[6]     ; 12.201 ; 12.020 ; 12.567 ; 12.366 ;
; SW[0]      ; HEX1[0]     ; 11.057 ; 11.472 ; 11.373 ; 11.814 ;
; SW[0]      ; HEX1[2]     ; 11.083 ; 11.145 ; 11.378 ; 11.440 ;
; SW[0]      ; HEX1[3]     ; 10.943 ; 11.297 ; 11.259 ; 11.627 ;
; SW[0]      ; HEX1[4]     ; 11.102 ; 11.560 ; 11.421 ; 11.889 ;
; SW[0]      ; HEX1[5]     ; 10.781 ; 11.200 ; 11.076 ; 11.495 ;
; SW[0]      ; HEX1[6]     ; 11.608 ; 11.730 ; 11.903 ; 12.025 ;
; SW[0]      ; LEDR[0]     ; 12.931 ; 14.016 ; 13.239 ; 14.377 ;
; SW[0]      ; LEDR[1]     ; 12.105 ; 13.013 ; 12.406 ; 13.353 ;
; SW[0]      ; LEDR[2]     ; 11.695 ; 12.149 ; 12.005 ; 12.512 ;
; SW[0]      ; LEDR[3]     ; 12.230 ; 13.037 ; 12.528 ; 13.335 ;
; SW[0]      ; LEDR[4]     ; 13.738 ; 14.968 ; 14.069 ; 15.316 ;
; SW[0]      ; LEDR[5]     ; 13.457 ; 13.048 ; 13.752 ; 13.343 ;
; SW[1]      ; HEX0[0]     ; 12.517 ; 12.791 ; 12.677 ; 12.969 ;
; SW[1]      ; HEX0[1]     ; 12.486 ; 12.740 ; 12.646 ; 12.908 ;
; SW[1]      ; HEX0[2]     ; 12.381 ; 12.603 ; 12.541 ; 12.763 ;
; SW[1]      ; HEX0[3]     ; 11.909 ; 12.231 ; 12.093 ; 12.434 ;
; SW[1]      ; HEX0[4]     ; 12.062 ; 12.213 ; 12.246 ; 12.432 ;
; SW[1]      ; HEX0[5]     ; 12.442 ; 12.643 ; 12.602 ; 12.807 ;
; SW[1]      ; HEX0[6]     ; 12.165 ; 11.991 ; 12.363 ; 12.175 ;
; SW[1]      ; HEX1[0]     ; 11.028 ; 11.443 ; 11.206 ; 11.611 ;
; SW[1]      ; HEX1[2]     ; 11.054 ; 11.116 ; 11.211 ; 11.273 ;
; SW[1]      ; HEX1[3]     ; 10.914 ; 11.268 ; 11.092 ; 11.436 ;
; SW[1]      ; HEX1[4]     ; 11.073 ; 11.531 ; 11.251 ; 11.699 ;
; SW[1]      ; HEX1[5]     ; 10.752 ; 11.171 ; 10.909 ; 11.328 ;
; SW[1]      ; HEX1[6]     ; 11.579 ; 11.701 ; 11.736 ; 11.858 ;
; SW[1]      ; LEDR[0]     ;        ; 13.430 ; 12.757 ;        ;
; SW[1]      ; LEDR[1]     ; 12.194 ; 13.073 ; 12.419 ; 13.337 ;
; SW[1]      ; LEDR[2]     ; 11.666 ; 12.120 ; 11.838 ; 12.308 ;
; SW[1]      ; LEDR[3]     ; 12.201 ; 13.008 ; 12.361 ; 13.168 ;
; SW[1]      ; LEDR[4]     ; 13.709 ; 14.908 ; 13.887 ; 15.112 ;
; SW[1]      ; LEDR[5]     ; 13.428 ; 13.019 ; 13.585 ; 13.176 ;
; SW[2]      ; HEX0[0]     ; 12.882 ; 13.201 ; 13.210 ; 13.534 ;
; SW[2]      ; HEX0[1]     ; 12.851 ; 13.140 ; 13.173 ; 13.473 ;
; SW[2]      ; HEX0[2]     ; 12.746 ; 12.989 ; 13.059 ; 13.322 ;
; SW[2]      ; HEX0[3]     ; 12.165 ; 12.451 ; 12.476 ; 12.851 ;
; SW[2]      ; HEX0[4]     ; 12.255 ; 12.449 ; 12.655 ; 12.849 ;
; SW[2]      ; HEX0[5]     ; 12.807 ; 13.039 ; 13.118 ; 13.372 ;
; SW[2]      ; HEX0[6]     ; 12.380 ; 12.181 ; 12.780 ; 12.579 ;
; SW[2]      ; HEX1[0]     ; 11.393 ; 11.834 ; 11.723 ; 12.175 ;
; SW[2]      ; HEX1[2]     ; 11.419 ; 11.481 ; 11.727 ; 11.789 ;
; SW[2]      ; HEX1[3]     ; 11.279 ; 11.647 ; 11.608 ; 11.988 ;
; SW[2]      ; HEX1[4]     ; 11.438 ; 11.909 ; 11.782 ; 12.250 ;
; SW[2]      ; HEX1[5]     ; 11.117 ; 11.536 ; 11.425 ; 11.844 ;
; SW[2]      ; HEX1[6]     ; 11.944 ; 12.066 ; 12.252 ; 12.374 ;
; SW[2]      ; LEDR[0]     ;        ; 13.585 ; 13.035 ;        ;
; SW[2]      ; LEDR[2]     ; 11.880 ; 12.325 ; 12.266 ; 12.725 ;
; SW[2]      ; LEDR[3]     ; 12.566 ; 13.373 ; 12.877 ; 13.684 ;
; SW[2]      ; LEDR[4]     ; 14.075 ; 15.336 ; 14.430 ; 15.677 ;
; SW[2]      ; LEDR[5]     ; 13.793 ; 13.384 ; 14.101 ; 13.692 ;
; SW[3]      ; HEX0[0]     ; 12.132 ; 12.406 ; 12.389 ; 12.663 ;
; SW[3]      ; HEX0[1]     ; 12.101 ; 12.355 ; 12.358 ; 12.612 ;
; SW[3]      ; HEX0[2]     ; 11.996 ; 12.218 ; 12.253 ; 12.475 ;
; SW[3]      ; HEX0[3]     ; 11.902 ; 12.107 ; 12.145 ; 12.350 ;
; SW[3]      ; HEX0[4]     ; 11.669 ; 12.063 ; 11.926 ; 12.306 ;
; SW[3]      ; HEX0[5]     ; 12.057 ; 12.258 ; 12.314 ; 12.515 ;
; SW[3]      ; HEX0[6]     ; 12.014 ; 11.832 ; 12.257 ; 12.075 ;
; SW[3]      ; HEX1[0]     ; 10.625 ; 11.040 ; 10.825 ; 11.230 ;
; SW[3]      ; HEX1[2]     ; 10.651 ; 10.713 ; 10.830 ; 10.892 ;
; SW[3]      ; HEX1[3]     ; 10.511 ; 10.865 ; 10.711 ; 11.055 ;
; SW[3]      ; HEX1[4]     ; 10.670 ; 11.128 ; 10.870 ; 11.318 ;
; SW[3]      ; HEX1[5]     ; 10.349 ; 10.768 ; 10.528 ; 10.947 ;
; SW[3]      ; HEX1[6]     ; 11.176 ; 11.298 ; 11.355 ; 11.477 ;
; SW[3]      ; LEDR[0]     ; 12.904 ; 13.885 ; 13.161 ; 14.128 ;
; SW[3]      ; LEDR[3]     ; 11.842 ; 12.623 ; 12.093 ; 12.880 ;
; SW[3]      ; LEDR[4]     ; 13.306 ; 14.475 ; 13.506 ; 14.665 ;
; SW[3]      ; LEDR[5]     ; 13.025 ; 12.616 ; 13.204 ; 12.795 ;
; SW[4]      ; HEX0[0]     ; 11.556 ; 11.821 ; 11.955 ; 12.220 ;
; SW[4]      ; HEX0[1]     ; 11.505 ; 11.750 ; 11.904 ; 12.149 ;
; SW[4]      ; HEX0[2]     ; 11.450 ; 11.213 ; 11.849 ; 11.916 ;
; SW[4]      ; HEX0[3]     ; 11.996 ; 12.201 ; 12.395 ; 12.600 ;
; SW[4]      ; HEX0[4]     ; 11.603 ; 12.157 ; 12.306 ; 12.556 ;
; SW[4]      ; HEX0[5]     ; 11.015 ; 11.666 ; 11.718 ; 12.065 ;
; SW[4]      ; HEX0[6]     ; 12.108 ; 11.926 ; 12.507 ; 12.325 ;
; SW[4]      ; HEX1[0]     ; 11.049 ; 11.382 ; 11.420 ; 11.821 ;
; SW[4]      ; HEX1[2]     ; 11.203 ; 11.265 ; 11.546 ; 11.608 ;
; SW[4]      ; HEX1[3]     ; 10.935 ; 11.207 ; 11.306 ; 11.634 ;
; SW[4]      ; HEX1[4]     ; 11.061 ; 11.470 ; 11.465 ; 11.896 ;
; SW[4]      ; HEX1[5]     ; 10.901 ; 11.320 ; 11.244 ; 11.663 ;
; SW[4]      ; HEX1[6]     ; 11.728 ; 11.850 ; 12.071 ; 12.193 ;
; SW[4]      ; LEDR[0]     ; 12.838 ; 13.979 ; 13.541 ; 14.378 ;
; SW[4]      ; LEDR[4]     ; 13.697 ; 14.882 ; 14.101 ; 15.323 ;
; SW[4]      ; LEDR[5]     ; 13.577 ; 13.168 ; 13.920 ; 13.511 ;
; SW[5]      ; HEX0[0]     ; 12.838 ; 13.156 ; 13.179 ; 13.503 ;
; SW[5]      ; HEX0[1]     ; 12.807 ; 13.095 ; 13.142 ; 13.442 ;
; SW[5]      ; HEX0[2]     ; 12.702 ; 12.944 ; 13.028 ; 13.291 ;
; SW[5]      ; HEX0[3]     ; 12.230 ; 12.595 ; 12.592 ; 12.968 ;
; SW[5]      ; HEX0[4]     ; 12.399 ; 12.593 ; 12.772 ; 12.966 ;
; SW[5]      ; HEX0[5]     ; 12.763 ; 12.994 ; 13.087 ; 13.341 ;
; SW[5]      ; HEX0[6]     ; 12.524 ; 12.323 ; 12.897 ; 12.696 ;
; SW[5]      ; HEX1[0]     ; 11.349 ; 11.789 ; 11.692 ; 12.144 ;
; SW[5]      ; HEX1[2]     ; 11.375 ; 11.437 ; 11.691 ; 11.748 ;
; SW[5]      ; HEX1[3]     ; 11.235 ; 11.602 ; 11.567 ; 11.957 ;
; SW[5]      ; HEX1[4]     ; 11.394 ; 11.864 ; 11.751 ; 12.219 ;
; SW[5]      ; HEX1[5]     ; 11.073 ; 11.492 ; 11.384 ; 11.812 ;
; SW[5]      ; HEX1[6]     ; 11.900 ; 12.022 ; 12.211 ; 12.333 ;
; SW[5]      ; LEDR[0]     ; 12.806 ; 13.880 ; 13.194 ; 14.273 ;
; SW[5]      ; LEDR[1]     ; 12.397 ; 13.336 ; 12.714 ; 13.683 ;
; SW[5]      ; LEDR[2]     ; 11.987 ; 12.469 ; 12.313 ; 12.842 ;
; SW[5]      ; LEDR[3]     ; 12.522 ; 13.329 ; 12.836 ; 13.643 ;
; SW[5]      ; LEDR[4]     ; 14.030 ; 15.291 ; 14.399 ; 15.646 ;
; SW[5]      ; LEDR[5]     ; 13.749 ; 13.340 ; 14.060 ; 13.651 ;
; SW[6]      ; HEX0[0]     ; 12.583 ; 12.857 ; 12.968 ; 13.275 ;
; SW[6]      ; HEX0[1]     ; 12.552 ; 12.806 ; 12.937 ; 13.214 ;
; SW[6]      ; HEX0[2]     ; 12.447 ; 12.669 ; 12.832 ; 13.063 ;
; SW[6]      ; HEX0[3]     ; 11.975 ; 12.297 ; 12.384 ; 12.740 ;
; SW[6]      ; HEX0[4]     ; 12.128 ; 12.291 ; 12.544 ; 12.738 ;
; SW[6]      ; HEX0[5]     ; 12.508 ; 12.709 ; 12.893 ; 13.113 ;
; SW[6]      ; HEX0[6]     ; 12.231 ; 12.057 ; 12.669 ; 12.468 ;
; SW[6]      ; HEX1[0]     ; 11.094 ; 11.509 ; 11.497 ; 11.916 ;
; SW[6]      ; HEX1[2]     ; 11.120 ; 11.182 ; 11.502 ; 11.564 ;
; SW[6]      ; HEX1[3]     ; 10.980 ; 11.334 ; 11.383 ; 11.729 ;
; SW[6]      ; HEX1[4]     ; 11.139 ; 11.597 ; 11.542 ; 11.991 ;
; SW[6]      ; HEX1[5]     ; 10.818 ; 11.237 ; 11.200 ; 11.619 ;
; SW[6]      ; HEX1[6]     ; 11.645 ; 11.767 ; 12.027 ; 12.149 ;
; SW[6]      ; LEDR[0]     ; 12.482 ;        ;        ; 13.874 ;
; SW[6]      ; LEDR[1]     ; 11.911 ; 12.938 ; 12.315 ; 13.367 ;
; SW[6]      ; LEDR[2]     ; 11.732 ; 12.186 ; 12.129 ; 12.614 ;
; SW[6]      ; LEDR[3]     ; 12.267 ; 13.074 ; 12.652 ; 13.459 ;
; SW[6]      ; LEDR[4]     ; 13.775 ; 14.989 ; 14.178 ; 15.418 ;
; SW[6]      ; LEDR[5]     ; 13.494 ; 13.085 ; 13.876 ; 13.467 ;
; SW[7]      ; HEX0[0]     ; 11.958 ; 12.232 ; 12.235 ; 12.509 ;
; SW[7]      ; HEX0[1]     ; 11.927 ; 12.181 ; 12.204 ; 12.458 ;
; SW[7]      ; HEX0[2]     ; 11.822 ; 12.044 ; 12.099 ; 12.321 ;
; SW[7]      ; HEX0[3]     ; 11.241 ; 11.444 ; 11.518 ; 11.840 ;
; SW[7]      ; HEX0[4]     ; 11.249 ; 11.400 ; 11.671 ; 11.822 ;
; SW[7]      ; HEX0[5]     ; 11.883 ; 12.084 ; 12.160 ; 12.361 ;
; SW[7]      ; HEX0[6]     ; 11.352 ; 11.178 ; 11.774 ; 11.600 ;
; SW[7]      ; HEX1[0]     ; 10.469 ; 10.884 ; 10.764 ; 11.169 ;
; SW[7]      ; HEX1[2]     ; 10.495 ; 10.557 ; 10.769 ; 10.831 ;
; SW[7]      ; HEX1[3]     ; 10.355 ; 10.709 ; 10.650 ; 10.994 ;
; SW[7]      ; HEX1[4]     ; 10.514 ; 10.972 ; 10.809 ; 11.257 ;
; SW[7]      ; HEX1[5]     ; 10.193 ; 10.612 ; 10.467 ; 10.886 ;
; SW[7]      ; HEX1[6]     ; 11.020 ; 11.142 ; 11.294 ; 11.416 ;
; SW[7]      ; LEDR[0]     ; 11.825 ;        ;        ; 13.014 ;
; SW[7]      ; LEDR[2]     ; 10.959 ; 11.307 ; 11.278 ; 11.729 ;
; SW[7]      ; LEDR[3]     ; 11.642 ; 12.449 ; 11.919 ; 12.726 ;
; SW[7]      ; LEDR[4]     ; 13.150 ; 14.319 ; 13.445 ; 14.604 ;
; SW[7]      ; LEDR[5]     ; 12.869 ; 12.460 ; 13.143 ; 12.734 ;
; SW[8]      ; HEX0[0]     ; 13.029 ; 13.353 ; 13.558 ; 13.882 ;
; SW[8]      ; HEX0[1]     ; 12.992 ; 13.292 ; 13.521 ; 13.821 ;
; SW[8]      ; HEX0[2]     ; 12.878 ; 13.141 ; 13.407 ; 13.670 ;
; SW[8]      ; HEX0[3]     ; 12.284 ; 12.487 ; 12.778 ; 13.006 ;
; SW[8]      ; HEX0[4]     ; 12.274 ; 12.140 ; 12.768 ; 12.633 ;
; SW[8]      ; HEX0[5]     ; 12.937 ; 13.191 ; 13.466 ; 13.720 ;
; SW[8]      ; HEX0[6]     ; 12.391 ; 12.211 ; 12.906 ; 12.705 ;
; SW[8]      ; HEX1[0]     ; 11.436 ; 11.867 ; 11.886 ; 12.337 ;
; SW[8]      ; HEX1[2]     ; 11.462 ; 11.524 ; 11.891 ; 11.953 ;
; SW[8]      ; HEX1[3]     ; 11.322 ; 11.680 ; 11.772 ; 12.150 ;
; SW[8]      ; HEX1[4]     ; 11.481 ; 11.942 ; 11.944 ; 12.412 ;
; SW[8]      ; HEX1[5]     ; 11.160 ; 11.579 ; 11.589 ; 12.008 ;
; SW[8]      ; HEX1[6]     ; 11.987 ; 12.109 ; 12.416 ; 12.538 ;
; SW[8]      ; LEDR[0]     ; 13.026 ; 13.861 ; 13.417 ; 14.424 ;
; SW[8]      ; LEDR[3]     ; 12.726 ; 13.492 ; 13.219 ; 13.993 ;
; SW[8]      ; LEDR[4]     ; 14.117 ; 15.369 ; 14.592 ; 15.839 ;
; SW[8]      ; LEDR[5]     ; 13.836 ; 13.427 ; 14.265 ; 13.856 ;
; SW[9]      ; HEX0[0]     ; 12.030 ; 12.295 ; 12.686 ; 12.957 ;
; SW[9]      ; HEX0[1]     ; 11.979 ; 12.224 ; 12.635 ; 12.880 ;
; SW[9]      ; HEX0[2]     ; 11.924 ; 12.002 ; 12.580 ; 12.378 ;
; SW[9]      ; HEX0[3]     ; 12.470 ; 12.675 ; 13.126 ; 13.331 ;
; SW[9]      ; HEX0[4]     ; 12.392 ; 12.631 ; 12.768 ; 13.303 ;
; SW[9]      ; HEX0[5]     ; 11.804 ; 12.140 ; 12.180 ; 12.796 ;
; SW[9]      ; HEX0[6]     ; 12.582 ; 12.400 ; 13.238 ; 13.056 ;
; SW[9]      ; HEX1[0]     ; 11.058 ; 11.296 ; 11.542 ; 11.827 ;
; SW[9]      ; HEX1[2]     ; 11.212 ; 11.274 ; 11.696 ; 11.758 ;
; SW[9]      ; HEX1[3]     ; 10.944 ; 11.121 ; 11.428 ; 11.652 ;
; SW[9]      ; HEX1[4]     ; 10.814 ; 11.384 ; 11.305 ; 11.915 ;
; SW[9]      ; HEX1[5]     ; 10.910 ; 11.329 ; 11.394 ; 11.813 ;
; SW[9]      ; HEX1[6]     ; 11.737 ; 11.859 ; 12.221 ; 12.343 ;
; SW[9]      ; LEDR[0]     ; 13.627 ; 14.453 ; 14.003 ; 15.132 ;
; SW[9]      ; LEDR[4]     ; 13.450 ; 14.749 ; 13.941 ; 15.324 ;
; SW[9]      ; LEDR[5]     ; 13.586 ; 13.177 ; 14.070 ; 13.661 ;
+------------+-------------+--------+--------+--------+--------+


+----------------------------------------------------------+
; Minimum Propagation Delay                                ;
+------------+-------------+-------+-------+-------+-------+
; Input Port ; Output Port ; RR    ; RF    ; FR    ; FF    ;
+------------+-------------+-------+-------+-------+-------+
; KEY[0]     ; HEX0[0]     ; 4.556 ; 4.763 ; 5.250 ; 5.420 ;
; KEY[0]     ; HEX0[1]     ; 4.536 ; 4.740 ; 5.229 ; 5.396 ;
; KEY[0]     ; HEX0[2]     ; 4.639 ; 4.637 ; 5.134 ; 5.610 ;
; KEY[0]     ; HEX0[3]     ; 4.610 ; 4.814 ; 5.243 ; 5.447 ;
; KEY[0]     ; HEX0[4]     ; 4.712 ; 4.818 ; 5.445 ; 5.451 ;
; KEY[0]     ; HEX0[5]     ; 4.495 ; 4.882 ; 5.316 ; 5.338 ;
; KEY[0]     ; HEX0[6]     ; 4.780 ; 4.578 ; 5.413 ; 5.211 ;
; KEY[0]     ; HEX1[0]     ; 4.186 ; 4.401 ; 4.873 ; 5.052 ;
; KEY[0]     ; HEX1[2]     ; 4.367 ; 4.792 ; 5.758 ; 4.853 ;
; KEY[0]     ; HEX1[3]     ; 4.105 ; 4.289 ; 4.792 ; 4.940 ;
; KEY[0]     ; HEX1[4]     ; 4.251 ; 5.196 ; 5.453 ; 5.094 ;
; KEY[0]     ; HEX1[5]     ; 4.054 ; 4.990 ; 5.307 ; 4.870 ;
; KEY[0]     ; HEX1[6]     ;       ; 4.837 ; 5.184 ;       ;
; KEY[0]     ; LEDR[0]     ; 5.553 ; 6.565 ; 6.531 ; 6.674 ;
; KEY[0]     ; LEDR[1]     ; 5.192 ; 5.684 ; 5.825 ; 6.311 ;
; KEY[0]     ; LEDR[2]     ; 4.908 ; 5.289 ; 5.534 ; 5.913 ;
; KEY[0]     ; LEDR[3]     ; 5.107 ; 5.620 ; 5.734 ; 6.245 ;
; KEY[0]     ; LEDR[4]     ; 5.676 ; 7.092 ; 6.878 ; 6.990 ;
; KEY[0]     ; LEDR[5]     ; 5.694 ;       ;       ; 5.870 ;
; KEY[0]     ; LEDR[6]     ;       ; 3.196 ; 3.783 ;       ;
; KEY[1]     ; HEX0[0]     ; 4.637 ; 4.807 ; 5.278 ; 5.485 ;
; KEY[1]     ; HEX0[1]     ; 4.616 ; 4.783 ; 5.258 ; 5.462 ;
; KEY[1]     ; HEX0[2]     ; 4.521 ; 4.848 ; 5.194 ; 5.359 ;
; KEY[1]     ; HEX0[3]     ; 4.588 ; 4.745 ; 5.160 ; 5.317 ;
; KEY[1]     ; HEX0[4]     ; 4.701 ; 4.741 ; 5.273 ; 5.313 ;
; KEY[1]     ; HEX0[5]     ; 4.665 ; 4.725 ; 5.217 ; 5.437 ;
; KEY[1]     ; HEX0[6]     ; 4.711 ; 4.556 ; 5.283 ; 5.128 ;
; KEY[1]     ; HEX1[0]     ; 4.370 ; 4.549 ; 5.018 ; 5.233 ;
; KEY[1]     ; HEX1[2]     ; 4.978 ; 4.350 ; 5.199 ; 5.211 ;
; KEY[1]     ; HEX1[3]     ; 4.289 ; 4.437 ; 4.937 ; 5.121 ;
; KEY[1]     ; HEX1[4]     ; 4.670 ; 4.591 ; 5.083 ; 5.611 ;
; KEY[1]     ; HEX1[5]     ; 4.524 ; 4.367 ; 4.886 ; 5.405 ;
; KEY[1]     ; HEX1[6]     ; 4.681 ;       ;       ; 5.669 ;
; KEY[1]     ; LEDR[0]     ; 5.748 ; 6.061 ; 6.275 ; 6.980 ;
; KEY[1]     ; LEDR[1]     ; 5.174 ; 5.675 ; 5.747 ; 6.246 ;
; KEY[1]     ; LEDR[2]     ; 4.747 ; 5.128 ; 5.319 ; 5.698 ;
; KEY[1]     ; LEDR[3]     ; 4.947 ; 5.460 ; 5.519 ; 6.030 ;
; KEY[1]     ; LEDR[4]     ; 6.095 ; 6.487 ; 6.508 ; 7.507 ;
; KEY[1]     ; LEDR[5]     ;       ; 5.367 ; 6.526 ;       ;
; KEY[1]     ; LEDR[7]     ;       ; 3.189 ; 3.743 ;       ;
; KEY[2]     ; HEX0[0]     ; 4.346 ; 4.553 ; 4.931 ; 5.101 ;
; KEY[2]     ; HEX0[1]     ; 4.326 ; 4.530 ; 4.910 ; 5.077 ;
; KEY[2]     ; HEX0[2]     ; 4.611 ; 4.427 ; 4.815 ; 5.409 ;
; KEY[2]     ; HEX0[3]     ; 4.482 ; 4.646 ; 5.043 ; 5.204 ;
; KEY[2]     ; HEX0[4]     ; 4.502 ; 4.762 ; 5.253 ; 5.208 ;
; KEY[2]     ; HEX0[5]     ; 4.285 ; 4.841 ; 5.263 ; 5.019 ;
; KEY[2]     ; HEX0[6]     ; 4.615 ; 4.453 ; 5.174 ; 5.015 ;
; KEY[2]     ; HEX1[0]     ; 4.062 ; 4.277 ; 4.637 ; 4.816 ;
; KEY[2]     ; HEX1[2]     ; 4.243 ; 4.668 ; 5.607 ; 4.617 ;
; KEY[2]     ; HEX1[3]     ; 3.981 ; 4.165 ; 4.556 ; 4.704 ;
; KEY[2]     ; HEX1[4]     ; 4.127 ; 5.092 ; 5.325 ; 4.858 ;
; KEY[2]     ; HEX1[5]     ; 3.930 ; 4.886 ; 5.179 ; 4.634 ;
; KEY[2]     ; HEX1[6]     ;       ; 4.713 ; 4.948 ;       ;
; KEY[2]     ; LEDR[0]     ; 5.343 ; 6.461 ; 6.402 ; 6.355 ;
; KEY[2]     ; LEDR[1]     ; 5.202 ; 5.726 ; 5.826 ; 6.302 ;
; KEY[2]     ; LEDR[2]     ; 4.693 ; 5.065 ; 5.299 ; 5.665 ;
; KEY[2]     ; LEDR[3]     ; 4.968 ; 5.504 ; 5.589 ; 6.077 ;
; KEY[2]     ; LEDR[4]     ; 5.552 ; 6.988 ; 6.750 ; 6.754 ;
; KEY[2]     ; LEDR[5]     ; 5.570 ;       ;       ; 5.634 ;
; KEY[2]     ; LEDR[8]     ;       ; 3.400 ; 4.009 ;       ;
; KEY[3]     ; HEX0[0]     ; 4.362 ; 4.569 ; 5.028 ; 5.198 ;
; KEY[3]     ; HEX0[1]     ; 4.342 ; 4.546 ; 5.007 ; 5.174 ;
; KEY[3]     ; HEX0[2]     ; 4.622 ; 4.443 ; 4.912 ; 5.459 ;
; KEY[3]     ; HEX0[3]     ; 4.498 ; 4.662 ; 5.140 ; 5.301 ;
; KEY[3]     ; HEX0[4]     ; 4.518 ; 4.736 ; 5.303 ; 5.305 ;
; KEY[3]     ; HEX0[5]     ; 4.301 ; 4.865 ; 5.267 ; 5.116 ;
; KEY[3]     ; HEX0[6]     ; 4.631 ; 4.469 ; 5.271 ; 5.112 ;
; KEY[3]     ; HEX1[0]     ; 4.098 ; 4.313 ; 4.767 ; 4.946 ;
; KEY[3]     ; HEX1[2]     ; 4.279 ; 4.638 ; 5.575 ; 4.747 ;
; KEY[3]     ; HEX1[3]     ; 4.017 ; 4.201 ; 4.686 ; 4.834 ;
; KEY[3]     ; HEX1[4]     ; 4.163 ; 5.047 ; 5.288 ; 4.988 ;
; KEY[3]     ; HEX1[5]     ; 3.966 ; 4.841 ; 5.142 ; 4.764 ;
; KEY[3]     ; HEX1[6]     ;       ; 4.749 ; 5.078 ;       ;
; KEY[3]     ; LEDR[0]     ; 5.359 ; 6.416 ; 6.366 ; 6.452 ;
; KEY[3]     ; LEDR[1]     ; 5.175 ; 5.700 ; 5.776 ; 6.279 ;
; KEY[3]     ; LEDR[2]     ; 4.748 ; 5.153 ; 5.349 ; 5.732 ;
; KEY[3]     ; LEDR[3]     ; 4.942 ; 5.479 ; 5.542 ; 6.057 ;
; KEY[3]     ; LEDR[4]     ; 5.588 ; 6.943 ; 6.713 ; 6.884 ;
; KEY[3]     ; LEDR[5]     ; 5.606 ;       ;       ; 5.764 ;
; KEY[3]     ; LEDR[9]     ;       ; 3.291 ; 3.890 ;       ;
; SW[0]      ; HEX0[0]     ; 4.756 ; 4.941 ; 5.405 ; 5.590 ;
; SW[0]      ; HEX0[1]     ; 4.733 ; 4.915 ; 5.382 ; 5.564 ;
; SW[0]      ; HEX0[2]     ; 4.885 ; 4.830 ; 5.510 ; 5.479 ;
; SW[0]      ; HEX0[3]     ; 4.869 ; 5.033 ; 5.518 ; 5.682 ;
; SW[0]      ; HEX0[4]     ; 4.889 ; 5.209 ; 5.538 ; 5.755 ;
; SW[0]      ; HEX0[5]     ; 4.693 ; 5.084 ; 5.342 ; 5.714 ;
; SW[0]      ; HEX0[6]     ; 5.002 ; 4.840 ; 5.651 ; 5.489 ;
; SW[0]      ; HEX1[0]     ; 4.794 ; 4.965 ; 5.348 ; 5.507 ;
; SW[0]      ; HEX1[2]     ; 4.939 ; 4.626 ; 5.495 ; 5.180 ;
; SW[0]      ; HEX1[3]     ; 4.713 ; 4.853 ; 5.267 ; 5.395 ;
; SW[0]      ; HEX1[4]     ; 4.798 ; 5.139 ; 5.352 ; 5.695 ;
; SW[0]      ; HEX1[5]     ; 4.517 ; 4.804 ; 5.071 ; 5.360 ;
; SW[0]      ; HEX1[6]     ; 5.331 ; 5.408 ; 5.873 ; 5.950 ;
; SW[0]      ; LEDR[0]     ; 5.730 ; 6.400 ; 6.379 ; 7.043 ;
; SW[0]      ; LEDR[1]     ; 5.583 ; 6.076 ; 6.129 ; 6.622 ;
; SW[0]      ; LEDR[2]     ; 5.155 ; 5.527 ; 5.702 ; 6.072 ;
; SW[0]      ; LEDR[3]     ; 5.482 ; 6.019 ; 6.026 ; 6.563 ;
; SW[0]      ; LEDR[4]     ; 6.223 ; 7.035 ; 6.777 ; 7.591 ;
; SW[0]      ; LEDR[5]     ; 6.265 ; 6.017 ; 6.807 ; 6.559 ;
; SW[1]      ; HEX0[0]     ; 4.489 ; 4.709 ; 5.054 ; 5.274 ;
; SW[1]      ; HEX0[1]     ; 4.469 ; 4.686 ; 5.034 ; 5.251 ;
; SW[1]      ; HEX0[2]     ; 4.384 ; 4.777 ; 4.949 ; 5.305 ;
; SW[1]      ; HEX0[3]     ; 4.355 ; 4.559 ; 4.920 ; 5.124 ;
; SW[1]      ; HEX0[4]     ; 4.612 ; 4.563 ; 5.140 ; 5.128 ;
; SW[1]      ; HEX0[5]     ; 4.428 ; 4.627 ; 4.993 ; 5.192 ;
; SW[1]      ; HEX0[6]     ; 4.525 ; 4.323 ; 5.090 ; 4.888 ;
; SW[1]      ; HEX1[0]     ; 4.668 ; 4.839 ; 5.221 ; 5.380 ;
; SW[1]      ; HEX1[2]     ; 4.813 ; 4.500 ; 5.368 ; 5.053 ;
; SW[1]      ; HEX1[3]     ; 4.587 ; 4.727 ; 5.140 ; 5.268 ;
; SW[1]      ; HEX1[4]     ; 4.672 ; 5.013 ; 5.225 ; 5.568 ;
; SW[1]      ; HEX1[5]     ; 4.391 ; 4.678 ; 4.944 ; 5.233 ;
; SW[1]      ; HEX1[6]     ; 5.205 ; 5.282 ; 5.746 ; 5.823 ;
; SW[1]      ; LEDR[0]     ;       ; 6.370 ; 6.277 ;       ;
; SW[1]      ; LEDR[1]     ; 4.937 ; 5.478 ; 5.502 ; 6.006 ;
; SW[1]      ; LEDR[2]     ; 5.029 ; 5.401 ; 5.575 ; 5.945 ;
; SW[1]      ; LEDR[3]     ; 5.356 ; 5.893 ; 5.899 ; 6.436 ;
; SW[1]      ; LEDR[4]     ; 6.097 ; 6.909 ; 6.650 ; 7.464 ;
; SW[1]      ; LEDR[5]     ; 6.139 ; 5.891 ; 6.680 ; 6.432 ;
; SW[2]      ; HEX0[0]     ; 4.856 ; 5.061 ; 5.458 ; 5.663 ;
; SW[2]      ; HEX0[1]     ; 4.834 ; 5.246 ; 5.436 ; 5.701 ;
; SW[2]      ; HEX0[2]     ; 4.748 ; 4.940 ; 5.350 ; 5.542 ;
; SW[2]      ; HEX0[3]     ; 4.744 ; 4.889 ; 5.346 ; 5.491 ;
; SW[2]      ; HEX0[4]     ; 4.784 ; 4.931 ; 5.386 ; 5.533 ;
; SW[2]      ; HEX0[5]     ; 4.794 ; 4.978 ; 5.396 ; 5.580 ;
; SW[2]      ; HEX0[6]     ; 4.897 ; 4.735 ; 5.499 ; 5.337 ;
; SW[2]      ; HEX1[0]     ; 4.931 ; 5.102 ; 5.526 ; 5.685 ;
; SW[2]      ; HEX1[2]     ; 5.076 ; 4.763 ; 5.673 ; 5.358 ;
; SW[2]      ; HEX1[3]     ; 4.850 ; 4.990 ; 5.445 ; 5.573 ;
; SW[2]      ; HEX1[4]     ; 4.935 ; 5.276 ; 5.530 ; 5.873 ;
; SW[2]      ; HEX1[5]     ; 4.654 ; 4.941 ; 5.249 ; 5.538 ;
; SW[2]      ; HEX1[6]     ; 5.468 ; 5.545 ; 6.051 ; 6.128 ;
; SW[2]      ; LEDR[0]     ;       ; 6.559 ; 6.504 ;       ;
; SW[2]      ; LEDR[2]     ; 4.830 ; 5.251 ; 5.432 ; 5.816 ;
; SW[2]      ; LEDR[3]     ; 5.619 ; 6.156 ; 6.204 ; 6.741 ;
; SW[2]      ; LEDR[4]     ; 6.360 ; 7.172 ; 6.955 ; 7.769 ;
; SW[2]      ; LEDR[5]     ; 6.402 ; 6.154 ; 6.985 ; 6.737 ;
; SW[3]      ; HEX0[0]     ; 4.613 ; 4.808 ; 5.163 ; 5.358 ;
; SW[3]      ; HEX0[1]     ; 4.592 ; 4.784 ; 5.142 ; 5.334 ;
; SW[3]      ; HEX0[2]     ; 4.512 ; 4.694 ; 5.062 ; 5.244 ;
; SW[3]      ; HEX0[3]     ; 4.332 ; 4.489 ; 4.882 ; 5.039 ;
; SW[3]      ; HEX0[4]     ; 4.568 ; 4.485 ; 5.081 ; 5.035 ;
; SW[3]      ; HEX0[5]     ; 4.551 ; 4.725 ; 5.101 ; 5.275 ;
; SW[3]      ; HEX0[6]     ; 4.455 ; 4.300 ; 5.005 ; 4.850 ;
; SW[3]      ; HEX1[0]     ; 4.585 ; 4.756 ; 5.115 ; 5.274 ;
; SW[3]      ; HEX1[2]     ; 4.730 ; 4.417 ; 5.262 ; 4.947 ;
; SW[3]      ; HEX1[3]     ; 4.504 ; 4.644 ; 5.034 ; 5.162 ;
; SW[3]      ; HEX1[4]     ; 4.589 ; 4.930 ; 5.119 ; 5.462 ;
; SW[3]      ; HEX1[5]     ; 4.308 ; 4.595 ; 4.838 ; 5.127 ;
; SW[3]      ; HEX1[6]     ; 5.122 ; 5.199 ; 5.640 ; 5.717 ;
; SW[3]      ; LEDR[0]     ; 5.843 ; 6.468 ; 6.377 ; 7.015 ;
; SW[3]      ; LEDR[3]     ; 4.691 ; 5.244 ; 5.241 ; 5.757 ;
; SW[3]      ; LEDR[4]     ; 6.014 ; 6.826 ; 6.544 ; 7.358 ;
; SW[3]      ; LEDR[5]     ; 6.056 ; 5.808 ; 6.574 ; 6.326 ;
; SW[4]      ; HEX0[0]     ; 5.059 ; 5.254 ; 5.670 ; 5.865 ;
; SW[4]      ; HEX0[1]     ; 5.021 ; 5.213 ; 5.632 ; 5.824 ;
; SW[4]      ; HEX0[2]     ; 5.202 ; 5.161 ; 5.778 ; 5.772 ;
; SW[4]      ; HEX0[3]     ; 5.155 ; 5.319 ; 5.766 ; 5.930 ;
; SW[4]      ; HEX0[4]     ; 5.175 ; 5.542 ; 5.786 ; 6.118 ;
; SW[4]      ; HEX0[5]     ; 4.992 ; 5.386 ; 5.603 ; 5.962 ;
; SW[4]      ; HEX0[6]     ; 5.288 ; 5.126 ; 5.899 ; 5.737 ;
; SW[4]      ; HEX1[0]     ; 4.662 ; 5.041 ; 5.235 ; 5.597 ;
; SW[4]      ; HEX1[2]     ; 4.883 ; 4.576 ; 5.466 ; 5.161 ;
; SW[4]      ; HEX1[3]     ; 4.581 ; 4.929 ; 5.154 ; 5.485 ;
; SW[4]      ; HEX1[4]     ; 4.666 ; 5.058 ; 5.239 ; 5.610 ;
; SW[4]      ; HEX1[5]     ; 4.467 ; 4.748 ; 5.052 ; 5.331 ;
; SW[4]      ; HEX1[6]     ; 5.407 ; 5.484 ; 5.998 ; 6.075 ;
; SW[4]      ; LEDR[0]     ; 6.016 ; 6.689 ; 6.627 ; 7.265 ;
; SW[4]      ; LEDR[4]     ; 6.091 ; 6.954 ; 6.664 ; 7.506 ;
; SW[4]      ; LEDR[5]     ; 6.341 ; 6.093 ; 6.932 ; 6.684 ;
; SW[5]      ; HEX0[0]     ; 4.679 ; 4.864 ; 5.405 ; 5.612 ;
; SW[5]      ; HEX0[1]     ; 4.656 ; 4.838 ; 5.385 ; 5.589 ;
; SW[5]      ; HEX0[2]     ; 4.901 ; 4.753 ; 5.366 ; 5.486 ;
; SW[5]      ; HEX0[3]     ; 4.792 ; 4.956 ; 5.541 ; 5.705 ;
; SW[5]      ; HEX0[4]     ; 4.812 ; 5.242 ; 5.561 ; 5.734 ;
; SW[5]      ; HEX0[5]     ; 4.616 ; 5.105 ; 5.344 ; 5.565 ;
; SW[5]      ; HEX0[6]     ; 4.925 ; 4.763 ; 5.674 ; 5.512 ;
; SW[5]      ; HEX1[0]     ; 4.827 ; 4.998 ; 5.406 ; 5.565 ;
; SW[5]      ; HEX1[2]     ; 4.972 ; 4.659 ; 5.553 ; 5.238 ;
; SW[5]      ; HEX1[3]     ; 4.746 ; 4.886 ; 5.325 ; 5.453 ;
; SW[5]      ; HEX1[4]     ; 4.831 ; 5.172 ; 5.410 ; 5.753 ;
; SW[5]      ; HEX1[5]     ; 4.550 ; 4.837 ; 5.129 ; 5.418 ;
; SW[5]      ; HEX1[6]     ; 5.364 ; 5.441 ; 5.931 ; 6.008 ;
; SW[5]      ; LEDR[0]     ; 5.653 ; 6.441 ; 6.402 ; 6.881 ;
; SW[5]      ; LEDR[1]     ; 5.616 ; 6.109 ; 6.187 ; 6.680 ;
; SW[5]      ; LEDR[2]     ; 5.188 ; 5.560 ; 5.760 ; 6.130 ;
; SW[5]      ; LEDR[3]     ; 5.515 ; 6.052 ; 6.084 ; 6.621 ;
; SW[5]      ; LEDR[4]     ; 6.256 ; 7.068 ; 6.835 ; 7.649 ;
; SW[5]      ; LEDR[5]     ; 6.298 ; 6.050 ; 6.865 ; 6.617 ;
; SW[6]      ; HEX0[0]     ; 4.773 ; 4.993 ; 5.524 ; 5.717 ;
; SW[6]      ; HEX0[1]     ; 4.753 ; 4.970 ; 5.505 ; 5.695 ;
; SW[6]      ; HEX0[2]     ; 4.668 ; 5.009 ; 5.434 ; 5.596 ;
; SW[6]      ; HEX0[3]     ; 4.639 ; 4.843 ; 5.405 ; 5.584 ;
; SW[6]      ; HEX0[4]     ; 5.023 ; 4.847 ; 5.431 ; 5.613 ;
; SW[6]      ; HEX0[5]     ; 4.712 ; 4.911 ; 5.463 ; 5.635 ;
; SW[6]      ; HEX0[6]     ; 4.809 ; 4.607 ; 5.550 ; 5.373 ;
; SW[6]      ; HEX1[0]     ; 4.843 ; 5.014 ; 5.426 ; 5.585 ;
; SW[6]      ; HEX1[2]     ; 4.988 ; 4.675 ; 5.573 ; 5.258 ;
; SW[6]      ; HEX1[3]     ; 4.762 ; 4.902 ; 5.345 ; 5.473 ;
; SW[6]      ; HEX1[4]     ; 4.847 ; 5.188 ; 5.430 ; 5.773 ;
; SW[6]      ; HEX1[5]     ; 4.566 ; 4.853 ; 5.149 ; 5.438 ;
; SW[6]      ; HEX1[6]     ; 5.380 ; 5.457 ; 5.951 ; 6.028 ;
; SW[6]      ; LEDR[0]     ; 5.864 ;       ;       ; 7.087 ;
; SW[6]      ; LEDR[1]     ; 5.221 ; 5.920 ; 5.987 ; 6.297 ;
; SW[6]      ; LEDR[2]     ; 5.204 ; 5.576 ; 5.780 ; 6.150 ;
; SW[6]      ; LEDR[3]     ; 5.531 ; 6.068 ; 6.104 ; 6.641 ;
; SW[6]      ; LEDR[4]     ; 6.272 ; 7.084 ; 6.855 ; 7.669 ;
; SW[6]      ; LEDR[5]     ; 6.314 ; 6.066 ; 6.885 ; 6.637 ;
; SW[7]      ; HEX0[0]     ; 4.590 ; 4.795 ; 5.299 ; 5.487 ;
; SW[7]      ; HEX0[1]     ; 4.566 ; 4.758 ; 5.260 ; 5.449 ;
; SW[7]      ; HEX0[2]     ; 4.482 ; 4.674 ; 5.212 ; 5.362 ;
; SW[7]      ; HEX0[3]     ; 4.478 ; 4.623 ; 5.176 ; 5.342 ;
; SW[7]      ; HEX0[4]     ; 4.518 ; 4.665 ; 5.222 ; 5.367 ;
; SW[7]      ; HEX0[5]     ; 4.528 ; 4.712 ; 5.262 ; 5.403 ;
; SW[7]      ; HEX0[6]     ; 4.631 ; 4.469 ; 5.333 ; 5.174 ;
; SW[7]      ; HEX1[0]     ; 4.616 ; 4.787 ; 5.135 ; 5.294 ;
; SW[7]      ; HEX1[2]     ; 4.761 ; 4.448 ; 5.282 ; 4.967 ;
; SW[7]      ; HEX1[3]     ; 4.535 ; 4.675 ; 5.054 ; 5.182 ;
; SW[7]      ; HEX1[4]     ; 4.620 ; 4.961 ; 5.139 ; 5.482 ;
; SW[7]      ; HEX1[5]     ; 4.339 ; 4.626 ; 4.858 ; 5.147 ;
; SW[7]      ; HEX1[6]     ; 5.153 ; 5.230 ; 5.660 ; 5.737 ;
; SW[7]      ; LEDR[0]     ; 5.561 ;       ;       ; 6.706 ;
; SW[7]      ; LEDR[2]     ; 4.564 ; 5.206 ; 5.348 ; 5.468 ;
; SW[7]      ; LEDR[3]     ; 5.304 ; 5.841 ; 5.813 ; 6.350 ;
; SW[7]      ; LEDR[4]     ; 6.045 ; 6.857 ; 6.564 ; 7.378 ;
; SW[7]      ; LEDR[5]     ; 6.087 ; 5.839 ; 6.594 ; 6.346 ;
; SW[8]      ; HEX0[0]     ; 4.921 ; 5.116 ; 5.720 ; 5.911 ;
; SW[8]      ; HEX0[1]     ; 4.900 ; 5.092 ; 5.698 ; 5.886 ;
; SW[8]      ; HEX0[2]     ; 4.820 ; 5.002 ; 5.615 ; 5.793 ;
; SW[8]      ; HEX0[3]     ; 4.640 ; 4.797 ; 5.447 ; 5.600 ;
; SW[8]      ; HEX0[4]     ; 5.223 ; 4.793 ; 5.456 ; 5.940 ;
; SW[8]      ; HEX0[5]     ; 4.859 ; 5.033 ; 5.658 ; 5.828 ;
; SW[8]      ; HEX0[6]     ; 4.763 ; 4.608 ; 5.566 ; 5.415 ;
; SW[8]      ; HEX1[0]     ; 5.001 ; 5.172 ; 5.645 ; 5.804 ;
; SW[8]      ; HEX1[2]     ; 5.146 ; 4.833 ; 5.792 ; 5.477 ;
; SW[8]      ; HEX1[3]     ; 4.920 ; 5.060 ; 5.564 ; 5.692 ;
; SW[8]      ; HEX1[4]     ; 5.005 ; 5.346 ; 5.649 ; 5.992 ;
; SW[8]      ; HEX1[5]     ; 4.724 ; 5.011 ; 5.368 ; 5.657 ;
; SW[8]      ; HEX1[6]     ; 5.538 ; 5.615 ; 6.170 ; 6.247 ;
; SW[8]      ; LEDR[0]     ; 6.064 ; 6.689 ; 6.703 ; 7.324 ;
; SW[8]      ; LEDR[3]     ; 4.999 ; 6.047 ; 6.146 ; 6.132 ;
; SW[8]      ; LEDR[4]     ; 6.430 ; 7.242 ; 7.074 ; 7.888 ;
; SW[8]      ; LEDR[5]     ; 6.472 ; 6.224 ; 7.104 ; 6.856 ;
; SW[9]      ; HEX0[0]     ; 5.296 ; 5.491 ; 5.958 ; 6.153 ;
; SW[9]      ; HEX0[1]     ; 5.258 ; 5.450 ; 5.920 ; 6.112 ;
; SW[9]      ; HEX0[2]     ; 5.382 ; 5.398 ; 6.063 ; 6.060 ;
; SW[9]      ; HEX0[3]     ; 5.392 ; 5.556 ; 6.054 ; 6.218 ;
; SW[9]      ; HEX0[4]     ; 5.412 ; 5.722 ; 6.074 ; 6.403 ;
; SW[9]      ; HEX0[5]     ; 5.229 ; 5.566 ; 5.891 ; 6.247 ;
; SW[9]      ; HEX0[6]     ; 5.525 ; 5.363 ; 6.187 ; 6.025 ;
; SW[9]      ; HEX1[0]     ; 4.768 ; 5.104 ; 5.398 ; 5.729 ;
; SW[9]      ; HEX1[2]     ; 4.930 ; 4.600 ; 5.569 ; 5.230 ;
; SW[9]      ; HEX1[3]     ; 4.687 ; 4.992 ; 5.317 ; 5.617 ;
; SW[9]      ; HEX1[4]     ; 4.772 ; 5.130 ; 5.402 ; 5.769 ;
; SW[9]      ; HEX1[5]     ; 4.491 ; 4.795 ; 5.121 ; 5.434 ;
; SW[9]      ; HEX1[6]     ; 5.470 ; 5.547 ; 6.095 ; 6.172 ;
; SW[9]      ; LEDR[0]     ; 6.253 ; 6.869 ; 6.915 ; 7.550 ;
; SW[9]      ; LEDR[4]     ; 6.197 ; 7.026 ; 6.827 ; 7.665 ;
; SW[9]      ; LEDR[5]     ; 6.404 ; 6.156 ; 7.029 ; 6.781 ;
+------------+-------------+-------+-------+-------+-------+


+------------------------------------------------------------------------------------------------------------------------------------------------------------------------------------------------------------------------------------------------------------------------------------------------------------------------------------------------------------------------------------------------------------+
; Board Trace Model Assignments                                                                                                                                                                                                                                                                                                                                                                              ;
+---------+--------------+-------------------+-------------------------+-------------------------+---------------+---------------------+----------------+------------------+--------+------------------+------------------------+------------------------+--------------+---------------+-----------------+-------+---------------------+--------------------+---------------+-----------------+-------------+
; Pin     ; I/O Standard ; Near Tline Length ; Near Tline L per Length ; Near Tline C per Length ; Near Series R ; Near Differential R ; Near Pull-up R ; Near Pull-down R ; Near C ; Far Tline Length ; Far Tline L per Length ; Far Tline C per Length ; Far Series R ; Far Pull-up R ; Far Pull-down R ; Far C ; Termination Voltage ; Far Differential R ; EBD File Name ; EBD Signal Name ; EBD Far-end ;
+---------+--------------+-------------------+-------------------------+-------------------------+---------------+---------------------+----------------+------------------+--------+------------------+------------------------+------------------------+--------------+---------------+-----------------+-------+---------------------+--------------------+---------------+-----------------+-------------+
; LEDR[0] ; 2.5 V        ; 0 in              ; 0 H/in                  ; 0 F/in                  ; short         ; -                   ; open           ; open             ; open   ; 0 in             ; 0 H/in                 ; 0 F/in                 ; short        ; open          ; open            ; open  ; 0 V                 ; -                  ; n/a           ; n/a             ; n/a         ;
; LEDR[1] ; 2.5 V        ; 0 in              ; 0 H/in                  ; 0 F/in                  ; short         ; -                   ; open           ; open             ; open   ; 0 in             ; 0 H/in                 ; 0 F/in                 ; short        ; open          ; open            ; open  ; 0 V                 ; -                  ; n/a           ; n/a             ; n/a         ;
; LEDR[2] ; 2.5 V        ; 0 in              ; 0 H/in                  ; 0 F/in                  ; short         ; -                   ; open           ; open             ; open   ; 0 in             ; 0 H/in                 ; 0 F/in                 ; short        ; open          ; open            ; open  ; 0 V                 ; -                  ; n/a           ; n/a             ; n/a         ;
; LEDR[3] ; 2.5 V        ; 0 in              ; 0 H/in                  ; 0 F/in                  ; short         ; -                   ; open           ; open             ; open   ; 0 in             ; 0 H/in                 ; 0 F/in                 ; short        ; open          ; open            ; open  ; 0 V                 ; -                  ; n/a           ; n/a             ; n/a         ;
; LEDR[4] ; 2.5 V        ; 0 in              ; 0 H/in                  ; 0 F/in                  ; short         ; -                   ; open           ; open             ; open   ; 0 in             ; 0 H/in                 ; 0 F/in                 ; short        ; open          ; open            ; open  ; 0 V                 ; -                  ; n/a           ; n/a             ; n/a         ;
; LEDR[5] ; 2.5 V        ; 0 in              ; 0 H/in                  ; 0 F/in                  ; short         ; -                   ; open           ; open             ; open   ; 0 in             ; 0 H/in                 ; 0 F/in                 ; short        ; open          ; open            ; open  ; 0 V                 ; -                  ; n/a           ; n/a             ; n/a         ;
; LEDR[6] ; 2.5 V        ; 0 in              ; 0 H/in                  ; 0 F/in                  ; short         ; -                   ; open           ; open             ; open   ; 0 in             ; 0 H/in                 ; 0 F/in                 ; short        ; open          ; open            ; open  ; 0 V                 ; -                  ; n/a           ; n/a             ; n/a         ;
; LEDR[7] ; 2.5 V        ; 0 in              ; 0 H/in                  ; 0 F/in                  ; short         ; -                   ; open           ; open             ; open   ; 0 in             ; 0 H/in                 ; 0 F/in                 ; short        ; open          ; open            ; open  ; 0 V                 ; -                  ; n/a           ; n/a             ; n/a         ;
; LEDR[8] ; 2.5 V        ; 0 in              ; 0 H/in                  ; 0 F/in                  ; short         ; -                   ; open           ; open             ; open   ; 0 in             ; 0 H/in                 ; 0 F/in                 ; short        ; open          ; open            ; open  ; 0 V                 ; -                  ; n/a           ; n/a             ; n/a         ;
; LEDR[9] ; 2.5 V        ; 0 in              ; 0 H/in                  ; 0 F/in                  ; short         ; -                   ; open           ; open             ; open   ; 0 in             ; 0 H/in                 ; 0 F/in                 ; short        ; open          ; open            ; open  ; 0 V                 ; -                  ; n/a           ; n/a             ; n/a         ;
; HEX0[0] ; 2.5 V        ; 0 in              ; 0 H/in                  ; 0 F/in                  ; short         ; -                   ; open           ; open             ; open   ; 0 in             ; 0 H/in                 ; 0 F/in                 ; short        ; open          ; open            ; open  ; 0 V                 ; -                  ; n/a           ; n/a             ; n/a         ;
; HEX0[1] ; 2.5 V        ; 0 in              ; 0 H/in                  ; 0 F/in                  ; short         ; -                   ; open           ; open             ; open   ; 0 in             ; 0 H/in                 ; 0 F/in                 ; short        ; open          ; open            ; open  ; 0 V                 ; -                  ; n/a           ; n/a             ; n/a         ;
; HEX0[2] ; 2.5 V        ; 0 in              ; 0 H/in                  ; 0 F/in                  ; short         ; -                   ; open           ; open             ; open   ; 0 in             ; 0 H/in                 ; 0 F/in                 ; short        ; open          ; open            ; open  ; 0 V                 ; -                  ; n/a           ; n/a             ; n/a         ;
; HEX0[3] ; 2.5 V        ; 0 in              ; 0 H/in                  ; 0 F/in                  ; short         ; -                   ; open           ; open             ; open   ; 0 in             ; 0 H/in                 ; 0 F/in                 ; short        ; open          ; open            ; open  ; 0 V                 ; -                  ; n/a           ; n/a             ; n/a         ;
; HEX0[4] ; 2.5 V        ; 0 in              ; 0 H/in                  ; 0 F/in                  ; short         ; -                   ; open           ; open             ; open   ; 0 in             ; 0 H/in                 ; 0 F/in                 ; short        ; open          ; open            ; open  ; 0 V                 ; -                  ; n/a           ; n/a             ; n/a         ;
; HEX0[5] ; 2.5 V        ; 0 in              ; 0 H/in                  ; 0 F/in                  ; short         ; -                   ; open           ; open             ; open   ; 0 in             ; 0 H/in                 ; 0 F/in                 ; short        ; open          ; open            ; open  ; 0 V                 ; -                  ; n/a           ; n/a             ; n/a         ;
; HEX0[6] ; 2.5 V        ; 0 in              ; 0 H/in                  ; 0 F/in                  ; short         ; -                   ; open           ; open             ; open   ; 0 in             ; 0 H/in                 ; 0 F/in                 ; short        ; open          ; open            ; open  ; 0 V                 ; -                  ; n/a           ; n/a             ; n/a         ;
; HEX1[0] ; 2.5 V        ; 0 in              ; 0 H/in                  ; 0 F/in                  ; short         ; -                   ; open           ; open             ; open   ; 0 in             ; 0 H/in                 ; 0 F/in                 ; short        ; open          ; open            ; open  ; 0 V                 ; -                  ; n/a           ; n/a             ; n/a         ;
; HEX1[1] ; 2.5 V        ; 0 in              ; 0 H/in                  ; 0 F/in                  ; short         ; -                   ; open           ; open             ; open   ; 0 in             ; 0 H/in                 ; 0 F/in                 ; short        ; open          ; open            ; open  ; 0 V                 ; -                  ; n/a           ; n/a             ; n/a         ;
; HEX1[2] ; 2.5 V        ; 0 in              ; 0 H/in                  ; 0 F/in                  ; short         ; -                   ; open           ; open             ; open   ; 0 in             ; 0 H/in                 ; 0 F/in                 ; short        ; open          ; open            ; open  ; 0 V                 ; -                  ; n/a           ; n/a             ; n/a         ;
; HEX1[3] ; 2.5 V        ; 0 in              ; 0 H/in                  ; 0 F/in                  ; short         ; -                   ; open           ; open             ; open   ; 0 in             ; 0 H/in                 ; 0 F/in                 ; short        ; open          ; open            ; open  ; 0 V                 ; -                  ; n/a           ; n/a             ; n/a         ;
; HEX1[4] ; 2.5 V        ; 0 in              ; 0 H/in                  ; 0 F/in                  ; short         ; -                   ; open           ; open             ; open   ; 0 in             ; 0 H/in                 ; 0 F/in                 ; short        ; open          ; open            ; open  ; 0 V                 ; -                  ; n/a           ; n/a             ; n/a         ;
; HEX1[5] ; 2.5 V        ; 0 in              ; 0 H/in                  ; 0 F/in                  ; short         ; -                   ; open           ; open             ; open   ; 0 in             ; 0 H/in                 ; 0 F/in                 ; short        ; open          ; open            ; open  ; 0 V                 ; -                  ; n/a           ; n/a             ; n/a         ;
; HEX1[6] ; 2.5 V        ; 0 in              ; 0 H/in                  ; 0 F/in                  ; short         ; -                   ; open           ; open             ; open   ; 0 in             ; 0 H/in                 ; 0 F/in                 ; short        ; open          ; open            ; open  ; 0 V                 ; -                  ; n/a           ; n/a             ; n/a         ;
+---------+--------------+-------------------+-------------------------+-------------------------+---------------+---------------------+----------------+------------------+--------+------------------+------------------------+------------------------+--------------+---------------+-----------------+-------+---------------------+--------------------+---------------+-----------------+-------------+


+-----------------------------------------------------------+
; Input Transition Times                                    ;
+--------+--------------+-----------------+-----------------+
; Pin    ; I/O Standard ; 10-90 Rise Time ; 90-10 Fall Time ;
+--------+--------------+-----------------+-----------------+
; SW[2]  ; 2.5 V        ; 2000 ps         ; 2000 ps         ;
; SW[7]  ; 2.5 V        ; 2000 ps         ; 2000 ps         ;
; SW[4]  ; 2.5 V        ; 2000 ps         ; 2000 ps         ;
; SW[9]  ; 2.5 V        ; 2000 ps         ; 2000 ps         ;
; SW[3]  ; 2.5 V        ; 2000 ps         ; 2000 ps         ;
; SW[8]  ; 2.5 V        ; 2000 ps         ; 2000 ps         ;
; SW[0]  ; 2.5 V        ; 2000 ps         ; 2000 ps         ;
; SW[5]  ; 2.5 V        ; 2000 ps         ; 2000 ps         ;
; SW[1]  ; 2.5 V        ; 2000 ps         ; 2000 ps         ;
; SW[6]  ; 2.5 V        ; 2000 ps         ; 2000 ps         ;
; KEY[2] ; 2.5 V        ; 2000 ps         ; 2000 ps         ;
; KEY[1] ; 2.5 V        ; 2000 ps         ; 2000 ps         ;
; KEY[0] ; 2.5 V        ; 2000 ps         ; 2000 ps         ;
; KEY[3] ; 2.5 V        ; 2000 ps         ; 2000 ps         ;
+--------+--------------+-----------------+-----------------+


+--------------------------------------------------------------------------------------------------------------------------------------------------------------------------------------------------------------------------------------------------------------------------------------------------------------------------------------------------------------------------------------------------------------------------------------------------------------------------------------------------------------------------------------------------------------------------------------------------------------------------------------------------------------------------------------+
; Signal Integrity Metrics (Slow 1100mv 0c Model)                                                                                                                                                                                                                                                                                                                                                                                                                                                                                                                                                                                                                                      ;
+---------+--------------+---------------------+---------------------+------------------------------+------------------------------+---------------------+---------------------+--------------------------------------+--------------------------------------+-----------------------------+-----------------------------+----------------------------+----------------------------+-----------------------------+-----------------------------+--------------------+--------------------+-------------------------------------+-------------------------------------+----------------------------+----------------------------+---------------------------+---------------------------+
; Pin     ; I/O Standard ; Board Delay on Rise ; Board Delay on Fall ; Steady State Voh at FPGA Pin ; Steady State Vol at FPGA Pin ; Voh Max at FPGA Pin ; Vol Min at FPGA Pin ; Ringback Voltage on Rise at FPGA Pin ; Ringback Voltage on Fall at FPGA Pin ; 10-90 Rise Time at FPGA Pin ; 90-10 Fall Time at FPGA Pin ; Monotonic Rise at FPGA Pin ; Monotonic Fall at FPGA Pin ; Steady State Voh at Far-end ; Steady State Vol at Far-end ; Voh Max at Far-end ; Vol Min at Far-end ; Ringback Voltage on Rise at Far-end ; Ringback Voltage on Fall at Far-end ; 10-90 Rise Time at Far-end ; 90-10 Fall Time at Far-end ; Monotonic Rise at Far-end ; Monotonic Fall at Far-end ;
+---------+--------------+---------------------+---------------------+------------------------------+------------------------------+---------------------+---------------------+--------------------------------------+--------------------------------------+-----------------------------+-----------------------------+----------------------------+----------------------------+-----------------------------+-----------------------------+--------------------+--------------------+-------------------------------------+-------------------------------------+----------------------------+----------------------------+---------------------------+---------------------------+
; LEDR[0] ; 2.5 V        ; 0 s                 ; 0 s                 ; 2.32 V                       ; 2.15e-07 V                   ; 2.41 V              ; -0.0492 V           ; 0.181 V                              ; 0.116 V                              ; 4.54e-10 s                  ; 4.44e-10 s                  ; No                         ; Yes                        ; 2.32 V                      ; 2.15e-07 V                  ; 2.41 V             ; -0.0492 V          ; 0.181 V                             ; 0.116 V                             ; 4.54e-10 s                 ; 4.44e-10 s                 ; No                        ; Yes                       ;
; LEDR[1] ; 2.5 V        ; 0 s                 ; 0 s                 ; 2.32 V                       ; 2.15e-07 V                   ; 2.41 V              ; -0.0495 V           ; 0.18 V                               ; 0.115 V                              ; 4.54e-10 s                  ; 4.44e-10 s                  ; No                         ; Yes                        ; 2.32 V                      ; 2.15e-07 V                  ; 2.41 V             ; -0.0495 V          ; 0.18 V                              ; 0.115 V                             ; 4.54e-10 s                 ; 4.44e-10 s                 ; No                        ; Yes                       ;
; LEDR[2] ; 2.5 V        ; 0 s                 ; 0 s                 ; 2.32 V                       ; 1.88e-07 V                   ; 2.35 V              ; -0.0185 V           ; 0.153 V                              ; 0.099 V                              ; 4.6e-10 s                   ; 4.48e-10 s                  ; No                         ; Yes                        ; 2.32 V                      ; 1.88e-07 V                  ; 2.35 V             ; -0.0185 V          ; 0.153 V                             ; 0.099 V                             ; 4.6e-10 s                  ; 4.48e-10 s                 ; No                        ; Yes                       ;
; LEDR[3] ; 2.5 V        ; 0 s                 ; 0 s                 ; 2.32 V                       ; 2.19e-07 V                   ; 2.4 V               ; -0.039 V            ; 0.21 V                               ; 0.145 V                              ; 4.67e-10 s                  ; 4.63e-10 s                  ; No                         ; Yes                        ; 2.32 V                      ; 2.19e-07 V                  ; 2.4 V              ; -0.039 V           ; 0.21 V                              ; 0.145 V                             ; 4.67e-10 s                 ; 4.63e-10 s                 ; No                        ; Yes                       ;
; LEDR[4] ; 2.5 V        ; 0 s                 ; 0 s                 ; 2.32 V                       ; 2.15e-07 V                   ; 2.41 V              ; -0.0492 V           ; 0.181 V                              ; 0.116 V                              ; 4.54e-10 s                  ; 4.44e-10 s                  ; No                         ; Yes                        ; 2.32 V                      ; 2.15e-07 V                  ; 2.41 V             ; -0.0492 V          ; 0.181 V                             ; 0.116 V                             ; 4.54e-10 s                 ; 4.44e-10 s                 ; No                        ; Yes                       ;
; LEDR[5] ; 2.5 V        ; 0 s                 ; 0 s                 ; 2.32 V                       ; 2.15e-07 V                   ; 2.41 V              ; -0.0495 V           ; 0.18 V                               ; 0.115 V                              ; 4.54e-10 s                  ; 4.44e-10 s                  ; No                         ; Yes                        ; 2.32 V                      ; 2.15e-07 V                  ; 2.41 V             ; -0.0495 V          ; 0.18 V                              ; 0.115 V                             ; 4.54e-10 s                 ; 4.44e-10 s                 ; No                        ; Yes                       ;
; LEDR[6] ; 2.5 V        ; 0 s                 ; 0 s                 ; 2.32 V                       ; 2.19e-07 V                   ; 2.4 V               ; -0.039 V            ; 0.21 V                               ; 0.145 V                              ; 4.67e-10 s                  ; 4.63e-10 s                  ; No                         ; Yes                        ; 2.32 V                      ; 2.19e-07 V                  ; 2.4 V              ; -0.039 V           ; 0.21 V                              ; 0.145 V                             ; 4.67e-10 s                 ; 4.63e-10 s                 ; No                        ; Yes                       ;
; LEDR[7] ; 2.5 V        ; 0 s                 ; 0 s                 ; 2.32 V                       ; 1.88e-07 V                   ; 2.35 V              ; -0.0185 V           ; 0.153 V                              ; 0.099 V                              ; 4.6e-10 s                   ; 4.48e-10 s                  ; No                         ; Yes                        ; 2.32 V                      ; 1.88e-07 V                  ; 2.35 V             ; -0.0185 V          ; 0.153 V                             ; 0.099 V                             ; 4.6e-10 s                  ; 4.48e-10 s                 ; No                        ; Yes                       ;
; LEDR[8] ; 2.5 V        ; 0 s                 ; 0 s                 ; 2.32 V                       ; 2.15e-07 V                   ; 2.41 V              ; -0.0492 V           ; 0.181 V                              ; 0.116 V                              ; 4.54e-10 s                  ; 4.44e-10 s                  ; No                         ; Yes                        ; 2.32 V                      ; 2.15e-07 V                  ; 2.41 V             ; -0.0492 V          ; 0.181 V                             ; 0.116 V                             ; 4.54e-10 s                 ; 4.44e-10 s                 ; No                        ; Yes                       ;
; LEDR[9] ; 2.5 V        ; 0 s                 ; 0 s                 ; 2.32 V                       ; 2.15e-07 V                   ; 2.41 V              ; -0.0495 V           ; 0.18 V                               ; 0.115 V                              ; 4.54e-10 s                  ; 4.44e-10 s                  ; No                         ; Yes                        ; 2.32 V                      ; 2.15e-07 V                  ; 2.41 V             ; -0.0495 V          ; 0.18 V                              ; 0.115 V                             ; 4.54e-10 s                 ; 4.44e-10 s                 ; No                        ; Yes                       ;
; HEX0[0] ; 2.5 V        ; 0 s                 ; 0 s                 ; 2.32 V                       ; 2.15e-07 V                   ; 2.41 V              ; -0.0495 V           ; 0.18 V                               ; 0.115 V                              ; 4.54e-10 s                  ; 4.44e-10 s                  ; No                         ; Yes                        ; 2.32 V                      ; 2.15e-07 V                  ; 2.41 V             ; -0.0495 V          ; 0.18 V                              ; 0.115 V                             ; 4.54e-10 s                 ; 4.44e-10 s                 ; No                        ; Yes                       ;
; HEX0[1] ; 2.5 V        ; 0 s                 ; 0 s                 ; 2.32 V                       ; 2.15e-07 V                   ; 2.41 V              ; -0.0492 V           ; 0.181 V                              ; 0.116 V                              ; 4.54e-10 s                  ; 4.44e-10 s                  ; No                         ; Yes                        ; 2.32 V                      ; 2.15e-07 V                  ; 2.41 V             ; -0.0492 V          ; 0.181 V                             ; 0.116 V                             ; 4.54e-10 s                 ; 4.44e-10 s                 ; No                        ; Yes                       ;
; HEX0[2] ; 2.5 V        ; 0 s                 ; 0 s                 ; 2.32 V                       ; 2.15e-07 V                   ; 2.41 V              ; -0.0492 V           ; 0.181 V                              ; 0.116 V                              ; 4.54e-10 s                  ; 4.44e-10 s                  ; No                         ; Yes                        ; 2.32 V                      ; 2.15e-07 V                  ; 2.41 V             ; -0.0492 V          ; 0.181 V                             ; 0.116 V                             ; 4.54e-10 s                 ; 4.44e-10 s                 ; No                        ; Yes                       ;
; HEX0[3] ; 2.5 V        ; 0 s                 ; 0 s                 ; 2.32 V                       ; 2.15e-07 V                   ; 2.41 V              ; -0.0492 V           ; 0.181 V                              ; 0.116 V                              ; 4.54e-10 s                  ; 4.44e-10 s                  ; No                         ; Yes                        ; 2.32 V                      ; 2.15e-07 V                  ; 2.41 V             ; -0.0492 V          ; 0.181 V                             ; 0.116 V                             ; 4.54e-10 s                 ; 4.44e-10 s                 ; No                        ; Yes                       ;
; HEX0[4] ; 2.5 V        ; 0 s                 ; 0 s                 ; 2.32 V                       ; 2.15e-07 V                   ; 2.41 V              ; -0.0495 V           ; 0.18 V                               ; 0.115 V                              ; 4.54e-10 s                  ; 4.44e-10 s                  ; No                         ; Yes                        ; 2.32 V                      ; 2.15e-07 V                  ; 2.41 V             ; -0.0495 V          ; 0.18 V                              ; 0.115 V                             ; 4.54e-10 s                 ; 4.44e-10 s                 ; No                        ; Yes                       ;
; HEX0[5] ; 2.5 V        ; 0 s                 ; 0 s                 ; 2.32 V                       ; 2.15e-07 V                   ; 2.41 V              ; -0.0495 V           ; 0.18 V                               ; 0.115 V                              ; 4.54e-10 s                  ; 4.44e-10 s                  ; No                         ; Yes                        ; 2.32 V                      ; 2.15e-07 V                  ; 2.41 V             ; -0.0495 V          ; 0.18 V                              ; 0.115 V                             ; 4.54e-10 s                 ; 4.44e-10 s                 ; No                        ; Yes                       ;
; HEX0[6] ; 2.5 V        ; 0 s                 ; 0 s                 ; 2.32 V                       ; 2.15e-07 V                   ; 2.41 V              ; -0.0492 V           ; 0.181 V                              ; 0.116 V                              ; 4.54e-10 s                  ; 4.44e-10 s                  ; No                         ; Yes                        ; 2.32 V                      ; 2.15e-07 V                  ; 2.41 V             ; -0.0492 V          ; 0.181 V                             ; 0.116 V                             ; 4.54e-10 s                 ; 4.44e-10 s                 ; No                        ; Yes                       ;
; HEX1[0] ; 2.5 V        ; 0 s                 ; 0 s                 ; 2.32 V                       ; 2.15e-07 V                   ; 2.41 V              ; -0.0492 V           ; 0.181 V                              ; 0.116 V                              ; 4.54e-10 s                  ; 4.44e-10 s                  ; No                         ; Yes                        ; 2.32 V                      ; 2.15e-07 V                  ; 2.41 V             ; -0.0492 V          ; 0.181 V                             ; 0.116 V                             ; 4.54e-10 s                 ; 4.44e-10 s                 ; No                        ; Yes                       ;
; HEX1[1] ; 2.5 V        ; 0 s                 ; 0 s                 ; 2.32 V                       ; 2.15e-07 V                   ; 2.41 V              ; -0.0495 V           ; 0.18 V                               ; 0.115 V                              ; 4.54e-10 s                  ; 4.44e-10 s                  ; No                         ; Yes                        ; 2.32 V                      ; 2.15e-07 V                  ; 2.41 V             ; -0.0495 V          ; 0.18 V                              ; 0.115 V                             ; 4.54e-10 s                 ; 4.44e-10 s                 ; No                        ; Yes                       ;
; HEX1[2] ; 2.5 V        ; 0 s                 ; 0 s                 ; 2.32 V                       ; 2.15e-07 V                   ; 2.41 V              ; -0.0495 V           ; 0.18 V                               ; 0.115 V                              ; 4.54e-10 s                  ; 4.44e-10 s                  ; No                         ; Yes                        ; 2.32 V                      ; 2.15e-07 V                  ; 2.41 V             ; -0.0495 V          ; 0.18 V                              ; 0.115 V                             ; 4.54e-10 s                 ; 4.44e-10 s                 ; No                        ; Yes                       ;
; HEX1[3] ; 2.5 V        ; 0 s                 ; 0 s                 ; 2.32 V                       ; 2.15e-07 V                   ; 2.41 V              ; -0.0492 V           ; 0.181 V                              ; 0.116 V                              ; 4.54e-10 s                  ; 4.44e-10 s                  ; No                         ; Yes                        ; 2.32 V                      ; 2.15e-07 V                  ; 2.41 V             ; -0.0492 V          ; 0.181 V                             ; 0.116 V                             ; 4.54e-10 s                 ; 4.44e-10 s                 ; No                        ; Yes                       ;
; HEX1[4] ; 2.5 V        ; 0 s                 ; 0 s                 ; 2.32 V                       ; 2.15e-07 V                   ; 2.41 V              ; -0.0492 V           ; 0.181 V                              ; 0.116 V                              ; 4.54e-10 s                  ; 4.44e-10 s                  ; No                         ; Yes                        ; 2.32 V                      ; 2.15e-07 V                  ; 2.41 V             ; -0.0492 V          ; 0.181 V                             ; 0.116 V                             ; 4.54e-10 s                 ; 4.44e-10 s                 ; No                        ; Yes                       ;
; HEX1[5] ; 2.5 V        ; 0 s                 ; 0 s                 ; 2.32 V                       ; 2.15e-07 V                   ; 2.41 V              ; -0.0495 V           ; 0.18 V                               ; 0.115 V                              ; 4.54e-10 s                  ; 4.44e-10 s                  ; No                         ; Yes                        ; 2.32 V                      ; 2.15e-07 V                  ; 2.41 V             ; -0.0495 V          ; 0.18 V                              ; 0.115 V                             ; 4.54e-10 s                 ; 4.44e-10 s                 ; No                        ; Yes                       ;
; HEX1[6] ; 2.5 V        ; 0 s                 ; 0 s                 ; 2.32 V                       ; 2.15e-07 V                   ; 2.41 V              ; -0.0495 V           ; 0.18 V                               ; 0.115 V                              ; 4.54e-10 s                  ; 4.44e-10 s                  ; No                         ; Yes                        ; 2.32 V                      ; 2.15e-07 V                  ; 2.41 V             ; -0.0495 V          ; 0.18 V                              ; 0.115 V                             ; 4.54e-10 s                 ; 4.44e-10 s                 ; No                        ; Yes                       ;
+---------+--------------+---------------------+---------------------+------------------------------+------------------------------+---------------------+---------------------+--------------------------------------+--------------------------------------+-----------------------------+-----------------------------+----------------------------+----------------------------+-----------------------------+-----------------------------+--------------------+--------------------+-------------------------------------+-------------------------------------+----------------------------+----------------------------+---------------------------+---------------------------+


+--------------------------------------------------------------------------------------------------------------------------------------------------------------------------------------------------------------------------------------------------------------------------------------------------------------------------------------------------------------------------------------------------------------------------------------------------------------------------------------------------------------------------------------------------------------------------------------------------------------------------------------------------------------------------------------+
; Signal Integrity Metrics (Slow 1100mv 85c Model)                                                                                                                                                                                                                                                                                                                                                                                                                                                                                                                                                                                                                                     ;
+---------+--------------+---------------------+---------------------+------------------------------+------------------------------+---------------------+---------------------+--------------------------------------+--------------------------------------+-----------------------------+-----------------------------+----------------------------+----------------------------+-----------------------------+-----------------------------+--------------------+--------------------+-------------------------------------+-------------------------------------+----------------------------+----------------------------+---------------------------+---------------------------+
; Pin     ; I/O Standard ; Board Delay on Rise ; Board Delay on Fall ; Steady State Voh at FPGA Pin ; Steady State Vol at FPGA Pin ; Voh Max at FPGA Pin ; Vol Min at FPGA Pin ; Ringback Voltage on Rise at FPGA Pin ; Ringback Voltage on Fall at FPGA Pin ; 10-90 Rise Time at FPGA Pin ; 90-10 Fall Time at FPGA Pin ; Monotonic Rise at FPGA Pin ; Monotonic Fall at FPGA Pin ; Steady State Voh at Far-end ; Steady State Vol at Far-end ; Voh Max at Far-end ; Vol Min at Far-end ; Ringback Voltage on Rise at Far-end ; Ringback Voltage on Fall at Far-end ; 10-90 Rise Time at Far-end ; 90-10 Fall Time at Far-end ; Monotonic Rise at Far-end ; Monotonic Fall at Far-end ;
+---------+--------------+---------------------+---------------------+------------------------------+------------------------------+---------------------+---------------------+--------------------------------------+--------------------------------------+-----------------------------+-----------------------------+----------------------------+----------------------------+-----------------------------+-----------------------------+--------------------+--------------------+-------------------------------------+-------------------------------------+----------------------------+----------------------------+---------------------------+---------------------------+
; LEDR[0] ; 2.5 V        ; 0 s                 ; 0 s                 ; 2.32 V                       ; 2.52e-05 V                   ; 2.38 V              ; -0.032 V            ; 0.204 V                              ; 0.181 V                              ; 4.74e-10 s                  ; 4.85e-10 s                  ; No                         ; Yes                        ; 2.32 V                      ; 2.52e-05 V                  ; 2.38 V             ; -0.032 V           ; 0.204 V                             ; 0.181 V                             ; 4.74e-10 s                 ; 4.85e-10 s                 ; No                        ; Yes                       ;
; LEDR[1] ; 2.5 V        ; 0 s                 ; 0 s                 ; 2.32 V                       ; 2.52e-05 V                   ; 2.38 V              ; -0.0315 V           ; 0.205 V                              ; 0.182 V                              ; 4.74e-10 s                  ; 4.85e-10 s                  ; No                         ; Yes                        ; 2.32 V                      ; 2.52e-05 V                  ; 2.38 V             ; -0.0315 V          ; 0.205 V                             ; 0.182 V                             ; 4.74e-10 s                 ; 4.85e-10 s                 ; No                        ; Yes                       ;
; LEDR[2] ; 2.5 V        ; 0 s                 ; 0 s                 ; 2.32 V                       ; 2.27e-05 V                   ; 2.34 V              ; -0.0089 V           ; 0.206 V                              ; 0.058 V                              ; 4.97e-10 s                  ; 5.13e-10 s                  ; Yes                        ; Yes                        ; 2.32 V                      ; 2.27e-05 V                  ; 2.34 V             ; -0.0089 V          ; 0.206 V                             ; 0.058 V                             ; 4.97e-10 s                 ; 5.13e-10 s                 ; Yes                       ; Yes                       ;
; LEDR[3] ; 2.5 V        ; 0 s                 ; 0 s                 ; 2.32 V                       ; 2.56e-05 V                   ; 2.38 V              ; -0.026 V            ; 0.249 V                              ; 0.089 V                              ; 4.95e-10 s                  ; 6.01e-10 s                  ; No                         ; Yes                        ; 2.32 V                      ; 2.56e-05 V                  ; 2.38 V             ; -0.026 V           ; 0.249 V                             ; 0.089 V                             ; 4.95e-10 s                 ; 6.01e-10 s                 ; No                        ; Yes                       ;
; LEDR[4] ; 2.5 V        ; 0 s                 ; 0 s                 ; 2.32 V                       ; 2.52e-05 V                   ; 2.38 V              ; -0.032 V            ; 0.204 V                              ; 0.181 V                              ; 4.74e-10 s                  ; 4.85e-10 s                  ; No                         ; Yes                        ; 2.32 V                      ; 2.52e-05 V                  ; 2.38 V             ; -0.032 V           ; 0.204 V                             ; 0.181 V                             ; 4.74e-10 s                 ; 4.85e-10 s                 ; No                        ; Yes                       ;
; LEDR[5] ; 2.5 V        ; 0 s                 ; 0 s                 ; 2.32 V                       ; 2.52e-05 V                   ; 2.38 V              ; -0.0315 V           ; 0.205 V                              ; 0.182 V                              ; 4.74e-10 s                  ; 4.85e-10 s                  ; No                         ; Yes                        ; 2.32 V                      ; 2.52e-05 V                  ; 2.38 V             ; -0.0315 V          ; 0.205 V                             ; 0.182 V                             ; 4.74e-10 s                 ; 4.85e-10 s                 ; No                        ; Yes                       ;
; LEDR[6] ; 2.5 V        ; 0 s                 ; 0 s                 ; 2.32 V                       ; 2.56e-05 V                   ; 2.38 V              ; -0.026 V            ; 0.249 V                              ; 0.089 V                              ; 4.95e-10 s                  ; 6.01e-10 s                  ; No                         ; Yes                        ; 2.32 V                      ; 2.56e-05 V                  ; 2.38 V             ; -0.026 V           ; 0.249 V                             ; 0.089 V                             ; 4.95e-10 s                 ; 6.01e-10 s                 ; No                        ; Yes                       ;
; LEDR[7] ; 2.5 V        ; 0 s                 ; 0 s                 ; 2.32 V                       ; 2.27e-05 V                   ; 2.34 V              ; -0.0089 V           ; 0.206 V                              ; 0.058 V                              ; 4.97e-10 s                  ; 5.13e-10 s                  ; Yes                        ; Yes                        ; 2.32 V                      ; 2.27e-05 V                  ; 2.34 V             ; -0.0089 V          ; 0.206 V                             ; 0.058 V                             ; 4.97e-10 s                 ; 5.13e-10 s                 ; Yes                       ; Yes                       ;
; LEDR[8] ; 2.5 V        ; 0 s                 ; 0 s                 ; 2.32 V                       ; 2.52e-05 V                   ; 2.38 V              ; -0.032 V            ; 0.204 V                              ; 0.181 V                              ; 4.74e-10 s                  ; 4.85e-10 s                  ; No                         ; Yes                        ; 2.32 V                      ; 2.52e-05 V                  ; 2.38 V             ; -0.032 V           ; 0.204 V                             ; 0.181 V                             ; 4.74e-10 s                 ; 4.85e-10 s                 ; No                        ; Yes                       ;
; LEDR[9] ; 2.5 V        ; 0 s                 ; 0 s                 ; 2.32 V                       ; 2.52e-05 V                   ; 2.38 V              ; -0.0315 V           ; 0.205 V                              ; 0.182 V                              ; 4.74e-10 s                  ; 4.85e-10 s                  ; No                         ; Yes                        ; 2.32 V                      ; 2.52e-05 V                  ; 2.38 V             ; -0.0315 V          ; 0.205 V                             ; 0.182 V                             ; 4.74e-10 s                 ; 4.85e-10 s                 ; No                        ; Yes                       ;
; HEX0[0] ; 2.5 V        ; 0 s                 ; 0 s                 ; 2.32 V                       ; 2.52e-05 V                   ; 2.38 V              ; -0.0315 V           ; 0.205 V                              ; 0.182 V                              ; 4.74e-10 s                  ; 4.85e-10 s                  ; No                         ; Yes                        ; 2.32 V                      ; 2.52e-05 V                  ; 2.38 V             ; -0.0315 V          ; 0.205 V                             ; 0.182 V                             ; 4.74e-10 s                 ; 4.85e-10 s                 ; No                        ; Yes                       ;
; HEX0[1] ; 2.5 V        ; 0 s                 ; 0 s                 ; 2.32 V                       ; 2.52e-05 V                   ; 2.38 V              ; -0.032 V            ; 0.204 V                              ; 0.181 V                              ; 4.74e-10 s                  ; 4.85e-10 s                  ; No                         ; Yes                        ; 2.32 V                      ; 2.52e-05 V                  ; 2.38 V             ; -0.032 V           ; 0.204 V                             ; 0.181 V                             ; 4.74e-10 s                 ; 4.85e-10 s                 ; No                        ; Yes                       ;
; HEX0[2] ; 2.5 V        ; 0 s                 ; 0 s                 ; 2.32 V                       ; 2.52e-05 V                   ; 2.38 V              ; -0.032 V            ; 0.204 V                              ; 0.181 V                              ; 4.74e-10 s                  ; 4.85e-10 s                  ; No                         ; Yes                        ; 2.32 V                      ; 2.52e-05 V                  ; 2.38 V             ; -0.032 V           ; 0.204 V                             ; 0.181 V                             ; 4.74e-10 s                 ; 4.85e-10 s                 ; No                        ; Yes                       ;
; HEX0[3] ; 2.5 V        ; 0 s                 ; 0 s                 ; 2.32 V                       ; 2.52e-05 V                   ; 2.38 V              ; -0.032 V            ; 0.204 V                              ; 0.181 V                              ; 4.74e-10 s                  ; 4.85e-10 s                  ; No                         ; Yes                        ; 2.32 V                      ; 2.52e-05 V                  ; 2.38 V             ; -0.032 V           ; 0.204 V                             ; 0.181 V                             ; 4.74e-10 s                 ; 4.85e-10 s                 ; No                        ; Yes                       ;
; HEX0[4] ; 2.5 V        ; 0 s                 ; 0 s                 ; 2.32 V                       ; 2.52e-05 V                   ; 2.38 V              ; -0.0315 V           ; 0.205 V                              ; 0.182 V                              ; 4.74e-10 s                  ; 4.85e-10 s                  ; No                         ; Yes                        ; 2.32 V                      ; 2.52e-05 V                  ; 2.38 V             ; -0.0315 V          ; 0.205 V                             ; 0.182 V                             ; 4.74e-10 s                 ; 4.85e-10 s                 ; No                        ; Yes                       ;
; HEX0[5] ; 2.5 V        ; 0 s                 ; 0 s                 ; 2.32 V                       ; 2.52e-05 V                   ; 2.38 V              ; -0.0315 V           ; 0.205 V                              ; 0.182 V                              ; 4.74e-10 s                  ; 4.85e-10 s                  ; No                         ; Yes                        ; 2.32 V                      ; 2.52e-05 V                  ; 2.38 V             ; -0.0315 V          ; 0.205 V                             ; 0.182 V                             ; 4.74e-10 s                 ; 4.85e-10 s                 ; No                        ; Yes                       ;
; HEX0[6] ; 2.5 V        ; 0 s                 ; 0 s                 ; 2.32 V                       ; 2.52e-05 V                   ; 2.38 V              ; -0.032 V            ; 0.204 V                              ; 0.181 V                              ; 4.74e-10 s                  ; 4.85e-10 s                  ; No                         ; Yes                        ; 2.32 V                      ; 2.52e-05 V                  ; 2.38 V             ; -0.032 V           ; 0.204 V                             ; 0.181 V                             ; 4.74e-10 s                 ; 4.85e-10 s                 ; No                        ; Yes                       ;
; HEX1[0] ; 2.5 V        ; 0 s                 ; 0 s                 ; 2.32 V                       ; 2.52e-05 V                   ; 2.38 V              ; -0.032 V            ; 0.204 V                              ; 0.181 V                              ; 4.74e-10 s                  ; 4.85e-10 s                  ; No                         ; Yes                        ; 2.32 V                      ; 2.52e-05 V                  ; 2.38 V             ; -0.032 V           ; 0.204 V                             ; 0.181 V                             ; 4.74e-10 s                 ; 4.85e-10 s                 ; No                        ; Yes                       ;
; HEX1[1] ; 2.5 V        ; 0 s                 ; 0 s                 ; 2.32 V                       ; 2.52e-05 V                   ; 2.38 V              ; -0.0315 V           ; 0.205 V                              ; 0.182 V                              ; 4.74e-10 s                  ; 4.85e-10 s                  ; No                         ; Yes                        ; 2.32 V                      ; 2.52e-05 V                  ; 2.38 V             ; -0.0315 V          ; 0.205 V                             ; 0.182 V                             ; 4.74e-10 s                 ; 4.85e-10 s                 ; No                        ; Yes                       ;
; HEX1[2] ; 2.5 V        ; 0 s                 ; 0 s                 ; 2.32 V                       ; 2.52e-05 V                   ; 2.38 V              ; -0.0315 V           ; 0.205 V                              ; 0.182 V                              ; 4.74e-10 s                  ; 4.85e-10 s                  ; No                         ; Yes                        ; 2.32 V                      ; 2.52e-05 V                  ; 2.38 V             ; -0.0315 V          ; 0.205 V                             ; 0.182 V                             ; 4.74e-10 s                 ; 4.85e-10 s                 ; No                        ; Yes                       ;
; HEX1[3] ; 2.5 V        ; 0 s                 ; 0 s                 ; 2.32 V                       ; 2.52e-05 V                   ; 2.38 V              ; -0.032 V            ; 0.204 V                              ; 0.181 V                              ; 4.74e-10 s                  ; 4.85e-10 s                  ; No                         ; Yes                        ; 2.32 V                      ; 2.52e-05 V                  ; 2.38 V             ; -0.032 V           ; 0.204 V                             ; 0.181 V                             ; 4.74e-10 s                 ; 4.85e-10 s                 ; No                        ; Yes                       ;
; HEX1[4] ; 2.5 V        ; 0 s                 ; 0 s                 ; 2.32 V                       ; 2.52e-05 V                   ; 2.38 V              ; -0.032 V            ; 0.204 V                              ; 0.181 V                              ; 4.74e-10 s                  ; 4.85e-10 s                  ; No                         ; Yes                        ; 2.32 V                      ; 2.52e-05 V                  ; 2.38 V             ; -0.032 V           ; 0.204 V                             ; 0.181 V                             ; 4.74e-10 s                 ; 4.85e-10 s                 ; No                        ; Yes                       ;
; HEX1[5] ; 2.5 V        ; 0 s                 ; 0 s                 ; 2.32 V                       ; 2.52e-05 V                   ; 2.38 V              ; -0.0315 V           ; 0.205 V                              ; 0.182 V                              ; 4.74e-10 s                  ; 4.85e-10 s                  ; No                         ; Yes                        ; 2.32 V                      ; 2.52e-05 V                  ; 2.38 V             ; -0.0315 V          ; 0.205 V                             ; 0.182 V                             ; 4.74e-10 s                 ; 4.85e-10 s                 ; No                        ; Yes                       ;
; HEX1[6] ; 2.5 V        ; 0 s                 ; 0 s                 ; 2.32 V                       ; 2.52e-05 V                   ; 2.38 V              ; -0.0315 V           ; 0.205 V                              ; 0.182 V                              ; 4.74e-10 s                  ; 4.85e-10 s                  ; No                         ; Yes                        ; 2.32 V                      ; 2.52e-05 V                  ; 2.38 V             ; -0.0315 V          ; 0.205 V                             ; 0.182 V                             ; 4.74e-10 s                 ; 4.85e-10 s                 ; No                        ; Yes                       ;
+---------+--------------+---------------------+---------------------+------------------------------+------------------------------+---------------------+---------------------+--------------------------------------+--------------------------------------+-----------------------------+-----------------------------+----------------------------+----------------------------+-----------------------------+-----------------------------+--------------------+--------------------+-------------------------------------+-------------------------------------+----------------------------+----------------------------+---------------------------+---------------------------+


+--------------------------------------------------------------------------------------------------------------------------------------------------------------------------------------------------------------------------------------------------------------------------------------------------------------------------------------------------------------------------------------------------------------------------------------------------------------------------------------------------------------------------------------------------------------------------------------------------------------------------------------------------------------------------------------+
; Signal Integrity Metrics (Fast 1100mv 0c Model)                                                                                                                                                                                                                                                                                                                                                                                                                                                                                                                                                                                                                                      ;
+---------+--------------+---------------------+---------------------+------------------------------+------------------------------+---------------------+---------------------+--------------------------------------+--------------------------------------+-----------------------------+-----------------------------+----------------------------+----------------------------+-----------------------------+-----------------------------+--------------------+--------------------+-------------------------------------+-------------------------------------+----------------------------+----------------------------+---------------------------+---------------------------+
; Pin     ; I/O Standard ; Board Delay on Rise ; Board Delay on Fall ; Steady State Voh at FPGA Pin ; Steady State Vol at FPGA Pin ; Voh Max at FPGA Pin ; Vol Min at FPGA Pin ; Ringback Voltage on Rise at FPGA Pin ; Ringback Voltage on Fall at FPGA Pin ; 10-90 Rise Time at FPGA Pin ; 90-10 Fall Time at FPGA Pin ; Monotonic Rise at FPGA Pin ; Monotonic Fall at FPGA Pin ; Steady State Voh at Far-end ; Steady State Vol at Far-end ; Voh Max at Far-end ; Vol Min at Far-end ; Ringback Voltage on Rise at Far-end ; Ringback Voltage on Fall at Far-end ; 10-90 Rise Time at Far-end ; 90-10 Fall Time at Far-end ; Monotonic Rise at Far-end ; Monotonic Fall at Far-end ;
+---------+--------------+---------------------+---------------------+------------------------------+------------------------------+---------------------+---------------------+--------------------------------------+--------------------------------------+-----------------------------+-----------------------------+----------------------------+----------------------------+-----------------------------+-----------------------------+--------------------+--------------------+-------------------------------------+-------------------------------------+----------------------------+----------------------------+---------------------------+---------------------------+
; LEDR[0] ; 2.5 V        ; 0 s                 ; 0 s                 ; 2.75 V                       ; 4.14e-06 V                   ; 2.91 V              ; -0.119 V            ; 0.326 V                              ; 0.298 V                              ; 2.74e-10 s                  ; 2.8e-10 s                   ; No                         ; No                         ; 2.75 V                      ; 4.14e-06 V                  ; 2.91 V             ; -0.119 V           ; 0.326 V                             ; 0.298 V                             ; 2.74e-10 s                 ; 2.8e-10 s                  ; No                        ; No                        ;
; LEDR[1] ; 2.5 V        ; 0 s                 ; 0 s                 ; 2.75 V                       ; 4.14e-06 V                   ; 2.91 V              ; -0.121 V            ; 0.326 V                              ; 0.297 V                              ; 2.74e-10 s                  ; 2.8e-10 s                   ; No                         ; No                         ; 2.75 V                      ; 4.14e-06 V                  ; 2.91 V             ; -0.121 V           ; 0.326 V                             ; 0.297 V                             ; 2.74e-10 s                 ; 2.8e-10 s                  ; No                        ; No                        ;
; LEDR[2] ; 2.5 V        ; 0 s                 ; 0 s                 ; 2.75 V                       ; 3.54e-06 V                   ; 2.81 V              ; -0.0578 V           ; 0.303 V                              ; 0.28 V                               ; 2.93e-10 s                  ; 3.01e-10 s                  ; No                         ; No                         ; 2.75 V                      ; 3.54e-06 V                  ; 2.81 V             ; -0.0578 V          ; 0.303 V                             ; 0.28 V                              ; 2.93e-10 s                 ; 3.01e-10 s                 ; No                        ; No                        ;
; LEDR[3] ; 2.5 V        ; 0 s                 ; 0 s                 ; 2.75 V                       ; 4.25e-06 V                   ; 2.9 V               ; -0.107 V            ; 0.378 V                              ; 0.16 V                               ; 2.87e-10 s                  ; 4.28e-10 s                  ; No                         ; No                         ; 2.75 V                      ; 4.25e-06 V                  ; 2.9 V              ; -0.107 V           ; 0.378 V                             ; 0.16 V                              ; 2.87e-10 s                 ; 4.28e-10 s                 ; No                        ; No                        ;
; LEDR[4] ; 2.5 V        ; 0 s                 ; 0 s                 ; 2.75 V                       ; 4.14e-06 V                   ; 2.91 V              ; -0.119 V            ; 0.326 V                              ; 0.298 V                              ; 2.74e-10 s                  ; 2.8e-10 s                   ; No                         ; No                         ; 2.75 V                      ; 4.14e-06 V                  ; 2.91 V             ; -0.119 V           ; 0.326 V                             ; 0.298 V                             ; 2.74e-10 s                 ; 2.8e-10 s                  ; No                        ; No                        ;
; LEDR[5] ; 2.5 V        ; 0 s                 ; 0 s                 ; 2.75 V                       ; 4.14e-06 V                   ; 2.91 V              ; -0.121 V            ; 0.326 V                              ; 0.297 V                              ; 2.74e-10 s                  ; 2.8e-10 s                   ; No                         ; No                         ; 2.75 V                      ; 4.14e-06 V                  ; 2.91 V             ; -0.121 V           ; 0.326 V                             ; 0.297 V                             ; 2.74e-10 s                 ; 2.8e-10 s                  ; No                        ; No                        ;
; LEDR[6] ; 2.5 V        ; 0 s                 ; 0 s                 ; 2.75 V                       ; 4.25e-06 V                   ; 2.9 V               ; -0.107 V            ; 0.378 V                              ; 0.16 V                               ; 2.87e-10 s                  ; 4.28e-10 s                  ; No                         ; No                         ; 2.75 V                      ; 4.25e-06 V                  ; 2.9 V              ; -0.107 V           ; 0.378 V                             ; 0.16 V                              ; 2.87e-10 s                 ; 4.28e-10 s                 ; No                        ; No                        ;
; LEDR[7] ; 2.5 V        ; 0 s                 ; 0 s                 ; 2.75 V                       ; 3.54e-06 V                   ; 2.81 V              ; -0.0578 V           ; 0.303 V                              ; 0.28 V                               ; 2.93e-10 s                  ; 3.01e-10 s                  ; No                         ; No                         ; 2.75 V                      ; 3.54e-06 V                  ; 2.81 V             ; -0.0578 V          ; 0.303 V                             ; 0.28 V                              ; 2.93e-10 s                 ; 3.01e-10 s                 ; No                        ; No                        ;
; LEDR[8] ; 2.5 V        ; 0 s                 ; 0 s                 ; 2.75 V                       ; 4.14e-06 V                   ; 2.91 V              ; -0.119 V            ; 0.326 V                              ; 0.298 V                              ; 2.74e-10 s                  ; 2.8e-10 s                   ; No                         ; No                         ; 2.75 V                      ; 4.14e-06 V                  ; 2.91 V             ; -0.119 V           ; 0.326 V                             ; 0.298 V                             ; 2.74e-10 s                 ; 2.8e-10 s                  ; No                        ; No                        ;
; LEDR[9] ; 2.5 V        ; 0 s                 ; 0 s                 ; 2.75 V                       ; 4.14e-06 V                   ; 2.91 V              ; -0.121 V            ; 0.326 V                              ; 0.297 V                              ; 2.74e-10 s                  ; 2.8e-10 s                   ; No                         ; No                         ; 2.75 V                      ; 4.14e-06 V                  ; 2.91 V             ; -0.121 V           ; 0.326 V                             ; 0.297 V                             ; 2.74e-10 s                 ; 2.8e-10 s                  ; No                        ; No                        ;
; HEX0[0] ; 2.5 V        ; 0 s                 ; 0 s                 ; 2.75 V                       ; 4.14e-06 V                   ; 2.91 V              ; -0.121 V            ; 0.326 V                              ; 0.297 V                              ; 2.74e-10 s                  ; 2.8e-10 s                   ; No                         ; No                         ; 2.75 V                      ; 4.14e-06 V                  ; 2.91 V             ; -0.121 V           ; 0.326 V                             ; 0.297 V                             ; 2.74e-10 s                 ; 2.8e-10 s                  ; No                        ; No                        ;
; HEX0[1] ; 2.5 V        ; 0 s                 ; 0 s                 ; 2.75 V                       ; 4.14e-06 V                   ; 2.91 V              ; -0.119 V            ; 0.326 V                              ; 0.298 V                              ; 2.74e-10 s                  ; 2.8e-10 s                   ; No                         ; No                         ; 2.75 V                      ; 4.14e-06 V                  ; 2.91 V             ; -0.119 V           ; 0.326 V                             ; 0.298 V                             ; 2.74e-10 s                 ; 2.8e-10 s                  ; No                        ; No                        ;
; HEX0[2] ; 2.5 V        ; 0 s                 ; 0 s                 ; 2.75 V                       ; 4.14e-06 V                   ; 2.91 V              ; -0.119 V            ; 0.326 V                              ; 0.298 V                              ; 2.74e-10 s                  ; 2.8e-10 s                   ; No                         ; No                         ; 2.75 V                      ; 4.14e-06 V                  ; 2.91 V             ; -0.119 V           ; 0.326 V                             ; 0.298 V                             ; 2.74e-10 s                 ; 2.8e-10 s                  ; No                        ; No                        ;
; HEX0[3] ; 2.5 V        ; 0 s                 ; 0 s                 ; 2.75 V                       ; 4.14e-06 V                   ; 2.91 V              ; -0.119 V            ; 0.326 V                              ; 0.298 V                              ; 2.74e-10 s                  ; 2.8e-10 s                   ; No                         ; No                         ; 2.75 V                      ; 4.14e-06 V                  ; 2.91 V             ; -0.119 V           ; 0.326 V                             ; 0.298 V                             ; 2.74e-10 s                 ; 2.8e-10 s                  ; No                        ; No                        ;
; HEX0[4] ; 2.5 V        ; 0 s                 ; 0 s                 ; 2.75 V                       ; 4.14e-06 V                   ; 2.91 V              ; -0.121 V            ; 0.326 V                              ; 0.297 V                              ; 2.74e-10 s                  ; 2.8e-10 s                   ; No                         ; No                         ; 2.75 V                      ; 4.14e-06 V                  ; 2.91 V             ; -0.121 V           ; 0.326 V                             ; 0.297 V                             ; 2.74e-10 s                 ; 2.8e-10 s                  ; No                        ; No                        ;
; HEX0[5] ; 2.5 V        ; 0 s                 ; 0 s                 ; 2.75 V                       ; 4.14e-06 V                   ; 2.91 V              ; -0.121 V            ; 0.326 V                              ; 0.297 V                              ; 2.74e-10 s                  ; 2.8e-10 s                   ; No                         ; No                         ; 2.75 V                      ; 4.14e-06 V                  ; 2.91 V             ; -0.121 V           ; 0.326 V                             ; 0.297 V                             ; 2.74e-10 s                 ; 2.8e-10 s                  ; No                        ; No                        ;
; HEX0[6] ; 2.5 V        ; 0 s                 ; 0 s                 ; 2.75 V                       ; 4.14e-06 V                   ; 2.91 V              ; -0.119 V            ; 0.326 V                              ; 0.298 V                              ; 2.74e-10 s                  ; 2.8e-10 s                   ; No                         ; No                         ; 2.75 V                      ; 4.14e-06 V                  ; 2.91 V             ; -0.119 V           ; 0.326 V                             ; 0.298 V                             ; 2.74e-10 s                 ; 2.8e-10 s                  ; No                        ; No                        ;
; HEX1[0] ; 2.5 V        ; 0 s                 ; 0 s                 ; 2.75 V                       ; 4.14e-06 V                   ; 2.91 V              ; -0.119 V            ; 0.326 V                              ; 0.298 V                              ; 2.74e-10 s                  ; 2.8e-10 s                   ; No                         ; No                         ; 2.75 V                      ; 4.14e-06 V                  ; 2.91 V             ; -0.119 V           ; 0.326 V                             ; 0.298 V                             ; 2.74e-10 s                 ; 2.8e-10 s                  ; No                        ; No                        ;
; HEX1[1] ; 2.5 V        ; 0 s                 ; 0 s                 ; 2.75 V                       ; 4.14e-06 V                   ; 2.91 V              ; -0.121 V            ; 0.326 V                              ; 0.297 V                              ; 2.74e-10 s                  ; 2.8e-10 s                   ; No                         ; No                         ; 2.75 V                      ; 4.14e-06 V                  ; 2.91 V             ; -0.121 V           ; 0.326 V                             ; 0.297 V                             ; 2.74e-10 s                 ; 2.8e-10 s                  ; No                        ; No                        ;
; HEX1[2] ; 2.5 V        ; 0 s                 ; 0 s                 ; 2.75 V                       ; 4.14e-06 V                   ; 2.91 V              ; -0.121 V            ; 0.326 V                              ; 0.297 V                              ; 2.74e-10 s                  ; 2.8e-10 s                   ; No                         ; No                         ; 2.75 V                      ; 4.14e-06 V                  ; 2.91 V             ; -0.121 V           ; 0.326 V                             ; 0.297 V                             ; 2.74e-10 s                 ; 2.8e-10 s                  ; No                        ; No                        ;
; HEX1[3] ; 2.5 V        ; 0 s                 ; 0 s                 ; 2.75 V                       ; 4.14e-06 V                   ; 2.91 V              ; -0.119 V            ; 0.326 V                              ; 0.298 V                              ; 2.74e-10 s                  ; 2.8e-10 s                   ; No                         ; No                         ; 2.75 V                      ; 4.14e-06 V                  ; 2.91 V             ; -0.119 V           ; 0.326 V                             ; 0.298 V                             ; 2.74e-10 s                 ; 2.8e-10 s                  ; No                        ; No                        ;
; HEX1[4] ; 2.5 V        ; 0 s                 ; 0 s                 ; 2.75 V                       ; 4.14e-06 V                   ; 2.91 V              ; -0.119 V            ; 0.326 V                              ; 0.298 V                              ; 2.74e-10 s                  ; 2.8e-10 s                   ; No                         ; No                         ; 2.75 V                      ; 4.14e-06 V                  ; 2.91 V             ; -0.119 V           ; 0.326 V                             ; 0.298 V                             ; 2.74e-10 s                 ; 2.8e-10 s                  ; No                        ; No                        ;
; HEX1[5] ; 2.5 V        ; 0 s                 ; 0 s                 ; 2.75 V                       ; 4.14e-06 V                   ; 2.91 V              ; -0.121 V            ; 0.326 V                              ; 0.297 V                              ; 2.74e-10 s                  ; 2.8e-10 s                   ; No                         ; No                         ; 2.75 V                      ; 4.14e-06 V                  ; 2.91 V             ; -0.121 V           ; 0.326 V                             ; 0.297 V                             ; 2.74e-10 s                 ; 2.8e-10 s                  ; No                        ; No                        ;
; HEX1[6] ; 2.5 V        ; 0 s                 ; 0 s                 ; 2.75 V                       ; 4.14e-06 V                   ; 2.91 V              ; -0.121 V            ; 0.326 V                              ; 0.297 V                              ; 2.74e-10 s                  ; 2.8e-10 s                   ; No                         ; No                         ; 2.75 V                      ; 4.14e-06 V                  ; 2.91 V             ; -0.121 V           ; 0.326 V                             ; 0.297 V                             ; 2.74e-10 s                 ; 2.8e-10 s                  ; No                        ; No                        ;
+---------+--------------+---------------------+---------------------+------------------------------+------------------------------+---------------------+---------------------+--------------------------------------+--------------------------------------+-----------------------------+-----------------------------+----------------------------+----------------------------+-----------------------------+-----------------------------+--------------------+--------------------+-------------------------------------+-------------------------------------+----------------------------+----------------------------+---------------------------+---------------------------+


+--------------------------------------------------------------------------------------------------------------------------------------------------------------------------------------------------------------------------------------------------------------------------------------------------------------------------------------------------------------------------------------------------------------------------------------------------------------------------------------------------------------------------------------------------------------------------------------------------------------------------------------------------------------------------------------+
; Signal Integrity Metrics (Fast 1100mv 85c Model)                                                                                                                                                                                                                                                                                                                                                                                                                                                                                                                                                                                                                                     ;
+---------+--------------+---------------------+---------------------+------------------------------+------------------------------+---------------------+---------------------+--------------------------------------+--------------------------------------+-----------------------------+-----------------------------+----------------------------+----------------------------+-----------------------------+-----------------------------+--------------------+--------------------+-------------------------------------+-------------------------------------+----------------------------+----------------------------+---------------------------+---------------------------+
; Pin     ; I/O Standard ; Board Delay on Rise ; Board Delay on Fall ; Steady State Voh at FPGA Pin ; Steady State Vol at FPGA Pin ; Voh Max at FPGA Pin ; Vol Min at FPGA Pin ; Ringback Voltage on Rise at FPGA Pin ; Ringback Voltage on Fall at FPGA Pin ; 10-90 Rise Time at FPGA Pin ; 90-10 Fall Time at FPGA Pin ; Monotonic Rise at FPGA Pin ; Monotonic Fall at FPGA Pin ; Steady State Voh at Far-end ; Steady State Vol at Far-end ; Voh Max at Far-end ; Vol Min at Far-end ; Ringback Voltage on Rise at Far-end ; Ringback Voltage on Fall at Far-end ; 10-90 Rise Time at Far-end ; 90-10 Fall Time at Far-end ; Monotonic Rise at Far-end ; Monotonic Fall at Far-end ;
+---------+--------------+---------------------+---------------------+------------------------------+------------------------------+---------------------+---------------------+--------------------------------------+--------------------------------------+-----------------------------+-----------------------------+----------------------------+----------------------------+-----------------------------+-----------------------------+--------------------+--------------------+-------------------------------------+-------------------------------------+----------------------------+----------------------------+---------------------------+---------------------------+
; LEDR[0] ; 2.5 V        ; 0 s                 ; 0 s                 ; 2.75 V                       ; 0.000242 V                   ; 2.86 V              ; -0.0805 V           ; 0.358 V                              ; 0.156 V                              ; 3.01e-10 s                  ; 4.34e-10 s                  ; No                         ; No                         ; 2.75 V                      ; 0.000242 V                  ; 2.86 V             ; -0.0805 V          ; 0.358 V                             ; 0.156 V                             ; 3.01e-10 s                 ; 4.34e-10 s                 ; No                        ; No                        ;
; LEDR[1] ; 2.5 V        ; 0 s                 ; 0 s                 ; 2.75 V                       ; 0.000242 V                   ; 2.86 V              ; -0.0814 V           ; 0.36 V                               ; 0.156 V                              ; 3e-10 s                     ; 4.34e-10 s                  ; No                         ; No                         ; 2.75 V                      ; 0.000242 V                  ; 2.86 V             ; -0.0814 V          ; 0.36 V                              ; 0.156 V                             ; 3e-10 s                    ; 4.34e-10 s                 ; No                        ; No                        ;
; LEDR[2] ; 2.5 V        ; 0 s                 ; 0 s                 ; 2.75 V                       ; 0.000213 V                   ; 2.79 V              ; -0.0324 V           ; 0.139 V                              ; 0.119 V                              ; 4.42e-10 s                  ; 4.33e-10 s                  ; No                         ; Yes                        ; 2.75 V                      ; 0.000213 V                  ; 2.79 V             ; -0.0324 V          ; 0.139 V                             ; 0.119 V                             ; 4.42e-10 s                 ; 4.33e-10 s                 ; No                        ; Yes                       ;
; LEDR[3] ; 2.5 V        ; 0 s                 ; 0 s                 ; 2.75 V                       ; 0.000247 V                   ; 2.85 V              ; -0.0711 V           ; 0.204 V                              ; 0.181 V                              ; 4.55e-10 s                  ; 4.49e-10 s                  ; No                         ; No                         ; 2.75 V                      ; 0.000247 V                  ; 2.85 V             ; -0.0711 V          ; 0.204 V                             ; 0.181 V                             ; 4.55e-10 s                 ; 4.49e-10 s                 ; No                        ; No                        ;
; LEDR[4] ; 2.5 V        ; 0 s                 ; 0 s                 ; 2.75 V                       ; 0.000242 V                   ; 2.86 V              ; -0.0805 V           ; 0.358 V                              ; 0.156 V                              ; 3.01e-10 s                  ; 4.34e-10 s                  ; No                         ; No                         ; 2.75 V                      ; 0.000242 V                  ; 2.86 V             ; -0.0805 V          ; 0.358 V                             ; 0.156 V                             ; 3.01e-10 s                 ; 4.34e-10 s                 ; No                        ; No                        ;
; LEDR[5] ; 2.5 V        ; 0 s                 ; 0 s                 ; 2.75 V                       ; 0.000242 V                   ; 2.86 V              ; -0.0814 V           ; 0.36 V                               ; 0.156 V                              ; 3e-10 s                     ; 4.34e-10 s                  ; No                         ; No                         ; 2.75 V                      ; 0.000242 V                  ; 2.86 V             ; -0.0814 V          ; 0.36 V                              ; 0.156 V                             ; 3e-10 s                    ; 4.34e-10 s                 ; No                        ; No                        ;
; LEDR[6] ; 2.5 V        ; 0 s                 ; 0 s                 ; 2.75 V                       ; 0.000247 V                   ; 2.85 V              ; -0.0711 V           ; 0.204 V                              ; 0.181 V                              ; 4.55e-10 s                  ; 4.49e-10 s                  ; No                         ; No                         ; 2.75 V                      ; 0.000247 V                  ; 2.85 V             ; -0.0711 V          ; 0.204 V                             ; 0.181 V                             ; 4.55e-10 s                 ; 4.49e-10 s                 ; No                        ; No                        ;
; LEDR[7] ; 2.5 V        ; 0 s                 ; 0 s                 ; 2.75 V                       ; 0.000213 V                   ; 2.79 V              ; -0.0324 V           ; 0.139 V                              ; 0.119 V                              ; 4.42e-10 s                  ; 4.33e-10 s                  ; No                         ; Yes                        ; 2.75 V                      ; 0.000213 V                  ; 2.79 V             ; -0.0324 V          ; 0.139 V                             ; 0.119 V                             ; 4.42e-10 s                 ; 4.33e-10 s                 ; No                        ; Yes                       ;
; LEDR[8] ; 2.5 V        ; 0 s                 ; 0 s                 ; 2.75 V                       ; 0.000242 V                   ; 2.86 V              ; -0.0805 V           ; 0.358 V                              ; 0.156 V                              ; 3.01e-10 s                  ; 4.34e-10 s                  ; No                         ; No                         ; 2.75 V                      ; 0.000242 V                  ; 2.86 V             ; -0.0805 V          ; 0.358 V                             ; 0.156 V                             ; 3.01e-10 s                 ; 4.34e-10 s                 ; No                        ; No                        ;
; LEDR[9] ; 2.5 V        ; 0 s                 ; 0 s                 ; 2.75 V                       ; 0.000242 V                   ; 2.86 V              ; -0.0814 V           ; 0.36 V                               ; 0.156 V                              ; 3e-10 s                     ; 4.34e-10 s                  ; No                         ; No                         ; 2.75 V                      ; 0.000242 V                  ; 2.86 V             ; -0.0814 V          ; 0.36 V                              ; 0.156 V                             ; 3e-10 s                    ; 4.34e-10 s                 ; No                        ; No                        ;
; HEX0[0] ; 2.5 V        ; 0 s                 ; 0 s                 ; 2.75 V                       ; 0.000242 V                   ; 2.86 V              ; -0.0814 V           ; 0.36 V                               ; 0.156 V                              ; 3e-10 s                     ; 4.34e-10 s                  ; No                         ; No                         ; 2.75 V                      ; 0.000242 V                  ; 2.86 V             ; -0.0814 V          ; 0.36 V                              ; 0.156 V                             ; 3e-10 s                    ; 4.34e-10 s                 ; No                        ; No                        ;
; HEX0[1] ; 2.5 V        ; 0 s                 ; 0 s                 ; 2.75 V                       ; 0.000242 V                   ; 2.86 V              ; -0.0805 V           ; 0.358 V                              ; 0.156 V                              ; 3.01e-10 s                  ; 4.34e-10 s                  ; No                         ; No                         ; 2.75 V                      ; 0.000242 V                  ; 2.86 V             ; -0.0805 V          ; 0.358 V                             ; 0.156 V                             ; 3.01e-10 s                 ; 4.34e-10 s                 ; No                        ; No                        ;
; HEX0[2] ; 2.5 V        ; 0 s                 ; 0 s                 ; 2.75 V                       ; 0.000242 V                   ; 2.86 V              ; -0.0805 V           ; 0.358 V                              ; 0.156 V                              ; 3.01e-10 s                  ; 4.34e-10 s                  ; No                         ; No                         ; 2.75 V                      ; 0.000242 V                  ; 2.86 V             ; -0.0805 V          ; 0.358 V                             ; 0.156 V                             ; 3.01e-10 s                 ; 4.34e-10 s                 ; No                        ; No                        ;
; HEX0[3] ; 2.5 V        ; 0 s                 ; 0 s                 ; 2.75 V                       ; 0.000242 V                   ; 2.86 V              ; -0.0805 V           ; 0.358 V                              ; 0.156 V                              ; 3.01e-10 s                  ; 4.34e-10 s                  ; No                         ; No                         ; 2.75 V                      ; 0.000242 V                  ; 2.86 V             ; -0.0805 V          ; 0.358 V                             ; 0.156 V                             ; 3.01e-10 s                 ; 4.34e-10 s                 ; No                        ; No                        ;
; HEX0[4] ; 2.5 V        ; 0 s                 ; 0 s                 ; 2.75 V                       ; 0.000242 V                   ; 2.86 V              ; -0.0814 V           ; 0.36 V                               ; 0.156 V                              ; 3e-10 s                     ; 4.34e-10 s                  ; No                         ; No                         ; 2.75 V                      ; 0.000242 V                  ; 2.86 V             ; -0.0814 V          ; 0.36 V                              ; 0.156 V                             ; 3e-10 s                    ; 4.34e-10 s                 ; No                        ; No                        ;
; HEX0[5] ; 2.5 V        ; 0 s                 ; 0 s                 ; 2.75 V                       ; 0.000242 V                   ; 2.86 V              ; -0.0814 V           ; 0.36 V                               ; 0.156 V                              ; 3e-10 s                     ; 4.34e-10 s                  ; No                         ; No                         ; 2.75 V                      ; 0.000242 V                  ; 2.86 V             ; -0.0814 V          ; 0.36 V                              ; 0.156 V                             ; 3e-10 s                    ; 4.34e-10 s                 ; No                        ; No                        ;
; HEX0[6] ; 2.5 V        ; 0 s                 ; 0 s                 ; 2.75 V                       ; 0.000242 V                   ; 2.86 V              ; -0.0805 V           ; 0.358 V                              ; 0.156 V                              ; 3.01e-10 s                  ; 4.34e-10 s                  ; No                         ; No                         ; 2.75 V                      ; 0.000242 V                  ; 2.86 V             ; -0.0805 V          ; 0.358 V                             ; 0.156 V                             ; 3.01e-10 s                 ; 4.34e-10 s                 ; No                        ; No                        ;
; HEX1[0] ; 2.5 V        ; 0 s                 ; 0 s                 ; 2.75 V                       ; 0.000242 V                   ; 2.86 V              ; -0.0805 V           ; 0.358 V                              ; 0.156 V                              ; 3.01e-10 s                  ; 4.34e-10 s                  ; No                         ; No                         ; 2.75 V                      ; 0.000242 V                  ; 2.86 V             ; -0.0805 V          ; 0.358 V                             ; 0.156 V                             ; 3.01e-10 s                 ; 4.34e-10 s                 ; No                        ; No                        ;
; HEX1[1] ; 2.5 V        ; 0 s                 ; 0 s                 ; 2.75 V                       ; 0.000242 V                   ; 2.86 V              ; -0.0814 V           ; 0.36 V                               ; 0.156 V                              ; 3e-10 s                     ; 4.34e-10 s                  ; No                         ; No                         ; 2.75 V                      ; 0.000242 V                  ; 2.86 V             ; -0.0814 V          ; 0.36 V                              ; 0.156 V                             ; 3e-10 s                    ; 4.34e-10 s                 ; No                        ; No                        ;
; HEX1[2] ; 2.5 V        ; 0 s                 ; 0 s                 ; 2.75 V                       ; 0.000242 V                   ; 2.86 V              ; -0.0814 V           ; 0.36 V                               ; 0.156 V                              ; 3e-10 s                     ; 4.34e-10 s                  ; No                         ; No                         ; 2.75 V                      ; 0.000242 V                  ; 2.86 V             ; -0.0814 V          ; 0.36 V                              ; 0.156 V                             ; 3e-10 s                    ; 4.34e-10 s                 ; No                        ; No                        ;
; HEX1[3] ; 2.5 V        ; 0 s                 ; 0 s                 ; 2.75 V                       ; 0.000242 V                   ; 2.86 V              ; -0.0805 V           ; 0.358 V                              ; 0.156 V                              ; 3.01e-10 s                  ; 4.34e-10 s                  ; No                         ; No                         ; 2.75 V                      ; 0.000242 V                  ; 2.86 V             ; -0.0805 V          ; 0.358 V                             ; 0.156 V                             ; 3.01e-10 s                 ; 4.34e-10 s                 ; No                        ; No                        ;
; HEX1[4] ; 2.5 V        ; 0 s                 ; 0 s                 ; 2.75 V                       ; 0.000242 V                   ; 2.86 V              ; -0.0805 V           ; 0.358 V                              ; 0.156 V                              ; 3.01e-10 s                  ; 4.34e-10 s                  ; No                         ; No                         ; 2.75 V                      ; 0.000242 V                  ; 2.86 V             ; -0.0805 V          ; 0.358 V                             ; 0.156 V                             ; 3.01e-10 s                 ; 4.34e-10 s                 ; No                        ; No                        ;
; HEX1[5] ; 2.5 V        ; 0 s                 ; 0 s                 ; 2.75 V                       ; 0.000242 V                   ; 2.86 V              ; -0.0814 V           ; 0.36 V                               ; 0.156 V                              ; 3e-10 s                     ; 4.34e-10 s                  ; No                         ; No                         ; 2.75 V                      ; 0.000242 V                  ; 2.86 V             ; -0.0814 V          ; 0.36 V                              ; 0.156 V                             ; 3e-10 s                    ; 4.34e-10 s                 ; No                        ; No                        ;
; HEX1[6] ; 2.5 V        ; 0 s                 ; 0 s                 ; 2.75 V                       ; 0.000242 V                   ; 2.86 V              ; -0.0814 V           ; 0.36 V                               ; 0.156 V                              ; 3e-10 s                     ; 4.34e-10 s                  ; No                         ; No                         ; 2.75 V                      ; 0.000242 V                  ; 2.86 V             ; -0.0814 V          ; 0.36 V                              ; 0.156 V                             ; 3e-10 s                    ; 4.34e-10 s                 ; No                        ; No                        ;
+---------+--------------+---------------------+---------------------+------------------------------+------------------------------+---------------------+---------------------+--------------------------------------+--------------------------------------+-----------------------------+-----------------------------+----------------------------+----------------------------+-----------------------------+-----------------------------+--------------------+--------------------+-------------------------------------+-------------------------------------+----------------------------+----------------------------+---------------------------+---------------------------+


-------------------
; Clock Transfers ;
-------------------
Nothing to report.


---------------
; Report TCCS ;
---------------
No dedicated SERDES Transmitter circuitry present in device or used in design


---------------
; Report RSKM ;
---------------
No non-DPA dedicated SERDES Receiver circuitry present in device or used in design


+------------------------------------------------+
; Unconstrained Paths                            ;
+---------------------------------+-------+------+
; Property                        ; Setup ; Hold ;
+---------------------------------+-------+------+
; Illegal Clocks                  ; 0     ; 0    ;
; Unconstrained Clocks            ; 0     ; 0    ;
; Unconstrained Input Ports       ; 14    ; 14   ;
; Unconstrained Input Port Paths  ; 258   ; 258  ;
; Unconstrained Output Ports      ; 23    ; 23   ;
; Unconstrained Output Port Paths ; 258   ; 258  ;
+---------------------------------+-------+------+


+------------------------------------+
; TimeQuest Timing Analyzer Messages ;
+------------------------------------+
Info: *******************************************************************
Info: Running Quartus II 64-Bit TimeQuest Timing Analyzer
    Info: Version 13.1.0 Build 162 10/23/2013 SJ Web Edition
    Info: Processing started: Wed Sep 23 08:57:05 2026
Info: Command: quartus_sta ejercicio13 -c ejercicio13
Info: qsta_default_script.tcl version: #1
Warning (20028): Parallel compilation is not licensed and has been disabled
Info (21077): Low junction temperature is 0 degrees C
Info (21077): High junction temperature is 85 degrees C
Critical Warning (332012): Synopsys Design Constraints File file not found: 'ejercicio13.sdc'. A Synopsys Design Constraints File is required by the TimeQuest Timing Analyzer to get proper timing constraints. Without it, the Compiler will not properly optimize the design.
Info (332142): No user constrained base clocks found in the design. Calling "derive_clocks -period 1.0"
Info (332096): The command derive_clocks did not find any clocks to derive.  No clocks were created or changed.
Warning (332068): No clocks defined in design.
Info (332143): No user constrained clock uncertainty found in the design. Calling "derive_clock_uncertainty"
Info (332154): The derive_clock_uncertainty command did not apply clock uncertainty to any clock-to-clock transfers.
Info: Found TIMEQUEST_REPORT_SCRIPT_INCLUDE_DEFAULT_ANALYSIS = ON
Info (332159): No clocks to report
Info: Analyzing Slow 1100mV 85C Model
Info (332140): No fmax paths to report
Info (332140): No Setup paths to report
Info (332140): No Hold paths to report
Info (332140): No Recovery paths to report
Info (332140): No Removal paths to report
Info (332140): No Minimum Pulse Width paths to report
Info: Analyzing Slow 1100mV 0C Model
Info (334003): Started post-fitting delay annotation
Info (334004): Delay annotation completed successfully
Info (332142): No user constrained base clocks found in the design. Calling "derive_clocks -period 1.0"
Info (332096): The command derive_clocks did not find any clocks to derive.  No clocks were created or changed.
Warning (332068): No clocks defined in design.
Info (332154): The derive_clock_uncertainty command did not apply clock uncertainty to any clock-to-clock transfers.
Info (332140): No fmax paths to report
Info (332140): No Setup paths to report
Info (332140): No Hold paths to report
Info (332140): No Recovery paths to report
Info (332140): No Removal paths to report
Info (332140): No Minimum Pulse Width paths to report
Info: Analyzing Fast 1100mV 85C Model
Info (334003): Started post-fitting delay annotation
Info (334004): Delay annotation completed successfully
Info (332142): No user constrained base clocks found in the design. Calling "derive_clocks -period 1.0"
Info (332096): The command derive_clocks did not find any clocks to derive.  No clocks were created or changed.
Warning (332068): No clocks defined in design.
Info (332154): The derive_clock_uncertainty command did not apply clock uncertainty to any clock-to-clock transfers.
Info (332140): No Setup paths to report
Info (332140): No Hold paths to report
Info (332140): No Recovery paths to report
Info (332140): No Removal paths to report
Info (332140): No Minimum Pulse Width paths to report
Info: Analyzing Fast 1100mV 0C Model
Info (332142): No user constrained base clocks found in the design. Calling "derive_clocks -period 1.0"
Info (332096): The command derive_clocks did not find any clocks to derive.  No clocks were created or changed.
Warning (332068): No clocks defined in design.
Info (332154): The derive_clock_uncertainty command did not apply clock uncertainty to any clock-to-clock transfers.
Info (332140): No Setup paths to report
Info (332140): No Hold paths to report
Info (332140): No Recovery paths to report
Info (332140): No Removal paths to report
Info (332140): No Minimum Pulse Width paths to report
Info (332102): Design is not fully constrained for setup requirements
Info (332102): Design is not fully constrained for hold requirements
Info: Quartus II 64-Bit TimeQuest Timing Analyzer was successful. 0 errors, 6 warnings
    Info: Peak virtual memory: 4872 megabytes
    Info: Processing ended: Wed Sep 23 08:57:13 2026
    Info: Elapsed time: 00:00:08
    Info: Total CPU time (on all processors): 00:00:07


