TimeQuest Timing Analyzer report for Ejercicio1
Mon Sep 21 20:15:00 2026
Quartus II 64-Bit Version 13.1.0 Build 162 10/23/2013 SJ Web Edition


---------------------
; Table of Contents ;
---------------------
  1. Legal Notice
  2. TimeQuest Timing Analyzer Summary
  3. Parallel Compilation
  4. Clocks
  5. Slow 1100mV 85C Model Fmax Summary
  6. Timing Closure Recommendations
  7. Slow 1100mV 85C Model Setup Summary
  8. Slow 1100mV 85C Model Hold Summary
  9. Slow 1100mV 85C Model Recovery Summary
 10. Slow 1100mV 85C Model Removal Summary
 11. Slow 1100mV 85C Model Minimum Pulse Width Summary
 12. Propagation Delay
 13. Minimum Propagation Delay
 14. Slow 1100mV 85C Model Metastability Report
 15. Slow 1100mV 0C Model Fmax Summary
 16. Slow 1100mV 0C Model Setup Summary
 17. Slow 1100mV 0C Model Hold Summary
 18. Slow 1100mV 0C Model Recovery Summary
 19. Slow 1100mV 0C Model Removal Summary
 20. Slow 1100mV 0C Model Minimum Pulse Width Summary
 21. Propagation Delay
 22. Minimum Propagation Delay
 23. Slow 1100mV 0C Model Metastability Report
 24. Fast 1100mV 85C Model Setup Summary
 25. Fast 1100mV 85C Model Hold Summary
 26. Fast 1100mV 85C Model Recovery Summary
 27. Fast 1100mV 85C Model Removal Summary
 28. Fast 1100mV 85C Model Minimum Pulse Width Summary
 29. Propagation Delay
 30. Minimum Propagation Delay
 31. Fast 1100mV 85C Model Metastability Report
 32. Fast 1100mV 0C Model Setup Summary
 33. Fast 1100mV 0C Model Hold Summary
 34. Fast 1100mV 0C Model Recovery Summary
 35. Fast 1100mV 0C Model Removal Summary
 36. Fast 1100mV 0C Model Minimum Pulse Width Summary
 37. Propagation Delay
 38. Minimum Propagation Delay
 39. Fast 1100mV 0C Model Metastability Report
 40. Multicorner Timing Analysis Summary
 41. Propagation Delay
 42. Minimum Propagation Delay
 43. Board Trace Model Assignments
 44. Input Transition Times
 45. Signal Integrity Metrics (Slow 1100mv 0c Model)
 46. Signal Integrity Metrics (Slow 1100mv 85c Model)
 47. Signal Integrity Metrics (Fast 1100mv 0c Model)
 48. Signal Integrity Metrics (Fast 1100mv 85c Model)
 49. Clock Transfers
 50. Report TCCS
 51. Report RSKM
 52. Unconstrained Paths
 53. TimeQuest Timing Analyzer Messages



----------------
; Legal Notice ;
----------------
Copyright (C) 1991-2013 Altera Corporation
Your use of Altera Corporation's design tools, logic functions 
and other software and tools, and its AMPP partner logic 
functions, and any output files from any of the foregoing 
(including device programming or simulation files), and any 
associated documentation or information are expressly subject 
to the terms and conditions of the Altera Program License 
Subscription Agreement, Altera MegaCore Function License 
Agreement, or other applicable license agreement, including, 
without limitation, that your use is for the sole purpose of 
programming logic devices manufactured by Altera and sold by 
Altera or its authorized distributors.  Please refer to the 
applicable agreement for further details.



+-------------------------------------------------------------------------+
; TimeQuest Timing Analyzer Summary                                       ;
+--------------------+----------------------------------------------------+
; Quartus II Version ; Version 13.1.0 Build 162 10/23/2013 SJ Web Edition ;
; Revision Name      ; Ejercicio1                                         ;
; Device Family      ; Cyclone V                                          ;
; Device Name        ; 5CEBA4F23C7                                        ;
; Timing Models      ; Final                                              ;
; Delay Model        ; Combined                                           ;
; Rise/Fall Delays   ; Enabled                                            ;
+--------------------+----------------------------------------------------+


Parallel compilation was disabled, but you have multiple processors available. Enable parallel compilation to reduce compilation time.
+-------------------------------------+
; Parallel Compilation                ;
+----------------------------+--------+
; Processors                 ; Number ;
+----------------------------+--------+
; Number detected on machine ; 8      ;
; Maximum allowed            ; 1      ;
+----------------------------+--------+


----------
; Clocks ;
----------
No clocks to report.


--------------------------------------
; Slow 1100mV 85C Model Fmax Summary ;
--------------------------------------
No paths to report.


----------------------------------
; Timing Closure Recommendations ;
----------------------------------
HTML report is unavailable in plain text report export.


---------------------------------------
; Slow 1100mV 85C Model Setup Summary ;
---------------------------------------
No paths to report.


--------------------------------------
; Slow 1100mV 85C Model Hold Summary ;
--------------------------------------
No paths to report.


------------------------------------------
; Slow 1100mV 85C Model Recovery Summary ;
------------------------------------------
No paths to report.


-----------------------------------------
; Slow 1100mV 85C Model Removal Summary ;
-----------------------------------------
No paths to report.


-----------------------------------------------------
; Slow 1100mV 85C Model Minimum Pulse Width Summary ;
-----------------------------------------------------
No paths to report.


+---------------------------------------------------------------+
; Propagation Delay                                             ;
+------------+--------------+--------+--------+--------+--------+
; Input Port ; Output Port  ; RR     ; RF     ; FR     ; FF     ;
+------------+--------------+--------+--------+--------+--------+
; iSelect[0] ; oDisplay1[0] ;        ; 8.397  ; 8.681  ;        ;
; iSelect[0] ; oDisplay1[2] ;        ; 8.257  ; 8.630  ;        ;
; iSelect[0] ; oDisplay1[3] ;        ; 8.487  ; 8.781  ;        ;
; iSelect[0] ; oDisplay1[5] ;        ; 8.454  ; 8.742  ;        ;
; iSelect[0] ; oDisplay1[6] ;        ; 8.281  ; 8.619  ;        ;
; iSelect[0] ; oDisplay2[0] ; 8.215  ;        ;        ; 8.318  ;
; iSelect[0] ; oDisplay2[2] ; 8.176  ;        ;        ; 8.286  ;
; iSelect[0] ; oDisplay2[3] ; 8.212  ;        ;        ; 8.317  ;
; iSelect[0] ; oDisplay2[5] ; 8.167  ;        ;        ; 8.278  ;
; iSelect[0] ; oDisplay2[6] ; 8.837  ;        ;        ; 8.806  ;
; iSelect[0] ; oDisplay3[0] ;        ; 8.719  ; 9.203  ;        ;
; iSelect[0] ; oDisplay3[2] ;        ; 8.687  ; 9.201  ;        ;
; iSelect[0] ; oDisplay3[3] ;        ; 8.280  ; 8.685  ;        ;
; iSelect[0] ; oDisplay3[5] ;        ; 9.209  ; 9.818  ;        ;
; iSelect[0] ; oDisplay3[6] ;        ; 7.934  ; 8.237  ;        ;
; iSelect[0] ; oDisplay4[0] ; 7.860  ;        ;        ; 8.057  ;
; iSelect[0] ; oDisplay4[2] ; 7.869  ;        ;        ; 8.057  ;
; iSelect[0] ; oDisplay4[3] ; 8.327  ;        ;        ; 8.412  ;
; iSelect[0] ; oDisplay4[5] ; 8.489  ;        ;        ; 8.613  ;
; iSelect[0] ; oDisplay4[6] ; 8.479  ;        ;        ; 8.612  ;
; iSelect[0] ; oDisplay5[0] ;        ; 8.855  ; 9.230  ;        ;
; iSelect[0] ; oDisplay5[2] ;        ; 8.514  ; 8.939  ;        ;
; iSelect[0] ; oDisplay5[3] ;        ; 8.698  ; 9.062  ;        ;
; iSelect[0] ; oDisplay5[5] ;        ; 8.362  ; 8.825  ;        ;
; iSelect[0] ; oDisplay5[6] ;        ; 8.413  ; 8.846  ;        ;
; iSelect[0] ; oDisplay6[0] ; 8.420  ;        ;        ; 8.518  ;
; iSelect[0] ; oDisplay6[2] ; 8.203  ;        ;        ; 8.355  ;
; iSelect[0] ; oDisplay6[3] ; 8.619  ;        ;        ; 8.668  ;
; iSelect[0] ; oDisplay6[5] ; 11.415 ;        ;        ; 10.893 ;
; iSelect[0] ; oDisplay6[6] ; 8.243  ;        ;        ; 8.384  ;
; iSelect[1] ; oDisplay1[0] ; 8.243  ;        ;        ; 8.453  ;
; iSelect[1] ; oDisplay1[2] ; 8.192  ;        ;        ; 8.313  ;
; iSelect[1] ; oDisplay1[3] ; 8.343  ;        ;        ; 8.543  ;
; iSelect[1] ; oDisplay1[5] ; 8.304  ;        ;        ; 8.510  ;
; iSelect[1] ; oDisplay1[6] ; 8.181  ;        ;        ; 8.337  ;
; iSelect[1] ; oDisplay2[0] ;        ; 7.879  ; 8.270  ;        ;
; iSelect[1] ; oDisplay2[2] ;        ; 7.847  ; 8.231  ;        ;
; iSelect[1] ; oDisplay2[3] ;        ; 7.878  ; 8.267  ;        ;
; iSelect[1] ; oDisplay2[5] ;        ; 7.839  ; 8.222  ;        ;
; iSelect[1] ; oDisplay2[6] ;        ; 8.367  ; 8.892  ;        ;
; iSelect[1] ; oDisplay3[0] ;        ; 8.489  ; 8.990  ;        ;
; iSelect[1] ; oDisplay3[2] ;        ; 8.457  ; 8.988  ;        ;
; iSelect[1] ; oDisplay3[3] ;        ; 8.050  ; 8.472  ;        ;
; iSelect[1] ; oDisplay3[5] ;        ; 8.979  ; 9.605  ;        ;
; iSelect[1] ; oDisplay3[6] ;        ; 7.704  ; 8.024  ;        ;
; iSelect[1] ; oDisplay4[0] ; 7.640  ;        ;        ; 7.853  ;
; iSelect[1] ; oDisplay4[2] ; 7.649  ;        ;        ; 7.853  ;
; iSelect[1] ; oDisplay4[3] ; 8.107  ;        ;        ; 8.208  ;
; iSelect[1] ; oDisplay4[5] ; 8.269  ;        ;        ; 8.409  ;
; iSelect[1] ; oDisplay4[6] ; 8.259  ;        ;        ; 8.408  ;
; iSelect[1] ; oDisplay5[0] ; 8.765  ;        ;        ; 8.888  ;
; iSelect[1] ; oDisplay5[2] ; 8.474  ;        ;        ; 8.547  ;
; iSelect[1] ; oDisplay5[3] ; 8.597  ;        ;        ; 8.731  ;
; iSelect[1] ; oDisplay5[5] ; 8.360  ;        ;        ; 8.395  ;
; iSelect[1] ; oDisplay5[6] ; 8.381  ;        ;        ; 8.446  ;
; iSelect[1] ; oDisplay6[0] ;        ; 8.052  ; 8.452  ;        ;
; iSelect[1] ; oDisplay6[2] ;        ; 7.889  ; 8.235  ;        ;
; iSelect[1] ; oDisplay6[3] ;        ; 8.202  ; 8.651  ;        ;
; iSelect[1] ; oDisplay6[5] ;        ; 10.427 ; 11.447 ;        ;
; iSelect[1] ; oDisplay6[6] ;        ; 7.918  ; 8.275  ;        ;
; iSelect[2] ; oDisplay1[0] ; 8.089  ;        ;        ; 8.316  ;
; iSelect[2] ; oDisplay1[2] ; 8.038  ;        ;        ; 8.176  ;
; iSelect[2] ; oDisplay1[3] ; 8.189  ;        ;        ; 8.406  ;
; iSelect[2] ; oDisplay1[5] ; 8.150  ;        ;        ; 8.373  ;
; iSelect[2] ; oDisplay1[6] ; 8.027  ;        ;        ; 8.200  ;
; iSelect[2] ; oDisplay2[0] ; 7.874  ;        ;        ; 8.014  ;
; iSelect[2] ; oDisplay2[2] ; 7.835  ;        ;        ; 7.982  ;
; iSelect[2] ; oDisplay2[3] ; 7.871  ;        ;        ; 8.013  ;
; iSelect[2] ; oDisplay2[5] ; 7.826  ;        ;        ; 7.974  ;
; iSelect[2] ; oDisplay2[6] ; 8.496  ;        ;        ; 8.502  ;
; iSelect[2] ; oDisplay3[0] ; 8.574  ;        ;        ; 8.606  ;
; iSelect[2] ; oDisplay3[2] ; 8.572  ;        ;        ; 8.574  ;
; iSelect[2] ; oDisplay3[3] ; 8.056  ;        ;        ; 8.167  ;
; iSelect[2] ; oDisplay3[5] ; 9.189  ;        ;        ; 9.096  ;
; iSelect[2] ; oDisplay3[6] ; 7.608  ;        ;        ; 7.821  ;
; iSelect[2] ; oDisplay4[0] ;        ; 7.420  ; 7.762  ;        ;
; iSelect[2] ; oDisplay4[2] ;        ; 7.420  ; 7.771  ;        ;
; iSelect[2] ; oDisplay4[3] ;        ; 7.775  ; 8.229  ;        ;
; iSelect[2] ; oDisplay4[5] ;        ; 7.976  ; 8.391  ;        ;
; iSelect[2] ; oDisplay4[6] ;        ; 7.975  ; 8.381  ;        ;
; iSelect[2] ; oDisplay5[0] ;        ; 8.449  ; 8.876  ;        ;
; iSelect[2] ; oDisplay5[2] ;        ; 8.108  ; 8.585  ;        ;
; iSelect[2] ; oDisplay5[3] ;        ; 8.292  ; 8.708  ;        ;
; iSelect[2] ; oDisplay5[5] ;        ; 7.956  ; 8.471  ;        ;
; iSelect[2] ; oDisplay5[6] ;        ; 8.007  ; 8.492  ;        ;
; iSelect[2] ; oDisplay6[0] ;        ; 7.880  ; 8.322  ;        ;
; iSelect[2] ; oDisplay6[2] ;        ; 7.717  ; 8.105  ;        ;
; iSelect[2] ; oDisplay6[3] ;        ; 8.030  ; 8.521  ;        ;
; iSelect[2] ; oDisplay6[5] ;        ; 10.255 ; 11.317 ;        ;
; iSelect[2] ; oDisplay6[6] ;        ; 7.746  ; 8.145  ;        ;
+------------+--------------+--------+--------+--------+--------+


+-------------------------------------------------------------+
; Minimum Propagation Delay                                   ;
+------------+--------------+--------+-------+--------+-------+
; Input Port ; Output Port  ; RR     ; RF    ; FR     ; FF    ;
+------------+--------------+--------+-------+--------+-------+
; iSelect[0] ; oDisplay1[0] ;        ; 7.614 ; 7.805  ;       ;
; iSelect[0] ; oDisplay1[2] ;        ; 7.477 ; 7.744  ;       ;
; iSelect[0] ; oDisplay1[3] ;        ; 7.698 ; 7.899  ;       ;
; iSelect[0] ; oDisplay1[5] ;        ; 7.666 ; 7.860  ;       ;
; iSelect[0] ; oDisplay1[6] ;        ; 7.510 ; 7.745  ;       ;
; iSelect[0] ; oDisplay2[0] ; 7.466  ;       ;        ; 7.489 ;
; iSelect[0] ; oDisplay2[2] ; 7.427  ;       ;        ; 7.458 ;
; iSelect[0] ; oDisplay2[3] ; 7.463  ;       ;        ; 7.488 ;
; iSelect[0] ; oDisplay2[5] ; 7.418  ;       ;        ; 7.449 ;
; iSelect[0] ; oDisplay2[6] ; 7.945  ;       ;        ; 7.905 ;
; iSelect[0] ; oDisplay3[0] ;        ; 7.888 ; 8.218  ;       ;
; iSelect[0] ; oDisplay3[2] ;        ; 7.864 ; 8.219  ;       ;
; iSelect[0] ; oDisplay3[3] ;        ; 7.493 ; 7.773  ;       ;
; iSelect[0] ; oDisplay3[5] ;        ; 8.325 ; 8.723  ;       ;
; iSelect[0] ; oDisplay3[6] ;        ; 7.209 ; 7.443  ;       ;
; iSelect[0] ; oDisplay4[0] ; 7.163  ;       ;        ; 7.253 ;
; iSelect[0] ; oDisplay4[2] ; 7.172  ;       ;        ; 7.254 ;
; iSelect[0] ; oDisplay4[3] ; 7.528  ;       ;        ; 7.554 ;
; iSelect[0] ; oDisplay4[5] ; 7.669  ;       ;        ; 7.734 ;
; iSelect[0] ; oDisplay4[6] ; 7.658  ;       ;        ; 7.732 ;
; iSelect[0] ; oDisplay5[0] ;        ; 8.037 ; 8.283  ;       ;
; iSelect[0] ; oDisplay5[2] ;        ; 7.715 ; 8.012  ;       ;
; iSelect[0] ; oDisplay5[3] ;        ; 7.879 ; 8.114  ;       ;
; iSelect[0] ; oDisplay5[5] ;        ; 7.566 ; 7.890  ;       ;
; iSelect[0] ; oDisplay5[6] ;        ; 7.614 ; 7.914  ;       ;
; iSelect[0] ; oDisplay6[0] ; 7.639  ;       ;        ; 7.666 ;
; iSelect[0] ; oDisplay6[2] ; 7.425  ;       ;        ; 7.502 ;
; iSelect[0] ; oDisplay6[3] ; 7.729  ;       ;        ; 7.759 ;
; iSelect[0] ; oDisplay6[5] ; 10.192 ;       ;        ; 9.795 ;
; iSelect[0] ; oDisplay6[6] ; 7.465  ;       ;        ; 7.533 ;
; iSelect[1] ; oDisplay1[0] ; 7.481  ;       ;        ; 7.611 ;
; iSelect[1] ; oDisplay1[2] ; 7.420  ;       ;        ; 7.474 ;
; iSelect[1] ; oDisplay1[3] ; 7.575  ;       ;        ; 7.695 ;
; iSelect[1] ; oDisplay1[5] ; 7.536  ;       ;        ; 7.663 ;
; iSelect[1] ; oDisplay1[6] ; 7.421  ;       ;        ; 7.507 ;
; iSelect[1] ; oDisplay2[0] ;        ; 7.155 ; 7.457  ;       ;
; iSelect[1] ; oDisplay2[2] ;        ; 7.124 ; 7.418  ;       ;
; iSelect[1] ; oDisplay2[3] ;        ; 7.154 ; 7.454  ;       ;
; iSelect[1] ; oDisplay2[5] ;        ; 7.115 ; 7.409  ;       ;
; iSelect[1] ; oDisplay2[6] ;        ; 7.571 ; 7.936  ;       ;
; iSelect[1] ; oDisplay3[0] ;        ; 7.685 ; 8.042  ;       ;
; iSelect[1] ; oDisplay3[2] ;        ; 7.661 ; 8.043  ;       ;
; iSelect[1] ; oDisplay3[3] ;        ; 7.290 ; 7.597  ;       ;
; iSelect[1] ; oDisplay3[5] ;        ; 8.122 ; 8.547  ;       ;
; iSelect[1] ; oDisplay3[6] ;        ; 7.006 ; 7.267  ;       ;
; iSelect[1] ; oDisplay4[0] ; 6.960  ;       ;        ; 7.071 ;
; iSelect[1] ; oDisplay4[2] ; 6.969  ;       ;        ; 7.072 ;
; iSelect[1] ; oDisplay4[3] ; 7.325  ;       ;        ; 7.372 ;
; iSelect[1] ; oDisplay4[5] ; 7.466  ;       ;        ; 7.552 ;
; iSelect[1] ; oDisplay4[6] ; 7.455  ;       ;        ; 7.550 ;
; iSelect[1] ; oDisplay5[0] ; 7.934  ;       ;        ; 8.012 ;
; iSelect[1] ; oDisplay5[2] ; 7.663  ;       ;        ; 7.690 ;
; iSelect[1] ; oDisplay5[3] ; 7.765  ;       ;        ; 7.854 ;
; iSelect[1] ; oDisplay5[5] ; 7.541  ;       ;        ; 7.541 ;
; iSelect[1] ; oDisplay5[6] ; 7.565  ;       ;        ; 7.589 ;
; iSelect[1] ; oDisplay6[0] ;        ; 7.306 ; 7.608  ;       ;
; iSelect[1] ; oDisplay6[2] ;        ; 7.142 ; 7.394  ;       ;
; iSelect[1] ; oDisplay6[3] ;        ; 7.399 ; 7.698  ;       ;
; iSelect[1] ; oDisplay6[5] ;        ; 9.435 ; 10.161 ;       ;
; iSelect[1] ; oDisplay6[6] ;        ; 7.173 ; 7.434  ;       ;
; iSelect[2] ; oDisplay1[0] ; 7.378  ;       ;        ; 7.542 ;
; iSelect[2] ; oDisplay1[2] ; 7.317  ;       ;        ; 7.405 ;
; iSelect[2] ; oDisplay1[3] ; 7.472  ;       ;        ; 7.626 ;
; iSelect[2] ; oDisplay1[5] ; 7.433  ;       ;        ; 7.594 ;
; iSelect[2] ; oDisplay1[6] ; 7.318  ;       ;        ; 7.438 ;
; iSelect[2] ; oDisplay2[0] ; 7.196  ;       ;        ; 7.270 ;
; iSelect[2] ; oDisplay2[2] ; 7.157  ;       ;        ; 7.239 ;
; iSelect[2] ; oDisplay2[3] ; 7.193  ;       ;        ; 7.269 ;
; iSelect[2] ; oDisplay2[5] ; 7.148  ;       ;        ; 7.230 ;
; iSelect[2] ; oDisplay2[6] ; 7.675  ;       ;        ; 7.686 ;
; iSelect[2] ; oDisplay3[0] ; 7.757  ;       ;        ; 7.787 ;
; iSelect[2] ; oDisplay3[2] ; 7.758  ;       ;        ; 7.763 ;
; iSelect[2] ; oDisplay3[3] ; 7.312  ;       ;        ; 7.392 ;
; iSelect[2] ; oDisplay3[5] ; 8.262  ;       ;        ; 8.224 ;
; iSelect[2] ; oDisplay3[6] ; 6.982  ;       ;        ; 7.108 ;
; iSelect[2] ; oDisplay4[0] ;        ; 6.801 ; 7.052  ;       ;
; iSelect[2] ; oDisplay4[2] ;        ; 6.802 ; 7.061  ;       ;
; iSelect[2] ; oDisplay4[3] ;        ; 7.102 ; 7.417  ;       ;
; iSelect[2] ; oDisplay4[5] ;        ; 7.282 ; 7.558  ;       ;
; iSelect[2] ; oDisplay4[6] ;        ; 7.280 ; 7.547  ;       ;
; iSelect[2] ; oDisplay5[0] ;        ; 7.736 ; 8.010  ;       ;
; iSelect[2] ; oDisplay5[2] ;        ; 7.414 ; 7.739  ;       ;
; iSelect[2] ; oDisplay5[3] ;        ; 7.578 ; 7.841  ;       ;
; iSelect[2] ; oDisplay5[5] ;        ; 7.265 ; 7.617  ;       ;
; iSelect[2] ; oDisplay5[6] ;        ; 7.313 ; 7.641  ;       ;
; iSelect[2] ; oDisplay6[0] ;        ; 7.212 ; 7.528  ;       ;
; iSelect[2] ; oDisplay6[2] ;        ; 7.048 ; 7.314  ;       ;
; iSelect[2] ; oDisplay6[3] ;        ; 7.305 ; 7.618  ;       ;
; iSelect[2] ; oDisplay6[5] ;        ; 9.341 ; 10.081 ;       ;
; iSelect[2] ; oDisplay6[6] ;        ; 7.079 ; 7.354  ;       ;
+------------+--------------+--------+-------+--------+-------+


----------------------------------------------
; Slow 1100mV 85C Model Metastability Report ;
----------------------------------------------
No synchronizer chains to report.


-------------------------------------
; Slow 1100mV 0C Model Fmax Summary ;
-------------------------------------
No paths to report.


--------------------------------------
; Slow 1100mV 0C Model Setup Summary ;
--------------------------------------
No paths to report.


-------------------------------------
; Slow 1100mV 0C Model Hold Summary ;
-------------------------------------
No paths to report.


-----------------------------------------
; Slow 1100mV 0C Model Recovery Summary ;
-----------------------------------------
No paths to report.


----------------------------------------
; Slow 1100mV 0C Model Removal Summary ;
----------------------------------------
No paths to report.


----------------------------------------------------
; Slow 1100mV 0C Model Minimum Pulse Width Summary ;
----------------------------------------------------
No paths to report.


+---------------------------------------------------------------+
; Propagation Delay                                             ;
+------------+--------------+--------+--------+--------+--------+
; Input Port ; Output Port  ; RR     ; RF     ; FR     ; FF     ;
+------------+--------------+--------+--------+--------+--------+
; iSelect[0] ; oDisplay1[0] ;        ; 8.253  ; 8.594  ;        ;
; iSelect[0] ; oDisplay1[2] ;        ; 8.140  ; 8.552  ;        ;
; iSelect[0] ; oDisplay1[3] ;        ; 8.346  ; 8.697  ;        ;
; iSelect[0] ; oDisplay1[5] ;        ; 8.311  ; 8.654  ;        ;
; iSelect[0] ; oDisplay1[6] ;        ; 8.135  ; 8.524  ;        ;
; iSelect[0] ; oDisplay2[0] ; 8.114  ;        ;        ; 8.204  ;
; iSelect[0] ; oDisplay2[2] ; 8.072  ;        ;        ; 8.168  ;
; iSelect[0] ; oDisplay2[3] ; 8.111  ;        ;        ; 8.202  ;
; iSelect[0] ; oDisplay2[5] ; 8.063  ;        ;        ; 8.160  ;
; iSelect[0] ; oDisplay2[6] ; 8.737  ;        ;        ; 8.678  ;
; iSelect[0] ; oDisplay3[0] ;        ; 8.578  ; 9.093  ;        ;
; iSelect[0] ; oDisplay3[2] ;        ; 8.526  ; 9.097  ;        ;
; iSelect[0] ; oDisplay3[3] ;        ; 8.134  ; 8.581  ;        ;
; iSelect[0] ; oDisplay3[5] ;        ; 9.035  ; 9.723  ;        ;
; iSelect[0] ; oDisplay3[6] ;        ; 7.810  ; 8.141  ;        ;
; iSelect[0] ; oDisplay4[0] ; 7.746  ;        ;        ; 7.965  ;
; iSelect[0] ; oDisplay4[2] ; 7.756  ;        ;        ; 7.972  ;
; iSelect[0] ; oDisplay4[3] ; 8.205  ;        ;        ; 8.297  ;
; iSelect[0] ; oDisplay4[5] ; 8.379  ;        ;        ; 8.509  ;
; iSelect[0] ; oDisplay4[6] ; 8.368  ;        ;        ; 8.499  ;
; iSelect[0] ; oDisplay5[0] ;        ; 8.668  ; 9.121  ;        ;
; iSelect[0] ; oDisplay5[2] ;        ; 8.381  ; 8.834  ;        ;
; iSelect[0] ; oDisplay5[3] ;        ; 8.527  ; 8.946  ;        ;
; iSelect[0] ; oDisplay5[5] ;        ; 8.241  ; 8.722  ;        ;
; iSelect[0] ; oDisplay5[6] ;        ; 8.276  ; 8.735  ;        ;
; iSelect[0] ; oDisplay6[0] ; 8.310  ;        ;        ; 8.415  ;
; iSelect[0] ; oDisplay6[2] ; 8.104  ;        ;        ; 8.246  ;
; iSelect[0] ; oDisplay6[3] ; 8.520  ;        ;        ; 8.559  ;
; iSelect[0] ; oDisplay6[5] ; 11.360 ;        ;        ; 10.748 ;
; iSelect[0] ; oDisplay6[6] ; 8.144  ;        ;        ; 8.283  ;
; iSelect[1] ; oDisplay1[0] ; 8.105  ;        ;        ; 8.294  ;
; iSelect[1] ; oDisplay1[2] ; 8.063  ;        ;        ; 8.181  ;
; iSelect[1] ; oDisplay1[3] ; 8.208  ;        ;        ; 8.387  ;
; iSelect[1] ; oDisplay1[5] ; 8.165  ;        ;        ; 8.352  ;
; iSelect[1] ; oDisplay1[6] ; 8.035  ;        ;        ; 8.176  ;
; iSelect[1] ; oDisplay2[0] ;        ; 7.712  ; 8.153  ;        ;
; iSelect[1] ; oDisplay2[2] ;        ; 7.676  ; 8.111  ;        ;
; iSelect[1] ; oDisplay2[3] ;        ; 7.710  ; 8.150  ;        ;
; iSelect[1] ; oDisplay2[5] ;        ; 7.668  ; 8.102  ;        ;
; iSelect[1] ; oDisplay2[6] ;        ; 8.186  ; 8.776  ;        ;
; iSelect[1] ; oDisplay3[0] ;        ; 8.304  ; 8.854  ;        ;
; iSelect[1] ; oDisplay3[2] ;        ; 8.252  ; 8.858  ;        ;
; iSelect[1] ; oDisplay3[3] ;        ; 7.860  ; 8.342  ;        ;
; iSelect[1] ; oDisplay3[5] ;        ; 8.761  ; 9.484  ;        ;
; iSelect[1] ; oDisplay3[6] ;        ; 7.536  ; 7.902  ;        ;
; iSelect[1] ; oDisplay4[0] ; 7.484  ;        ;        ; 7.737  ;
; iSelect[1] ; oDisplay4[2] ; 7.494  ;        ;        ; 7.744  ;
; iSelect[1] ; oDisplay4[3] ; 7.943  ;        ;        ; 8.069  ;
; iSelect[1] ; oDisplay4[5] ; 8.117  ;        ;        ; 8.281  ;
; iSelect[1] ; oDisplay4[6] ; 8.106  ;        ;        ; 8.271  ;
; iSelect[1] ; oDisplay5[0] ; 8.605  ;        ;        ; 8.684  ;
; iSelect[1] ; oDisplay5[2] ; 8.318  ;        ;        ; 8.397  ;
; iSelect[1] ; oDisplay5[3] ; 8.430  ;        ;        ; 8.543  ;
; iSelect[1] ; oDisplay5[5] ; 8.206  ;        ;        ; 8.257  ;
; iSelect[1] ; oDisplay5[6] ; 8.219  ;        ;        ; 8.292  ;
; iSelect[1] ; oDisplay6[0] ;        ; 7.896  ; 8.324  ;        ;
; iSelect[1] ; oDisplay6[2] ;        ; 7.727  ; 8.118  ;        ;
; iSelect[1] ; oDisplay6[3] ;        ; 8.040  ; 8.534  ;        ;
; iSelect[1] ; oDisplay6[5] ;        ; 10.229 ; 11.374 ;        ;
; iSelect[1] ; oDisplay6[6] ;        ; 7.764  ; 8.158  ;        ;
; iSelect[2] ; oDisplay1[0] ; 7.938  ;        ;        ; 8.134  ;
; iSelect[2] ; oDisplay1[2] ; 7.896  ;        ;        ; 8.021  ;
; iSelect[2] ; oDisplay1[3] ; 8.041  ;        ;        ; 8.227  ;
; iSelect[2] ; oDisplay1[5] ; 7.998  ;        ;        ; 8.192  ;
; iSelect[2] ; oDisplay1[6] ; 7.868  ;        ;        ; 8.016  ;
; iSelect[2] ; oDisplay2[0] ; 7.716  ;        ;        ; 7.849  ;
; iSelect[2] ; oDisplay2[2] ; 7.674  ;        ;        ; 7.813  ;
; iSelect[2] ; oDisplay2[3] ; 7.713  ;        ;        ; 7.847  ;
; iSelect[2] ; oDisplay2[5] ; 7.665  ;        ;        ; 7.805  ;
; iSelect[2] ; oDisplay2[6] ; 8.339  ;        ;        ; 8.323  ;
; iSelect[2] ; oDisplay3[0] ; 8.401  ;        ;        ; 8.426  ;
; iSelect[2] ; oDisplay3[2] ; 8.405  ;        ;        ; 8.374  ;
; iSelect[2] ; oDisplay3[3] ; 7.889  ;        ;        ; 7.982  ;
; iSelect[2] ; oDisplay3[5] ; 9.031  ;        ;        ; 8.883  ;
; iSelect[2] ; oDisplay3[6] ; 7.449  ;        ;        ; 7.658  ;
; iSelect[2] ; oDisplay4[0] ;        ; 7.252  ; 7.611  ;        ;
; iSelect[2] ; oDisplay4[2] ;        ; 7.259  ; 7.621  ;        ;
; iSelect[2] ; oDisplay4[3] ;        ; 7.584  ; 8.070  ;        ;
; iSelect[2] ; oDisplay4[5] ;        ; 7.796  ; 8.244  ;        ;
; iSelect[2] ; oDisplay4[6] ;        ; 7.786  ; 8.233  ;        ;
; iSelect[2] ; oDisplay5[0] ;        ; 8.201  ; 8.723  ;        ;
; iSelect[2] ; oDisplay5[2] ;        ; 7.914  ; 8.436  ;        ;
; iSelect[2] ; oDisplay5[3] ;        ; 8.060  ; 8.548  ;        ;
; iSelect[2] ; oDisplay5[5] ;        ; 7.774  ; 8.324  ;        ;
; iSelect[2] ; oDisplay5[6] ;        ; 7.809  ; 8.337  ;        ;
; iSelect[2] ; oDisplay6[0] ;        ; 7.701  ; 8.174  ;        ;
; iSelect[2] ; oDisplay6[2] ;        ; 7.532  ; 7.968  ;        ;
; iSelect[2] ; oDisplay6[3] ;        ; 7.845  ; 8.384  ;        ;
; iSelect[2] ; oDisplay6[5] ;        ; 10.034 ; 11.224 ;        ;
; iSelect[2] ; oDisplay6[6] ;        ; 7.569  ; 8.008  ;        ;
+------------+--------------+--------+--------+--------+--------+


+-------------------------------------------------------------+
; Minimum Propagation Delay                                   ;
+------------+--------------+--------+-------+--------+-------+
; Input Port ; Output Port  ; RR     ; RF    ; FR     ; FF    ;
+------------+--------------+--------+-------+--------+-------+
; iSelect[0] ; oDisplay1[0] ;        ; 7.469 ; 7.724  ;       ;
; iSelect[0] ; oDisplay1[2] ;        ; 7.357 ; 7.670  ;       ;
; iSelect[0] ; oDisplay1[3] ;        ; 7.557 ; 7.821  ;       ;
; iSelect[0] ; oDisplay1[5] ;        ; 7.522 ; 7.779  ;       ;
; iSelect[0] ; oDisplay1[6] ;        ; 7.360 ; 7.660  ;       ;
; iSelect[0] ; oDisplay2[0] ; 7.374  ;       ;        ; 7.368 ;
; iSelect[0] ; oDisplay2[2] ; 7.332  ;       ;        ; 7.333 ;
; iSelect[0] ; oDisplay2[3] ; 7.371  ;       ;        ; 7.367 ;
; iSelect[0] ; oDisplay2[5] ; 7.323  ;       ;        ; 7.324 ;
; iSelect[0] ; oDisplay2[6] ; 7.859  ;       ;        ; 7.770 ;
; iSelect[0] ; oDisplay3[0] ;        ; 7.740 ; 8.126  ;       ;
; iSelect[0] ; oDisplay3[2] ;        ; 7.695 ; 8.133  ;       ;
; iSelect[0] ; oDisplay3[3] ;        ; 7.345 ; 7.684  ;       ;
; iSelect[0] ; oDisplay3[5] ;        ; 8.146 ; 8.651  ;       ;
; iSelect[0] ; oDisplay3[6] ;        ; 7.083 ; 7.350  ;       ;
; iSelect[0] ; oDisplay4[0] ; 7.054  ;       ;        ; 7.158 ;
; iSelect[0] ; oDisplay4[2] ; 7.064  ;       ;        ; 7.166 ;
; iSelect[0] ; oDisplay4[3] ; 7.420  ;       ;        ; 7.434 ;
; iSelect[0] ; oDisplay4[5] ; 7.568  ;       ;        ; 7.628 ;
; iSelect[0] ; oDisplay4[6] ; 7.557  ;       ;        ; 7.618 ;
; iSelect[0] ; oDisplay5[0] ;        ; 7.846 ; 8.190  ;       ;
; iSelect[0] ; oDisplay5[2] ;        ; 7.576 ; 7.922  ;       ;
; iSelect[0] ; oDisplay5[3] ;        ; 7.705 ; 8.015  ;       ;
; iSelect[0] ; oDisplay5[5] ;        ; 7.439 ; 7.803  ;       ;
; iSelect[0] ; oDisplay5[6] ;        ; 7.470 ; 7.817  ;       ;
; iSelect[0] ; oDisplay6[0] ; 7.538  ;       ;        ; 7.556 ;
; iSelect[0] ; oDisplay6[2] ; 7.333  ;       ;        ; 7.390 ;
; iSelect[0] ; oDisplay6[3] ; 7.639  ;       ;        ; 7.647 ;
; iSelect[0] ; oDisplay6[5] ; 10.140 ;       ;        ; 9.645 ;
; iSelect[0] ; oDisplay6[6] ; 7.374  ;       ;        ; 7.428 ;
; iSelect[1] ; oDisplay1[0] ; 7.350  ;       ;        ; 7.452 ;
; iSelect[1] ; oDisplay1[2] ; 7.296  ;       ;        ; 7.340 ;
; iSelect[1] ; oDisplay1[3] ; 7.447  ;       ;        ; 7.540 ;
; iSelect[1] ; oDisplay1[5] ; 7.405  ;       ;        ; 7.505 ;
; iSelect[1] ; oDisplay1[6] ; 7.286  ;       ;        ; 7.343 ;
; iSelect[1] ; oDisplay2[0] ;        ; 6.984 ; 7.350  ;       ;
; iSelect[1] ; oDisplay2[2] ;        ; 6.949 ; 7.308  ;       ;
; iSelect[1] ; oDisplay2[3] ;        ; 6.983 ; 7.347  ;       ;
; iSelect[1] ; oDisplay2[5] ;        ; 6.940 ; 7.299  ;       ;
; iSelect[1] ; oDisplay2[6] ;        ; 7.386 ; 7.835  ;       ;
; iSelect[1] ; oDisplay3[0] ;        ; 7.494 ; 7.928  ;       ;
; iSelect[1] ; oDisplay3[2] ;        ; 7.449 ; 7.935  ;       ;
; iSelect[1] ; oDisplay3[3] ;        ; 7.099 ; 7.486  ;       ;
; iSelect[1] ; oDisplay3[5] ;        ; 7.900 ; 8.453  ;       ;
; iSelect[1] ; oDisplay3[6] ;        ; 6.837 ; 7.152  ;       ;
; iSelect[1] ; oDisplay4[0] ; 6.809  ;       ;        ; 6.953 ;
; iSelect[1] ; oDisplay4[2] ; 6.819  ;       ;        ; 6.961 ;
; iSelect[1] ; oDisplay4[3] ; 7.175  ;       ;        ; 7.229 ;
; iSelect[1] ; oDisplay4[5] ; 7.323  ;       ;        ; 7.423 ;
; iSelect[1] ; oDisplay4[6] ; 7.312  ;       ;        ; 7.413 ;
; iSelect[1] ; oDisplay5[0] ; 7.792  ;       ;        ; 7.807 ;
; iSelect[1] ; oDisplay5[2] ; 7.524  ;       ;        ; 7.537 ;
; iSelect[1] ; oDisplay5[3] ; 7.617  ;       ;        ; 7.666 ;
; iSelect[1] ; oDisplay5[5] ; 7.405  ;       ;        ; 7.400 ;
; iSelect[1] ; oDisplay5[6] ; 7.419  ;       ;        ; 7.431 ;
; iSelect[1] ; oDisplay6[0] ;        ; 7.147 ; 7.494  ;       ;
; iSelect[1] ; oDisplay6[2] ;        ; 6.981 ; 7.289  ;       ;
; iSelect[1] ; oDisplay6[3] ;        ; 7.238 ; 7.595  ;       ;
; iSelect[1] ; oDisplay6[5] ;        ; 9.236 ; 10.096 ;       ;
; iSelect[1] ; oDisplay6[6] ;        ; 7.019 ; 7.330  ;       ;
; iSelect[2] ; oDisplay1[0] ; 7.241  ;       ;        ; 7.369 ;
; iSelect[2] ; oDisplay1[2] ; 7.187  ;       ;        ; 7.257 ;
; iSelect[2] ; oDisplay1[3] ; 7.338  ;       ;        ; 7.457 ;
; iSelect[2] ; oDisplay1[5] ; 7.296  ;       ;        ; 7.422 ;
; iSelect[2] ; oDisplay1[6] ; 7.177  ;       ;        ; 7.260 ;
; iSelect[2] ; oDisplay2[0] ; 7.051  ;       ;        ; 7.111 ;
; iSelect[2] ; oDisplay2[2] ; 7.009  ;       ;        ; 7.076 ;
; iSelect[2] ; oDisplay2[3] ; 7.048  ;       ;        ; 7.110 ;
; iSelect[2] ; oDisplay2[5] ; 7.000  ;       ;        ; 7.067 ;
; iSelect[2] ; oDisplay2[6] ; 7.536  ;       ;        ; 7.513 ;
; iSelect[2] ; oDisplay3[0] ; 7.609  ;       ;        ; 7.610 ;
; iSelect[2] ; oDisplay3[2] ; 7.616  ;       ;        ; 7.565 ;
; iSelect[2] ; oDisplay3[3] ; 7.167  ;       ;        ; 7.215 ;
; iSelect[2] ; oDisplay3[5] ; 8.134  ;       ;        ; 8.016 ;
; iSelect[2] ; oDisplay3[6] ; 6.833  ;       ;        ; 6.953 ;
; iSelect[2] ; oDisplay4[0] ;        ; 6.641 ; 6.912  ;       ;
; iSelect[2] ; oDisplay4[2] ;        ; 6.649 ; 6.922  ;       ;
; iSelect[2] ; oDisplay4[3] ;        ; 6.917 ; 7.278  ;       ;
; iSelect[2] ; oDisplay4[5] ;        ; 7.111 ; 7.426  ;       ;
; iSelect[2] ; oDisplay4[6] ;        ; 7.101 ; 7.415  ;       ;
; iSelect[2] ; oDisplay5[0] ;        ; 7.496 ; 7.879  ;       ;
; iSelect[2] ; oDisplay5[2] ;        ; 7.226 ; 7.611  ;       ;
; iSelect[2] ; oDisplay5[3] ;        ; 7.355 ; 7.704  ;       ;
; iSelect[2] ; oDisplay5[5] ;        ; 7.089 ; 7.492  ;       ;
; iSelect[2] ; oDisplay5[6] ;        ; 7.120 ; 7.506  ;       ;
; iSelect[2] ; oDisplay6[0] ;        ; 7.040 ; 7.396  ;       ;
; iSelect[2] ; oDisplay6[2] ;        ; 6.874 ; 7.191  ;       ;
; iSelect[2] ; oDisplay6[3] ;        ; 7.131 ; 7.497  ;       ;
; iSelect[2] ; oDisplay6[5] ;        ; 9.129 ; 9.998  ;       ;
; iSelect[2] ; oDisplay6[6] ;        ; 6.912 ; 7.232  ;       ;
+------------+--------------+--------+-------+--------+-------+


---------------------------------------------
; Slow 1100mV 0C Model Metastability Report ;
---------------------------------------------
No synchronizer chains to report.


---------------------------------------
; Fast 1100mV 85C Model Setup Summary ;
---------------------------------------
No paths to report.


--------------------------------------
; Fast 1100mV 85C Model Hold Summary ;
--------------------------------------
No paths to report.


------------------------------------------
; Fast 1100mV 85C Model Recovery Summary ;
------------------------------------------
No paths to report.


-----------------------------------------
; Fast 1100mV 85C Model Removal Summary ;
-----------------------------------------
No paths to report.


-----------------------------------------------------
; Fast 1100mV 85C Model Minimum Pulse Width Summary ;
-----------------------------------------------------
No paths to report.


+-----------------------------------------------------------+
; Propagation Delay                                         ;
+------------+--------------+-------+-------+-------+-------+
; Input Port ; Output Port  ; RR    ; RF    ; FR    ; FF    ;
+------------+--------------+-------+-------+-------+-------+
; iSelect[0] ; oDisplay1[0] ;       ; 4.372 ; 5.094 ;       ;
; iSelect[0] ; oDisplay1[2] ;       ; 4.305 ; 5.069 ;       ;
; iSelect[0] ; oDisplay1[3] ;       ; 4.394 ; 5.125 ;       ;
; iSelect[0] ; oDisplay1[5] ;       ; 4.393 ; 5.116 ;       ;
; iSelect[0] ; oDisplay1[6] ;       ; 4.294 ; 5.050 ;       ;
; iSelect[0] ; oDisplay2[0] ; 4.379 ;       ;       ; 4.746 ;
; iSelect[0] ; oDisplay2[2] ; 4.370 ;       ;       ; 4.746 ;
; iSelect[0] ; oDisplay2[3] ; 4.372 ;       ;       ; 4.740 ;
; iSelect[0] ; oDisplay2[5] ; 4.355 ;       ;       ; 4.731 ;
; iSelect[0] ; oDisplay2[6] ; 4.811 ;       ;       ; 5.062 ;
; iSelect[0] ; oDisplay3[0] ;       ; 4.575 ; 5.461 ;       ;
; iSelect[0] ; oDisplay3[2] ;       ; 4.551 ; 5.447 ;       ;
; iSelect[0] ; oDisplay3[3] ;       ; 4.306 ; 5.103 ;       ;
; iSelect[0] ; oDisplay3[5] ;       ; 4.831 ; 5.818 ;       ;
; iSelect[0] ; oDisplay3[6] ;       ; 4.107 ; 4.810 ;       ;
; iSelect[0] ; oDisplay4[0] ; 4.171 ;       ;       ; 4.629 ;
; iSelect[0] ; oDisplay4[2] ; 4.186 ;       ;       ; 4.620 ;
; iSelect[0] ; oDisplay4[3] ; 4.467 ;       ;       ; 4.825 ;
; iSelect[0] ; oDisplay4[5] ; 4.592 ;       ;       ; 4.953 ;
; iSelect[0] ; oDisplay4[6] ; 4.575 ;       ;       ; 4.962 ;
; iSelect[0] ; oDisplay5[0] ;       ; 4.588 ; 5.418 ;       ;
; iSelect[0] ; oDisplay5[2] ;       ; 4.459 ; 5.281 ;       ;
; iSelect[0] ; oDisplay5[3] ;       ; 4.520 ; 5.331 ;       ;
; iSelect[0] ; oDisplay5[5] ;       ; 4.350 ; 5.206 ;       ;
; iSelect[0] ; oDisplay5[6] ;       ; 4.391 ; 5.213 ;       ;
; iSelect[0] ; oDisplay6[0] ; 4.540 ;       ;       ; 4.884 ;
; iSelect[0] ; oDisplay6[2] ; 4.354 ;       ;       ; 4.766 ;
; iSelect[0] ; oDisplay6[3] ; 4.627 ;       ;       ; 4.955 ;
; iSelect[0] ; oDisplay6[5] ; 6.531 ;       ;       ; 6.329 ;
; iSelect[0] ; oDisplay6[6] ; 4.405 ;       ;       ; 4.792 ;
; iSelect[1] ; oDisplay1[0] ; 4.446 ;       ;       ; 4.860 ;
; iSelect[1] ; oDisplay1[2] ; 4.421 ;       ;       ; 4.793 ;
; iSelect[1] ; oDisplay1[3] ; 4.477 ;       ;       ; 4.882 ;
; iSelect[1] ; oDisplay1[5] ; 4.468 ;       ;       ; 4.881 ;
; iSelect[1] ; oDisplay1[6] ; 4.402 ;       ;       ; 4.782 ;
; iSelect[1] ; oDisplay2[0] ;       ; 4.099 ; 4.867 ;       ;
; iSelect[1] ; oDisplay2[2] ;       ; 4.099 ; 4.858 ;       ;
; iSelect[1] ; oDisplay2[3] ;       ; 4.093 ; 4.860 ;       ;
; iSelect[1] ; oDisplay2[5] ;       ; 4.084 ; 4.843 ;       ;
; iSelect[1] ; oDisplay2[6] ;       ; 4.415 ; 5.299 ;       ;
; iSelect[1] ; oDisplay3[0] ;       ; 4.471 ; 5.355 ;       ;
; iSelect[1] ; oDisplay3[2] ;       ; 4.447 ; 5.341 ;       ;
; iSelect[1] ; oDisplay3[3] ;       ; 4.202 ; 4.997 ;       ;
; iSelect[1] ; oDisplay3[5] ;       ; 4.727 ; 5.712 ;       ;
; iSelect[1] ; oDisplay3[6] ;       ; 4.003 ; 4.704 ;       ;
; iSelect[1] ; oDisplay4[0] ; 4.068 ;       ;       ; 4.526 ;
; iSelect[1] ; oDisplay4[2] ; 4.083 ;       ;       ; 4.517 ;
; iSelect[1] ; oDisplay4[3] ; 4.364 ;       ;       ; 4.722 ;
; iSelect[1] ; oDisplay4[5] ; 4.489 ;       ;       ; 4.850 ;
; iSelect[1] ; oDisplay4[6] ; 4.472 ;       ;       ; 4.859 ;
; iSelect[1] ; oDisplay5[0] ; 4.744 ;       ;       ; 5.053 ;
; iSelect[1] ; oDisplay5[2] ; 4.607 ;       ;       ; 4.924 ;
; iSelect[1] ; oDisplay5[3] ; 4.657 ;       ;       ; 4.985 ;
; iSelect[1] ; oDisplay5[5] ; 4.532 ;       ;       ; 4.815 ;
; iSelect[1] ; oDisplay5[6] ; 4.539 ;       ;       ; 4.856 ;
; iSelect[1] ; oDisplay6[0] ;       ; 4.211 ; 5.005 ;       ;
; iSelect[1] ; oDisplay6[2] ;       ; 4.093 ; 4.819 ;       ;
; iSelect[1] ; oDisplay6[3] ;       ; 4.282 ; 5.092 ;       ;
; iSelect[1] ; oDisplay6[5] ;       ; 5.656 ; 6.996 ;       ;
; iSelect[1] ; oDisplay6[6] ;       ; 4.119 ; 4.870 ;       ;
; iSelect[2] ; oDisplay1[0] ; 4.404 ;       ;       ; 4.839 ;
; iSelect[2] ; oDisplay1[2] ; 4.379 ;       ;       ; 4.772 ;
; iSelect[2] ; oDisplay1[3] ; 4.435 ;       ;       ; 4.861 ;
; iSelect[2] ; oDisplay1[5] ; 4.426 ;       ;       ; 4.860 ;
; iSelect[2] ; oDisplay1[6] ; 4.360 ;       ;       ; 4.761 ;
; iSelect[2] ; oDisplay2[0] ; 4.261 ;       ;       ; 4.657 ;
; iSelect[2] ; oDisplay2[2] ; 4.252 ;       ;       ; 4.657 ;
; iSelect[2] ; oDisplay2[3] ; 4.254 ;       ;       ; 4.651 ;
; iSelect[2] ; oDisplay2[5] ; 4.237 ;       ;       ; 4.642 ;
; iSelect[2] ; oDisplay2[6] ; 4.693 ;       ;       ; 4.973 ;
; iSelect[2] ; oDisplay3[0] ; 4.738 ;       ;       ; 5.012 ;
; iSelect[2] ; oDisplay3[2] ; 4.724 ;       ;       ; 4.988 ;
; iSelect[2] ; oDisplay3[3] ; 4.380 ;       ;       ; 4.743 ;
; iSelect[2] ; oDisplay3[5] ; 5.095 ;       ;       ; 5.268 ;
; iSelect[2] ; oDisplay3[6] ; 4.087 ;       ;       ; 4.544 ;
; iSelect[2] ; oDisplay4[0] ;       ; 3.916 ; 4.611 ;       ;
; iSelect[2] ; oDisplay4[2] ;       ; 3.907 ; 4.626 ;       ;
; iSelect[2] ; oDisplay4[3] ;       ; 4.112 ; 4.907 ;       ;
; iSelect[2] ; oDisplay4[5] ;       ; 4.240 ; 5.032 ;       ;
; iSelect[2] ; oDisplay4[6] ;       ; 4.249 ; 5.015 ;       ;
; iSelect[2] ; oDisplay5[0] ;       ; 4.438 ; 5.278 ;       ;
; iSelect[2] ; oDisplay5[2] ;       ; 4.309 ; 5.141 ;       ;
; iSelect[2] ; oDisplay5[3] ;       ; 4.370 ; 5.191 ;       ;
; iSelect[2] ; oDisplay5[5] ;       ; 4.200 ; 5.066 ;       ;
; iSelect[2] ; oDisplay5[6] ;       ; 4.241 ; 5.073 ;       ;
; iSelect[2] ; oDisplay6[0] ;       ; 4.169 ; 4.979 ;       ;
; iSelect[2] ; oDisplay6[2] ;       ; 4.051 ; 4.793 ;       ;
; iSelect[2] ; oDisplay6[3] ;       ; 4.240 ; 5.066 ;       ;
; iSelect[2] ; oDisplay6[5] ;       ; 5.614 ; 6.970 ;       ;
; iSelect[2] ; oDisplay6[6] ;       ; 4.077 ; 4.844 ;       ;
+------------+--------------+-------+-------+-------+-------+


+-----------------------------------------------------------+
; Minimum Propagation Delay                                 ;
+------------+--------------+-------+-------+-------+-------+
; Input Port ; Output Port  ; RR    ; RF    ; FR    ; FF    ;
+------------+--------------+-------+-------+-------+-------+
; iSelect[0] ; oDisplay1[0] ;       ; 4.034 ; 4.680 ;       ;
; iSelect[0] ; oDisplay1[2] ;       ; 3.965 ; 4.639 ;       ;
; iSelect[0] ; oDisplay1[3] ;       ; 4.054 ; 4.708 ;       ;
; iSelect[0] ; oDisplay1[5] ;       ; 4.053 ; 4.700 ;       ;
; iSelect[0] ; oDisplay1[6] ;       ; 3.962 ; 4.630 ;       ;
; iSelect[0] ; oDisplay2[0] ; 4.045 ;       ;       ; 4.364 ;
; iSelect[0] ; oDisplay2[2] ; 4.036 ;       ;       ; 4.364 ;
; iSelect[0] ; oDisplay2[3] ; 4.038 ;       ;       ; 4.358 ;
; iSelect[0] ; oDisplay2[5] ; 4.021 ;       ;       ; 4.349 ;
; iSelect[0] ; oDisplay2[6] ; 4.385 ;       ;       ; 4.637 ;
; iSelect[0] ; oDisplay3[0] ;       ; 4.208 ; 4.973 ;       ;
; iSelect[0] ; oDisplay3[2] ;       ; 4.187 ; 4.960 ;       ;
; iSelect[0] ; oDisplay3[3] ;       ; 3.968 ; 4.660 ;       ;
; iSelect[0] ; oDisplay3[5] ;       ; 4.440 ; 5.268 ;       ;
; iSelect[0] ; oDisplay3[6] ;       ; 3.801 ; 4.440 ;       ;
; iSelect[0] ; oDisplay4[0] ; 3.872 ;       ;       ; 4.262 ;
; iSelect[0] ; oDisplay4[2] ; 3.887 ;       ;       ; 4.253 ;
; iSelect[0] ; oDisplay4[3] ; 4.103 ;       ;       ; 4.426 ;
; iSelect[0] ; oDisplay4[5] ; 4.217 ;       ;       ; 4.539 ;
; iSelect[0] ; oDisplay4[6] ; 4.201 ;       ;       ; 4.547 ;
; iSelect[0] ; oDisplay5[0] ;       ; 4.232 ; 4.961 ;       ;
; iSelect[0] ; oDisplay5[2] ;       ; 4.112 ; 4.832 ;       ;
; iSelect[0] ; oDisplay5[3] ;       ; 4.165 ; 4.874 ;       ;
; iSelect[0] ; oDisplay5[5] ;       ; 4.005 ; 4.747 ;       ;
; iSelect[0] ; oDisplay5[6] ;       ; 4.044 ; 4.760 ;       ;
; iSelect[0] ; oDisplay6[0] ; 4.191 ;       ;       ; 4.488 ;
; iSelect[0] ; oDisplay6[2] ; 4.011 ;       ;       ; 4.375 ;
; iSelect[0] ; oDisplay6[3] ; 4.213 ;       ;       ; 4.528 ;
; iSelect[0] ; oDisplay6[5] ; 5.916 ;       ;       ; 5.791 ;
; iSelect[0] ; oDisplay6[6] ; 4.063 ;       ;       ; 4.401 ;
; iSelect[1] ; oDisplay1[0] ; 4.107 ;       ;       ; 4.469 ;
; iSelect[1] ; oDisplay1[2] ; 4.066 ;       ;       ; 4.400 ;
; iSelect[1] ; oDisplay1[3] ; 4.135 ;       ;       ; 4.489 ;
; iSelect[1] ; oDisplay1[5] ; 4.127 ;       ;       ; 4.488 ;
; iSelect[1] ; oDisplay1[6] ; 4.057 ;       ;       ; 4.397 ;
; iSelect[1] ; oDisplay2[0] ;       ; 3.788 ; 4.477 ;       ;
; iSelect[1] ; oDisplay2[2] ;       ; 3.788 ; 4.468 ;       ;
; iSelect[1] ; oDisplay2[3] ;       ; 3.782 ; 4.470 ;       ;
; iSelect[1] ; oDisplay2[5] ;       ; 3.773 ; 4.453 ;       ;
; iSelect[1] ; oDisplay2[6] ;       ; 4.061 ; 4.817 ;       ;
; iSelect[1] ; oDisplay3[0] ;       ; 4.114 ; 4.882 ;       ;
; iSelect[1] ; oDisplay3[2] ;       ; 4.093 ; 4.869 ;       ;
; iSelect[1] ; oDisplay3[3] ;       ; 3.874 ; 4.569 ;       ;
; iSelect[1] ; oDisplay3[5] ;       ; 4.346 ; 5.177 ;       ;
; iSelect[1] ; oDisplay3[6] ;       ; 3.707 ; 4.349 ;       ;
; iSelect[1] ; oDisplay4[0] ; 3.778 ;       ;       ; 4.170 ;
; iSelect[1] ; oDisplay4[2] ; 3.793 ;       ;       ; 4.161 ;
; iSelect[1] ; oDisplay4[3] ; 4.009 ;       ;       ; 4.334 ;
; iSelect[1] ; oDisplay4[5] ; 4.123 ;       ;       ; 4.447 ;
; iSelect[1] ; oDisplay4[6] ; 4.107 ;       ;       ; 4.455 ;
; iSelect[1] ; oDisplay5[0] ; 4.365 ;       ;       ; 4.647 ;
; iSelect[1] ; oDisplay5[2] ; 4.236 ;       ;       ; 4.527 ;
; iSelect[1] ; oDisplay5[3] ; 4.278 ;       ;       ; 4.580 ;
; iSelect[1] ; oDisplay5[5] ; 4.151 ;       ;       ; 4.420 ;
; iSelect[1] ; oDisplay5[6] ; 4.164 ;       ;       ; 4.459 ;
; iSelect[1] ; oDisplay6[0] ;       ; 3.889 ; 4.603 ;       ;
; iSelect[1] ; oDisplay6[2] ;       ; 3.776 ; 4.423 ;       ;
; iSelect[1] ; oDisplay6[3] ;       ; 3.929 ; 4.625 ;       ;
; iSelect[1] ; oDisplay6[5] ;       ; 5.192 ; 6.328 ;       ;
; iSelect[1] ; oDisplay6[6] ;       ; 3.802 ; 4.475 ;       ;
; iSelect[2] ; oDisplay1[0] ; 4.087 ;       ;       ; 4.473 ;
; iSelect[2] ; oDisplay1[2] ; 4.046 ;       ;       ; 4.404 ;
; iSelect[2] ; oDisplay1[3] ; 4.115 ;       ;       ; 4.493 ;
; iSelect[2] ; oDisplay1[5] ; 4.107 ;       ;       ; 4.492 ;
; iSelect[2] ; oDisplay1[6] ; 4.037 ;       ;       ; 4.401 ;
; iSelect[2] ; oDisplay2[0] ; 3.956 ;       ;       ; 4.307 ;
; iSelect[2] ; oDisplay2[2] ; 3.947 ;       ;       ; 4.307 ;
; iSelect[2] ; oDisplay2[3] ; 3.949 ;       ;       ; 4.301 ;
; iSelect[2] ; oDisplay2[5] ; 3.932 ;       ;       ; 4.292 ;
; iSelect[2] ; oDisplay2[6] ; 4.296 ;       ;       ; 4.580 ;
; iSelect[2] ; oDisplay3[0] ; 4.350 ;       ;       ; 4.618 ;
; iSelect[2] ; oDisplay3[2] ; 4.337 ;       ;       ; 4.597 ;
; iSelect[2] ; oDisplay3[3] ; 4.037 ;       ;       ; 4.378 ;
; iSelect[2] ; oDisplay3[5] ; 4.645 ;       ;       ; 4.850 ;
; iSelect[2] ; oDisplay3[6] ; 3.817 ;       ;       ; 4.211 ;
; iSelect[2] ; oDisplay4[0] ;       ; 3.650 ; 4.278 ;       ;
; iSelect[2] ; oDisplay4[2] ;       ; 3.641 ; 4.293 ;       ;
; iSelect[2] ; oDisplay4[3] ;       ; 3.814 ; 4.509 ;       ;
; iSelect[2] ; oDisplay4[5] ;       ; 3.927 ; 4.623 ;       ;
; iSelect[2] ; oDisplay4[6] ;       ; 3.935 ; 4.607 ;       ;
; iSelect[2] ; oDisplay5[0] ;       ; 4.122 ; 4.857 ;       ;
; iSelect[2] ; oDisplay5[2] ;       ; 4.002 ; 4.728 ;       ;
; iSelect[2] ; oDisplay5[3] ;       ; 4.055 ; 4.770 ;       ;
; iSelect[2] ; oDisplay5[5] ;       ; 3.895 ; 4.643 ;       ;
; iSelect[2] ; oDisplay5[6] ;       ; 3.934 ; 4.656 ;       ;
; iSelect[2] ; oDisplay6[0] ;       ; 3.875 ; 4.597 ;       ;
; iSelect[2] ; oDisplay6[2] ;       ; 3.762 ; 4.417 ;       ;
; iSelect[2] ; oDisplay6[3] ;       ; 3.915 ; 4.619 ;       ;
; iSelect[2] ; oDisplay6[5] ;       ; 5.178 ; 6.322 ;       ;
; iSelect[2] ; oDisplay6[6] ;       ; 3.788 ; 4.469 ;       ;
+------------+--------------+-------+-------+-------+-------+


----------------------------------------------
; Fast 1100mV 85C Model Metastability Report ;
----------------------------------------------
No synchronizer chains to report.


--------------------------------------
; Fast 1100mV 0C Model Setup Summary ;
--------------------------------------
No paths to report.


-------------------------------------
; Fast 1100mV 0C Model Hold Summary ;
-------------------------------------
No paths to report.


-----------------------------------------
; Fast 1100mV 0C Model Recovery Summary ;
-----------------------------------------
No paths to report.


----------------------------------------
; Fast 1100mV 0C Model Removal Summary ;
----------------------------------------
No paths to report.


----------------------------------------------------
; Fast 1100mV 0C Model Minimum Pulse Width Summary ;
----------------------------------------------------
No paths to report.


+-----------------------------------------------------------+
; Propagation Delay                                         ;
+------------+--------------+-------+-------+-------+-------+
; Input Port ; Output Port  ; RR    ; RF    ; FR    ; FF    ;
+------------+--------------+-------+-------+-------+-------+
; iSelect[0] ; oDisplay1[0] ;       ; 4.151 ; 4.819 ;       ;
; iSelect[0] ; oDisplay1[2] ;       ; 4.121 ; 4.818 ;       ;
; iSelect[0] ; oDisplay1[3] ;       ; 4.187 ; 4.861 ;       ;
; iSelect[0] ; oDisplay1[5] ;       ; 4.172 ; 4.842 ;       ;
; iSelect[0] ; oDisplay1[6] ;       ; 4.100 ; 4.790 ;       ;
; iSelect[0] ; oDisplay2[0] ; 4.136 ;       ;       ; 4.548 ;
; iSelect[0] ; oDisplay2[2] ; 4.118 ;       ;       ; 4.533 ;
; iSelect[0] ; oDisplay2[3] ; 4.129 ;       ;       ; 4.542 ;
; iSelect[0] ; oDisplay2[5] ; 4.103 ;       ;       ; 4.519 ;
; iSelect[0] ; oDisplay2[6] ; 4.529 ;       ;       ; 4.838 ;
; iSelect[0] ; oDisplay3[0] ;       ; 4.327 ; 5.157 ;       ;
; iSelect[0] ; oDisplay3[2] ;       ; 4.321 ; 5.136 ;       ;
; iSelect[0] ; oDisplay3[3] ;       ; 4.075 ; 4.820 ;       ;
; iSelect[0] ; oDisplay3[5] ;       ; 4.585 ; 5.478 ;       ;
; iSelect[0] ; oDisplay3[6] ;       ; 3.929 ; 4.569 ;       ;
; iSelect[0] ; oDisplay4[0] ; 3.935 ;       ;       ; 4.408 ;
; iSelect[0] ; oDisplay4[2] ; 3.951 ;       ;       ; 4.395 ;
; iSelect[0] ; oDisplay4[3] ; 4.204 ;       ;       ; 4.591 ;
; iSelect[0] ; oDisplay4[5] ; 4.331 ;       ;       ; 4.704 ;
; iSelect[0] ; oDisplay4[6] ; 4.314 ;       ;       ; 4.716 ;
; iSelect[0] ; oDisplay5[0] ;       ; 4.351 ; 5.117 ;       ;
; iSelect[0] ; oDisplay5[2] ;       ; 4.220 ; 4.986 ;       ;
; iSelect[0] ; oDisplay5[3] ;       ; 4.257 ; 5.023 ;       ;
; iSelect[0] ; oDisplay5[5] ;       ; 4.120 ; 4.916 ;       ;
; iSelect[0] ; oDisplay5[6] ;       ; 4.153 ; 4.921 ;       ;
; iSelect[0] ; oDisplay6[0] ; 4.274 ;       ;       ; 4.632 ;
; iSelect[0] ; oDisplay6[2] ; 4.099 ;       ;       ; 4.528 ;
; iSelect[0] ; oDisplay6[3] ; 4.360 ;       ;       ; 4.715 ;
; iSelect[0] ; oDisplay6[5] ; 6.147 ;       ;       ; 6.054 ;
; iSelect[0] ; oDisplay6[6] ; 4.152 ;       ;       ; 4.551 ;
; iSelect[1] ; oDisplay1[0] ; 4.176 ;       ;       ; 4.620 ;
; iSelect[1] ; oDisplay1[2] ; 4.175 ;       ;       ; 4.590 ;
; iSelect[1] ; oDisplay1[3] ; 4.218 ;       ;       ; 4.656 ;
; iSelect[1] ; oDisplay1[5] ; 4.199 ;       ;       ; 4.641 ;
; iSelect[1] ; oDisplay1[6] ; 4.147 ;       ;       ; 4.569 ;
; iSelect[1] ; oDisplay2[0] ;       ; 3.906 ; 4.604 ;       ;
; iSelect[1] ; oDisplay2[2] ;       ; 3.891 ; 4.586 ;       ;
; iSelect[1] ; oDisplay2[3] ;       ; 3.900 ; 4.597 ;       ;
; iSelect[1] ; oDisplay2[5] ;       ; 3.877 ; 4.571 ;       ;
; iSelect[1] ; oDisplay2[6] ;       ; 4.196 ; 4.997 ;       ;
; iSelect[1] ; oDisplay3[0] ;       ; 4.213 ; 5.045 ;       ;
; iSelect[1] ; oDisplay3[2] ;       ; 4.207 ; 5.024 ;       ;
; iSelect[1] ; oDisplay3[3] ;       ; 3.961 ; 4.708 ;       ;
; iSelect[1] ; oDisplay3[5] ;       ; 4.471 ; 5.366 ;       ;
; iSelect[1] ; oDisplay3[6] ;       ; 3.815 ; 4.457 ;       ;
; iSelect[1] ; oDisplay4[0] ; 3.824 ;       ;       ; 4.298 ;
; iSelect[1] ; oDisplay4[2] ; 3.840 ;       ;       ; 4.285 ;
; iSelect[1] ; oDisplay4[3] ; 4.093 ;       ;       ; 4.481 ;
; iSelect[1] ; oDisplay4[5] ; 4.220 ;       ;       ; 4.594 ;
; iSelect[1] ; oDisplay4[6] ; 4.203 ;       ;       ; 4.606 ;
; iSelect[1] ; oDisplay5[0] ; 4.449 ;       ;       ; 4.796 ;
; iSelect[1] ; oDisplay5[2] ; 4.318 ;       ;       ; 4.665 ;
; iSelect[1] ; oDisplay5[3] ; 4.355 ;       ;       ; 4.702 ;
; iSelect[1] ; oDisplay5[5] ; 4.248 ;       ;       ; 4.565 ;
; iSelect[1] ; oDisplay5[6] ; 4.253 ;       ;       ; 4.598 ;
; iSelect[1] ; oDisplay6[0] ;       ; 3.965 ; 4.718 ;       ;
; iSelect[1] ; oDisplay6[2] ;       ; 3.861 ; 4.543 ;       ;
; iSelect[1] ; oDisplay6[3] ;       ; 4.048 ; 4.804 ;       ;
; iSelect[1] ; oDisplay6[5] ;       ; 5.387 ; 6.591 ;       ;
; iSelect[1] ; oDisplay6[6] ;       ; 3.884 ; 4.596 ;       ;
; iSelect[2] ; oDisplay1[0] ; 4.142 ;       ;       ; 4.602 ;
; iSelect[2] ; oDisplay1[2] ; 4.141 ;       ;       ; 4.572 ;
; iSelect[2] ; oDisplay1[3] ; 4.184 ;       ;       ; 4.638 ;
; iSelect[2] ; oDisplay1[5] ; 4.165 ;       ;       ; 4.623 ;
; iSelect[2] ; oDisplay1[6] ; 4.113 ;       ;       ; 4.551 ;
; iSelect[2] ; oDisplay2[0] ; 4.018 ;       ;       ; 4.456 ;
; iSelect[2] ; oDisplay2[2] ; 4.000 ;       ;       ; 4.441 ;
; iSelect[2] ; oDisplay2[3] ; 4.011 ;       ;       ; 4.450 ;
; iSelect[2] ; oDisplay2[5] ; 3.985 ;       ;       ; 4.427 ;
; iSelect[2] ; oDisplay2[6] ; 4.411 ;       ;       ; 4.746 ;
; iSelect[2] ; oDisplay3[0] ; 4.447 ;       ;       ; 4.746 ;
; iSelect[2] ; oDisplay3[2] ; 4.426 ;       ;       ; 4.740 ;
; iSelect[2] ; oDisplay3[3] ; 4.110 ;       ;       ; 4.494 ;
; iSelect[2] ; oDisplay3[5] ; 4.768 ;       ;       ; 5.004 ;
; iSelect[2] ; oDisplay3[6] ; 3.859 ;       ;       ; 4.348 ;
; iSelect[2] ; oDisplay4[0] ;       ; 3.704 ; 4.358 ;       ;
; iSelect[2] ; oDisplay4[2] ;       ; 3.691 ; 4.374 ;       ;
; iSelect[2] ; oDisplay4[3] ;       ; 3.887 ; 4.627 ;       ;
; iSelect[2] ; oDisplay4[5] ;       ; 4.000 ; 4.754 ;       ;
; iSelect[2] ; oDisplay4[6] ;       ; 4.012 ; 4.737 ;       ;
; iSelect[2] ; oDisplay5[0] ;       ; 4.198 ; 4.976 ;       ;
; iSelect[2] ; oDisplay5[2] ;       ; 4.067 ; 4.845 ;       ;
; iSelect[2] ; oDisplay5[3] ;       ; 4.104 ; 4.882 ;       ;
; iSelect[2] ; oDisplay5[5] ;       ; 3.967 ; 4.775 ;       ;
; iSelect[2] ; oDisplay5[6] ;       ; 4.000 ; 4.780 ;       ;
; iSelect[2] ; oDisplay6[0] ;       ; 3.928 ; 4.697 ;       ;
; iSelect[2] ; oDisplay6[2] ;       ; 3.824 ; 4.522 ;       ;
; iSelect[2] ; oDisplay6[3] ;       ; 4.011 ; 4.783 ;       ;
; iSelect[2] ; oDisplay6[5] ;       ; 5.350 ; 6.570 ;       ;
; iSelect[2] ; oDisplay6[6] ;       ; 3.847 ; 4.575 ;       ;
+------------+--------------+-------+-------+-------+-------+


+-----------------------------------------------------------+
; Minimum Propagation Delay                                 ;
+------------+--------------+-------+-------+-------+-------+
; Input Port ; Output Port  ; RR    ; RF    ; FR    ; FF    ;
+------------+--------------+-------+-------+-------+-------+
; iSelect[0] ; oDisplay1[0] ;       ; 3.825 ; 4.424 ;       ;
; iSelect[0] ; oDisplay1[2] ;       ; 3.790 ; 4.408 ;       ;
; iSelect[0] ; oDisplay1[3] ;       ; 3.859 ; 4.463 ;       ;
; iSelect[0] ; oDisplay1[5] ;       ; 3.843 ; 4.445 ;       ;
; iSelect[0] ; oDisplay1[6] ;       ; 3.779 ; 4.398 ;       ;
; iSelect[0] ; oDisplay2[0] ; 3.818 ;       ;       ; 4.182 ;
; iSelect[0] ; oDisplay2[2] ; 3.800 ;       ;       ; 4.167 ;
; iSelect[0] ; oDisplay2[3] ; 3.811 ;       ;       ; 4.176 ;
; iSelect[0] ; oDisplay2[5] ; 3.785 ;       ;       ; 4.152 ;
; iSelect[0] ; oDisplay2[6] ; 4.133 ;       ;       ; 4.430 ;
; iSelect[0] ; oDisplay3[0] ;       ; 3.970 ; 4.711 ;       ;
; iSelect[0] ; oDisplay3[2] ;       ; 3.967 ; 4.691 ;       ;
; iSelect[0] ; oDisplay3[3] ;       ; 3.746 ; 4.411 ;       ;
; iSelect[0] ; oDisplay3[5] ;       ; 4.204 ; 4.981 ;       ;
; iSelect[0] ; oDisplay3[6] ;       ; 3.629 ; 4.215 ;       ;
; iSelect[0] ; oDisplay4[0] ; 3.642 ;       ;       ; 4.055 ;
; iSelect[0] ; oDisplay4[2] ; 3.658 ;       ;       ; 4.042 ;
; iSelect[0] ; oDisplay4[3] ; 3.862 ;       ;       ; 4.209 ;
; iSelect[0] ; oDisplay4[5] ; 3.971 ;       ;       ; 4.307 ;
; iSelect[0] ; oDisplay4[6] ; 3.953 ;       ;       ; 4.319 ;
; iSelect[0] ; oDisplay5[0] ;       ; 4.009 ; 4.695 ;       ;
; iSelect[0] ; oDisplay5[2] ;       ; 3.885 ; 4.570 ;       ;
; iSelect[0] ; oDisplay5[3] ;       ; 3.915 ; 4.601 ;       ;
; iSelect[0] ; oDisplay5[5] ;       ; 3.786 ; 4.496 ;       ;
; iSelect[0] ; oDisplay5[6] ;       ; 3.817 ; 4.503 ;       ;
; iSelect[0] ; oDisplay6[0] ; 3.942 ;       ;       ; 4.254 ;
; iSelect[0] ; oDisplay6[2] ; 3.772 ;       ;       ; 4.154 ;
; iSelect[0] ; oDisplay6[3] ; 3.969 ;       ;       ; 4.307 ;
; iSelect[0] ; oDisplay6[5] ; 5.563 ;       ;       ; 5.539 ;
; iSelect[0] ; oDisplay6[6] ; 3.825 ;       ;       ; 4.178 ;
; iSelect[1] ; oDisplay1[0] ; 3.847 ;       ;       ; 4.251 ;
; iSelect[1] ; oDisplay1[2] ; 3.831 ;       ;       ; 4.216 ;
; iSelect[1] ; oDisplay1[3] ; 3.886 ;       ;       ; 4.285 ;
; iSelect[1] ; oDisplay1[5] ; 3.868 ;       ;       ; 4.269 ;
; iSelect[1] ; oDisplay1[6] ; 3.821 ;       ;       ; 4.205 ;
; iSelect[1] ; oDisplay2[0] ;       ; 3.602 ; 4.241 ;       ;
; iSelect[1] ; oDisplay2[2] ;       ; 3.587 ; 4.223 ;       ;
; iSelect[1] ; oDisplay2[3] ;       ; 3.596 ; 4.234 ;       ;
; iSelect[1] ; oDisplay2[5] ;       ; 3.572 ; 4.208 ;       ;
; iSelect[1] ; oDisplay2[6] ;       ; 3.850 ; 4.556 ;       ;
; iSelect[1] ; oDisplay3[0] ;       ; 3.868 ; 4.619 ;       ;
; iSelect[1] ; oDisplay3[2] ;       ; 3.865 ; 4.599 ;       ;
; iSelect[1] ; oDisplay3[3] ;       ; 3.644 ; 4.319 ;       ;
; iSelect[1] ; oDisplay3[5] ;       ; 4.102 ; 4.889 ;       ;
; iSelect[1] ; oDisplay3[6] ;       ; 3.527 ; 4.123 ;       ;
; iSelect[1] ; oDisplay4[0] ; 3.540 ;       ;       ; 3.962 ;
; iSelect[1] ; oDisplay4[2] ; 3.556 ;       ;       ; 3.949 ;
; iSelect[1] ; oDisplay4[3] ; 3.760 ;       ;       ; 4.116 ;
; iSelect[1] ; oDisplay4[5] ; 3.869 ;       ;       ; 4.214 ;
; iSelect[1] ; oDisplay4[6] ; 3.851 ;       ;       ; 4.226 ;
; iSelect[1] ; oDisplay5[0] ; 4.095 ;       ;       ; 4.415 ;
; iSelect[1] ; oDisplay5[2] ; 3.970 ;       ;       ; 4.291 ;
; iSelect[1] ; oDisplay5[3] ; 4.001 ;       ;       ; 4.321 ;
; iSelect[1] ; oDisplay5[5] ; 3.896 ;       ;       ; 4.192 ;
; iSelect[1] ; oDisplay5[6] ; 3.903 ;       ;       ; 4.223 ;
; iSelect[1] ; oDisplay6[0] ;       ; 3.651 ; 4.346 ;       ;
; iSelect[1] ; oDisplay6[2] ;       ; 3.551 ; 4.176 ;       ;
; iSelect[1] ; oDisplay6[3] ;       ; 3.704 ; 4.373 ;       ;
; iSelect[1] ; oDisplay6[5] ;       ; 4.936 ; 5.967 ;       ;
; iSelect[1] ; oDisplay6[6] ;       ; 3.575 ; 4.229 ;       ;
; iSelect[2] ; oDisplay1[0] ; 3.834 ;       ;       ; 4.257 ;
; iSelect[2] ; oDisplay1[2] ; 3.818 ;       ;       ; 4.222 ;
; iSelect[2] ; oDisplay1[3] ; 3.873 ;       ;       ; 4.291 ;
; iSelect[2] ; oDisplay1[5] ; 3.855 ;       ;       ; 4.275 ;
; iSelect[2] ; oDisplay1[6] ; 3.808 ;       ;       ; 4.211 ;
; iSelect[2] ; oDisplay2[0] ; 3.725 ;       ;       ; 4.125 ;
; iSelect[2] ; oDisplay2[2] ; 3.707 ;       ;       ; 4.110 ;
; iSelect[2] ; oDisplay2[3] ; 3.718 ;       ;       ; 4.119 ;
; iSelect[2] ; oDisplay2[5] ; 3.692 ;       ;       ; 4.095 ;
; iSelect[2] ; oDisplay2[6] ; 4.040 ;       ;       ; 4.373 ;
; iSelect[2] ; oDisplay3[0] ; 4.091 ;       ;       ; 4.375 ;
; iSelect[2] ; oDisplay3[2] ; 4.071 ;       ;       ; 4.372 ;
; iSelect[2] ; oDisplay3[3] ; 3.791 ;       ;       ; 4.151 ;
; iSelect[2] ; oDisplay3[5] ; 4.361 ;       ;       ; 4.609 ;
; iSelect[2] ; oDisplay3[6] ; 3.595 ;       ;       ; 4.034 ;
; iSelect[2] ; oDisplay4[0] ;       ; 3.443 ; 4.043 ;       ;
; iSelect[2] ; oDisplay4[2] ;       ; 3.430 ; 4.059 ;       ;
; iSelect[2] ; oDisplay4[3] ;       ; 3.597 ; 4.263 ;       ;
; iSelect[2] ; oDisplay4[5] ;       ; 3.695 ; 4.372 ;       ;
; iSelect[2] ; oDisplay4[6] ;       ; 3.707 ; 4.354 ;       ;
; iSelect[2] ; oDisplay5[0] ;       ; 3.893 ; 4.592 ;       ;
; iSelect[2] ; oDisplay5[2] ;       ; 3.769 ; 4.467 ;       ;
; iSelect[2] ; oDisplay5[3] ;       ; 3.799 ; 4.498 ;       ;
; iSelect[2] ; oDisplay5[5] ;       ; 3.670 ; 4.393 ;       ;
; iSelect[2] ; oDisplay5[6] ;       ; 3.701 ; 4.400 ;       ;
; iSelect[2] ; oDisplay6[0] ;       ; 3.642 ; 4.343 ;       ;
; iSelect[2] ; oDisplay6[2] ;       ; 3.542 ; 4.173 ;       ;
; iSelect[2] ; oDisplay6[3] ;       ; 3.695 ; 4.370 ;       ;
; iSelect[2] ; oDisplay6[5] ;       ; 4.927 ; 5.964 ;       ;
; iSelect[2] ; oDisplay6[6] ;       ; 3.566 ; 4.226 ;       ;
+------------+--------------+-------+-------+-------+-------+


---------------------------------------------
; Fast 1100mV 0C Model Metastability Report ;
---------------------------------------------
No synchronizer chains to report.


+----------------------------------------------------------------------------+
; Multicorner Timing Analysis Summary                                        ;
+------------------+-------+------+----------+---------+---------------------+
; Clock            ; Setup ; Hold ; Recovery ; Removal ; Minimum Pulse Width ;
+------------------+-------+------+----------+---------+---------------------+
; Worst-case Slack ; N/A   ; N/A  ; N/A      ; N/A     ; N/A                 ;
; Design-wide TNS  ; 0.0   ; 0.0  ; 0.0      ; 0.0     ; 0.0                 ;
+------------------+-------+------+----------+---------+---------------------+


+---------------------------------------------------------------+
; Propagation Delay                                             ;
+------------+--------------+--------+--------+--------+--------+
; Input Port ; Output Port  ; RR     ; RF     ; FR     ; FF     ;
+------------+--------------+--------+--------+--------+--------+
; iSelect[0] ; oDisplay1[0] ;        ; 8.397  ; 8.681  ;        ;
; iSelect[0] ; oDisplay1[2] ;        ; 8.257  ; 8.630  ;        ;
; iSelect[0] ; oDisplay1[3] ;        ; 8.487  ; 8.781  ;        ;
; iSelect[0] ; oDisplay1[5] ;        ; 8.454  ; 8.742  ;        ;
; iSelect[0] ; oDisplay1[6] ;        ; 8.281  ; 8.619  ;        ;
; iSelect[0] ; oDisplay2[0] ; 8.215  ;        ;        ; 8.318  ;
; iSelect[0] ; oDisplay2[2] ; 8.176  ;        ;        ; 8.286  ;
; iSelect[0] ; oDisplay2[3] ; 8.212  ;        ;        ; 8.317  ;
; iSelect[0] ; oDisplay2[5] ; 8.167  ;        ;        ; 8.278  ;
; iSelect[0] ; oDisplay2[6] ; 8.837  ;        ;        ; 8.806  ;
; iSelect[0] ; oDisplay3[0] ;        ; 8.719  ; 9.203  ;        ;
; iSelect[0] ; oDisplay3[2] ;        ; 8.687  ; 9.201  ;        ;
; iSelect[0] ; oDisplay3[3] ;        ; 8.280  ; 8.685  ;        ;
; iSelect[0] ; oDisplay3[5] ;        ; 9.209  ; 9.818  ;        ;
; iSelect[0] ; oDisplay3[6] ;        ; 7.934  ; 8.237  ;        ;
; iSelect[0] ; oDisplay4[0] ; 7.860  ;        ;        ; 8.057  ;
; iSelect[0] ; oDisplay4[2] ; 7.869  ;        ;        ; 8.057  ;
; iSelect[0] ; oDisplay4[3] ; 8.327  ;        ;        ; 8.412  ;
; iSelect[0] ; oDisplay4[5] ; 8.489  ;        ;        ; 8.613  ;
; iSelect[0] ; oDisplay4[6] ; 8.479  ;        ;        ; 8.612  ;
; iSelect[0] ; oDisplay5[0] ;        ; 8.855  ; 9.230  ;        ;
; iSelect[0] ; oDisplay5[2] ;        ; 8.514  ; 8.939  ;        ;
; iSelect[0] ; oDisplay5[3] ;        ; 8.698  ; 9.062  ;        ;
; iSelect[0] ; oDisplay5[5] ;        ; 8.362  ; 8.825  ;        ;
; iSelect[0] ; oDisplay5[6] ;        ; 8.413  ; 8.846  ;        ;
; iSelect[0] ; oDisplay6[0] ; 8.420  ;        ;        ; 8.518  ;
; iSelect[0] ; oDisplay6[2] ; 8.203  ;        ;        ; 8.355  ;
; iSelect[0] ; oDisplay6[3] ; 8.619  ;        ;        ; 8.668  ;
; iSelect[0] ; oDisplay6[5] ; 11.415 ;        ;        ; 10.893 ;
; iSelect[0] ; oDisplay6[6] ; 8.243  ;        ;        ; 8.384  ;
; iSelect[1] ; oDisplay1[0] ; 8.243  ;        ;        ; 8.453  ;
; iSelect[1] ; oDisplay1[2] ; 8.192  ;        ;        ; 8.313  ;
; iSelect[1] ; oDisplay1[3] ; 8.343  ;        ;        ; 8.543  ;
; iSelect[1] ; oDisplay1[5] ; 8.304  ;        ;        ; 8.510  ;
; iSelect[1] ; oDisplay1[6] ; 8.181  ;        ;        ; 8.337  ;
; iSelect[1] ; oDisplay2[0] ;        ; 7.879  ; 8.270  ;        ;
; iSelect[1] ; oDisplay2[2] ;        ; 7.847  ; 8.231  ;        ;
; iSelect[1] ; oDisplay2[3] ;        ; 7.878  ; 8.267  ;        ;
; iSelect[1] ; oDisplay2[5] ;        ; 7.839  ; 8.222  ;        ;
; iSelect[1] ; oDisplay2[6] ;        ; 8.367  ; 8.892  ;        ;
; iSelect[1] ; oDisplay3[0] ;        ; 8.489  ; 8.990  ;        ;
; iSelect[1] ; oDisplay3[2] ;        ; 8.457  ; 8.988  ;        ;
; iSelect[1] ; oDisplay3[3] ;        ; 8.050  ; 8.472  ;        ;
; iSelect[1] ; oDisplay3[5] ;        ; 8.979  ; 9.605  ;        ;
; iSelect[1] ; oDisplay3[6] ;        ; 7.704  ; 8.024  ;        ;
; iSelect[1] ; oDisplay4[0] ; 7.640  ;        ;        ; 7.853  ;
; iSelect[1] ; oDisplay4[2] ; 7.649  ;        ;        ; 7.853  ;
; iSelect[1] ; oDisplay4[3] ; 8.107  ;        ;        ; 8.208  ;
; iSelect[1] ; oDisplay4[5] ; 8.269  ;        ;        ; 8.409  ;
; iSelect[1] ; oDisplay4[6] ; 8.259  ;        ;        ; 8.408  ;
; iSelect[1] ; oDisplay5[0] ; 8.765  ;        ;        ; 8.888  ;
; iSelect[1] ; oDisplay5[2] ; 8.474  ;        ;        ; 8.547  ;
; iSelect[1] ; oDisplay5[3] ; 8.597  ;        ;        ; 8.731  ;
; iSelect[1] ; oDisplay5[5] ; 8.360  ;        ;        ; 8.395  ;
; iSelect[1] ; oDisplay5[6] ; 8.381  ;        ;        ; 8.446  ;
; iSelect[1] ; oDisplay6[0] ;        ; 8.052  ; 8.452  ;        ;
; iSelect[1] ; oDisplay6[2] ;        ; 7.889  ; 8.235  ;        ;
; iSelect[1] ; oDisplay6[3] ;        ; 8.202  ; 8.651  ;        ;
; iSelect[1] ; oDisplay6[5] ;        ; 10.427 ; 11.447 ;        ;
; iSelect[1] ; oDisplay6[6] ;        ; 7.918  ; 8.275  ;        ;
; iSelect[2] ; oDisplay1[0] ; 8.089  ;        ;        ; 8.316  ;
; iSelect[2] ; oDisplay1[2] ; 8.038  ;        ;        ; 8.176  ;
; iSelect[2] ; oDisplay1[3] ; 8.189  ;        ;        ; 8.406  ;
; iSelect[2] ; oDisplay1[5] ; 8.150  ;        ;        ; 8.373  ;
; iSelect[2] ; oDisplay1[6] ; 8.027  ;        ;        ; 8.200  ;
; iSelect[2] ; oDisplay2[0] ; 7.874  ;        ;        ; 8.014  ;
; iSelect[2] ; oDisplay2[2] ; 7.835  ;        ;        ; 7.982  ;
; iSelect[2] ; oDisplay2[3] ; 7.871  ;        ;        ; 8.013  ;
; iSelect[2] ; oDisplay2[5] ; 7.826  ;        ;        ; 7.974  ;
; iSelect[2] ; oDisplay2[6] ; 8.496  ;        ;        ; 8.502  ;
; iSelect[2] ; oDisplay3[0] ; 8.574  ;        ;        ; 8.606  ;
; iSelect[2] ; oDisplay3[2] ; 8.572  ;        ;        ; 8.574  ;
; iSelect[2] ; oDisplay3[3] ; 8.056  ;        ;        ; 8.167  ;
; iSelect[2] ; oDisplay3[5] ; 9.189  ;        ;        ; 9.096  ;
; iSelect[2] ; oDisplay3[6] ; 7.608  ;        ;        ; 7.821  ;
; iSelect[2] ; oDisplay4[0] ;        ; 7.420  ; 7.762  ;        ;
; iSelect[2] ; oDisplay4[2] ;        ; 7.420  ; 7.771  ;        ;
; iSelect[2] ; oDisplay4[3] ;        ; 7.775  ; 8.229  ;        ;
; iSelect[2] ; oDisplay4[5] ;        ; 7.976  ; 8.391  ;        ;
; iSelect[2] ; oDisplay4[6] ;        ; 7.975  ; 8.381  ;        ;
; iSelect[2] ; oDisplay5[0] ;        ; 8.449  ; 8.876  ;        ;
; iSelect[2] ; oDisplay5[2] ;        ; 8.108  ; 8.585  ;        ;
; iSelect[2] ; oDisplay5[3] ;        ; 8.292  ; 8.708  ;        ;
; iSelect[2] ; oDisplay5[5] ;        ; 7.956  ; 8.471  ;        ;
; iSelect[2] ; oDisplay5[6] ;        ; 8.007  ; 8.492  ;        ;
; iSelect[2] ; oDisplay6[0] ;        ; 7.880  ; 8.322  ;        ;
; iSelect[2] ; oDisplay6[2] ;        ; 7.717  ; 8.105  ;        ;
; iSelect[2] ; oDisplay6[3] ;        ; 8.030  ; 8.521  ;        ;
; iSelect[2] ; oDisplay6[5] ;        ; 10.255 ; 11.317 ;        ;
; iSelect[2] ; oDisplay6[6] ;        ; 7.746  ; 8.145  ;        ;
+------------+--------------+--------+--------+--------+--------+


+-----------------------------------------------------------+
; Minimum Propagation Delay                                 ;
+------------+--------------+-------+-------+-------+-------+
; Input Port ; Output Port  ; RR    ; RF    ; FR    ; FF    ;
+------------+--------------+-------+-------+-------+-------+
; iSelect[0] ; oDisplay1[0] ;       ; 3.825 ; 4.424 ;       ;
; iSelect[0] ; oDisplay1[2] ;       ; 3.790 ; 4.408 ;       ;
; iSelect[0] ; oDisplay1[3] ;       ; 3.859 ; 4.463 ;       ;
; iSelect[0] ; oDisplay1[5] ;       ; 3.843 ; 4.445 ;       ;
; iSelect[0] ; oDisplay1[6] ;       ; 3.779 ; 4.398 ;       ;
; iSelect[0] ; oDisplay2[0] ; 3.818 ;       ;       ; 4.182 ;
; iSelect[0] ; oDisplay2[2] ; 3.800 ;       ;       ; 4.167 ;
; iSelect[0] ; oDisplay2[3] ; 3.811 ;       ;       ; 4.176 ;
; iSelect[0] ; oDisplay2[5] ; 3.785 ;       ;       ; 4.152 ;
; iSelect[0] ; oDisplay2[6] ; 4.133 ;       ;       ; 4.430 ;
; iSelect[0] ; oDisplay3[0] ;       ; 3.970 ; 4.711 ;       ;
; iSelect[0] ; oDisplay3[2] ;       ; 3.967 ; 4.691 ;       ;
; iSelect[0] ; oDisplay3[3] ;       ; 3.746 ; 4.411 ;       ;
; iSelect[0] ; oDisplay3[5] ;       ; 4.204 ; 4.981 ;       ;
; iSelect[0] ; oDisplay3[6] ;       ; 3.629 ; 4.215 ;       ;
; iSelect[0] ; oDisplay4[0] ; 3.642 ;       ;       ; 4.055 ;
; iSelect[0] ; oDisplay4[2] ; 3.658 ;       ;       ; 4.042 ;
; iSelect[0] ; oDisplay4[3] ; 3.862 ;       ;       ; 4.209 ;
; iSelect[0] ; oDisplay4[5] ; 3.971 ;       ;       ; 4.307 ;
; iSelect[0] ; oDisplay4[6] ; 3.953 ;       ;       ; 4.319 ;
; iSelect[0] ; oDisplay5[0] ;       ; 4.009 ; 4.695 ;       ;
; iSelect[0] ; oDisplay5[2] ;       ; 3.885 ; 4.570 ;       ;
; iSelect[0] ; oDisplay5[3] ;       ; 3.915 ; 4.601 ;       ;
; iSelect[0] ; oDisplay5[5] ;       ; 3.786 ; 4.496 ;       ;
; iSelect[0] ; oDisplay5[6] ;       ; 3.817 ; 4.503 ;       ;
; iSelect[0] ; oDisplay6[0] ; 3.942 ;       ;       ; 4.254 ;
; iSelect[0] ; oDisplay6[2] ; 3.772 ;       ;       ; 4.154 ;
; iSelect[0] ; oDisplay6[3] ; 3.969 ;       ;       ; 4.307 ;
; iSelect[0] ; oDisplay6[5] ; 5.563 ;       ;       ; 5.539 ;
; iSelect[0] ; oDisplay6[6] ; 3.825 ;       ;       ; 4.178 ;
; iSelect[1] ; oDisplay1[0] ; 3.847 ;       ;       ; 4.251 ;
; iSelect[1] ; oDisplay1[2] ; 3.831 ;       ;       ; 4.216 ;
; iSelect[1] ; oDisplay1[3] ; 3.886 ;       ;       ; 4.285 ;
; iSelect[1] ; oDisplay1[5] ; 3.868 ;       ;       ; 4.269 ;
; iSelect[1] ; oDisplay1[6] ; 3.821 ;       ;       ; 4.205 ;
; iSelect[1] ; oDisplay2[0] ;       ; 3.602 ; 4.241 ;       ;
; iSelect[1] ; oDisplay2[2] ;       ; 3.587 ; 4.223 ;       ;
; iSelect[1] ; oDisplay2[3] ;       ; 3.596 ; 4.234 ;       ;
; iSelect[1] ; oDisplay2[5] ;       ; 3.572 ; 4.208 ;       ;
; iSelect[1] ; oDisplay2[6] ;       ; 3.850 ; 4.556 ;       ;
; iSelect[1] ; oDisplay3[0] ;       ; 3.868 ; 4.619 ;       ;
; iSelect[1] ; oDisplay3[2] ;       ; 3.865 ; 4.599 ;       ;
; iSelect[1] ; oDisplay3[3] ;       ; 3.644 ; 4.319 ;       ;
; iSelect[1] ; oDisplay3[5] ;       ; 4.102 ; 4.889 ;       ;
; iSelect[1] ; oDisplay3[6] ;       ; 3.527 ; 4.123 ;       ;
; iSelect[1] ; oDisplay4[0] ; 3.540 ;       ;       ; 3.962 ;
; iSelect[1] ; oDisplay4[2] ; 3.556 ;       ;       ; 3.949 ;
; iSelect[1] ; oDisplay4[3] ; 3.760 ;       ;       ; 4.116 ;
; iSelect[1] ; oDisplay4[5] ; 3.869 ;       ;       ; 4.214 ;
; iSelect[1] ; oDisplay4[6] ; 3.851 ;       ;       ; 4.226 ;
; iSelect[1] ; oDisplay5[0] ; 4.095 ;       ;       ; 4.415 ;
; iSelect[1] ; oDisplay5[2] ; 3.970 ;       ;       ; 4.291 ;
; iSelect[1] ; oDisplay5[3] ; 4.001 ;       ;       ; 4.321 ;
; iSelect[1] ; oDisplay5[5] ; 3.896 ;       ;       ; 4.192 ;
; iSelect[1] ; oDisplay5[6] ; 3.903 ;       ;       ; 4.223 ;
; iSelect[1] ; oDisplay6[0] ;       ; 3.651 ; 4.346 ;       ;
; iSelect[1] ; oDisplay6[2] ;       ; 3.551 ; 4.176 ;       ;
; iSelect[1] ; oDisplay6[3] ;       ; 3.704 ; 4.373 ;       ;
; iSelect[1] ; oDisplay6[5] ;       ; 4.936 ; 5.967 ;       ;
; iSelect[1] ; oDisplay6[6] ;       ; 3.575 ; 4.229 ;       ;
; iSelect[2] ; oDisplay1[0] ; 3.834 ;       ;       ; 4.257 ;
; iSelect[2] ; oDisplay1[2] ; 3.818 ;       ;       ; 4.222 ;
; iSelect[2] ; oDisplay1[3] ; 3.873 ;       ;       ; 4.291 ;
; iSelect[2] ; oDisplay1[5] ; 3.855 ;       ;       ; 4.275 ;
; iSelect[2] ; oDisplay1[6] ; 3.808 ;       ;       ; 4.211 ;
; iSelect[2] ; oDisplay2[0] ; 3.725 ;       ;       ; 4.125 ;
; iSelect[2] ; oDisplay2[2] ; 3.707 ;       ;       ; 4.110 ;
; iSelect[2] ; oDisplay2[3] ; 3.718 ;       ;       ; 4.119 ;
; iSelect[2] ; oDisplay2[5] ; 3.692 ;       ;       ; 4.095 ;
; iSelect[2] ; oDisplay2[6] ; 4.040 ;       ;       ; 4.373 ;
; iSelect[2] ; oDisplay3[0] ; 4.091 ;       ;       ; 4.375 ;
; iSelect[2] ; oDisplay3[2] ; 4.071 ;       ;       ; 4.372 ;
; iSelect[2] ; oDisplay3[3] ; 3.791 ;       ;       ; 4.151 ;
; iSelect[2] ; oDisplay3[5] ; 4.361 ;       ;       ; 4.609 ;
; iSelect[2] ; oDisplay3[6] ; 3.595 ;       ;       ; 4.034 ;
; iSelect[2] ; oDisplay4[0] ;       ; 3.443 ; 4.043 ;       ;
; iSelect[2] ; oDisplay4[2] ;       ; 3.430 ; 4.059 ;       ;
; iSelect[2] ; oDisplay4[3] ;       ; 3.597 ; 4.263 ;       ;
; iSelect[2] ; oDisplay4[5] ;       ; 3.695 ; 4.372 ;       ;
; iSelect[2] ; oDisplay4[6] ;       ; 3.707 ; 4.354 ;       ;
; iSelect[2] ; oDisplay5[0] ;       ; 3.893 ; 4.592 ;       ;
; iSelect[2] ; oDisplay5[2] ;       ; 3.769 ; 4.467 ;       ;
; iSelect[2] ; oDisplay5[3] ;       ; 3.799 ; 4.498 ;       ;
; iSelect[2] ; oDisplay5[5] ;       ; 3.670 ; 4.393 ;       ;
; iSelect[2] ; oDisplay5[6] ;       ; 3.701 ; 4.400 ;       ;
; iSelect[2] ; oDisplay6[0] ;       ; 3.642 ; 4.343 ;       ;
; iSelect[2] ; oDisplay6[2] ;       ; 3.542 ; 4.173 ;       ;
; iSelect[2] ; oDisplay6[3] ;       ; 3.695 ; 4.370 ;       ;
; iSelect[2] ; oDisplay6[5] ;       ; 4.927 ; 5.964 ;       ;
; iSelect[2] ; oDisplay6[6] ;       ; 3.566 ; 4.226 ;       ;
+------------+--------------+-------+-------+-------+-------+


+-----------------------------------------------------------------------------------------------------------------------------------------------------------------------------------------------------------------------------------------------------------------------------------------------------------------------------------------------------------------------------------------------------------------+
; Board Trace Model Assignments                                                                                                                                                                                                                                                                                                                                                                                   ;
+--------------+--------------+-------------------+-------------------------+-------------------------+---------------+---------------------+----------------+------------------+--------+------------------+------------------------+------------------------+--------------+---------------+-----------------+-------+---------------------+--------------------+---------------+-----------------+-------------+
; Pin          ; I/O Standard ; Near Tline Length ; Near Tline L per Length ; Near Tline C per Length ; Near Series R ; Near Differential R ; Near Pull-up R ; Near Pull-down R ; Near C ; Far Tline Length ; Far Tline L per Length ; Far Tline C per Length ; Far Series R ; Far Pull-up R ; Far Pull-down R ; Far C ; Termination Voltage ; Far Differential R ; EBD File Name ; EBD Signal Name ; EBD Far-end ;
+--------------+--------------+-------------------+-------------------------+-------------------------+---------------+---------------------+----------------+------------------+--------+------------------+------------------------+------------------------+--------------+---------------+-----------------+-------+---------------------+--------------------+---------------+-----------------+-------------+
; oDisplay1[0] ; 2.5 V        ; 0 in              ; 0 H/in                  ; 0 F/in                  ; short         ; -                   ; open           ; open             ; open   ; 0 in             ; 0 H/in                 ; 0 F/in                 ; short        ; open          ; open            ; open  ; 0 V                 ; -                  ; n/a           ; n/a             ; n/a         ;
; oDisplay1[1] ; 2.5 V        ; 0 in              ; 0 H/in                  ; 0 F/in                  ; short         ; -                   ; open           ; open             ; open   ; 0 in             ; 0 H/in                 ; 0 F/in                 ; short        ; open          ; open            ; open  ; 0 V                 ; -                  ; n/a           ; n/a             ; n/a         ;
; oDisplay1[2] ; 2.5 V        ; 0 in              ; 0 H/in                  ; 0 F/in                  ; short         ; -                   ; open           ; open             ; open   ; 0 in             ; 0 H/in                 ; 0 F/in                 ; short        ; open          ; open            ; open  ; 0 V                 ; -                  ; n/a           ; n/a             ; n/a         ;
; oDisplay1[3] ; 2.5 V        ; 0 in              ; 0 H/in                  ; 0 F/in                  ; short         ; -                   ; open           ; open             ; open   ; 0 in             ; 0 H/in                 ; 0 F/in                 ; short        ; open          ; open            ; open  ; 0 V                 ; -                  ; n/a           ; n/a             ; n/a         ;
; oDisplay1[4] ; 2.5 V        ; 0 in              ; 0 H/in                  ; 0 F/in                  ; short         ; -                   ; open           ; open             ; open   ; 0 in             ; 0 H/in                 ; 0 F/in                 ; short        ; open          ; open            ; open  ; 0 V                 ; -                  ; n/a           ; n/a             ; n/a         ;
; oDisplay1[5] ; 2.5 V        ; 0 in              ; 0 H/in                  ; 0 F/in                  ; short         ; -                   ; open           ; open             ; open   ; 0 in             ; 0 H/in                 ; 0 F/in                 ; short        ; open          ; open            ; open  ; 0 V                 ; -                  ; n/a           ; n/a             ; n/a         ;
; oDisplay1[6] ; 2.5 V        ; 0 in              ; 0 H/in                  ; 0 F/in                  ; short         ; -                   ; open           ; open             ; open   ; 0 in             ; 0 H/in                 ; 0 F/in                 ; short        ; open          ; open            ; open  ; 0 V                 ; -                  ; n/a           ; n/a             ; n/a         ;
; oDisplay2[0] ; 2.5 V        ; 0 in              ; 0 H/in                  ; 0 F/in                  ; short         ; -                   ; open           ; open             ; open   ; 0 in             ; 0 H/in                 ; 0 F/in                 ; short        ; open          ; open            ; open  ; 0 V                 ; -                  ; n/a           ; n/a             ; n/a         ;
; oDisplay2[1] ; 2.5 V        ; 0 in              ; 0 H/in                  ; 0 F/in                  ; short         ; -                   ; open           ; open             ; open   ; 0 in             ; 0 H/in                 ; 0 F/in                 ; short        ; open          ; open            ; open  ; 0 V                 ; -                  ; n/a           ; n/a             ; n/a         ;
; oDisplay2[2] ; 2.5 V        ; 0 in              ; 0 H/in                  ; 0 F/in                  ; short         ; -                   ; open           ; open             ; open   ; 0 in             ; 0 H/in                 ; 0 F/in                 ; short        ; open          ; open            ; open  ; 0 V                 ; -                  ; n/a           ; n/a             ; n/a         ;
; oDisplay2[3] ; 2.5 V        ; 0 in              ; 0 H/in                  ; 0 F/in                  ; short         ; -                   ; open           ; open             ; open   ; 0 in             ; 0 H/in                 ; 0 F/in                 ; short        ; open          ; open            ; open  ; 0 V                 ; -                  ; n/a           ; n/a             ; n/a         ;
; oDisplay2[4] ; 2.5 V        ; 0 in              ; 0 H/in                  ; 0 F/in                  ; short         ; -                   ; open           ; open             ; open   ; 0 in             ; 0 H/in                 ; 0 F/in                 ; short        ; open          ; open            ; open  ; 0 V                 ; -                  ; n/a           ; n/a             ; n/a         ;
; oDisplay2[5] ; 2.5 V        ; 0 in              ; 0 H/in                  ; 0 F/in                  ; short         ; -                   ; open           ; open             ; open   ; 0 in             ; 0 H/in                 ; 0 F/in                 ; short        ; open          ; open            ; open  ; 0 V                 ; -                  ; n/a           ; n/a             ; n/a         ;
; oDisplay2[6] ; 2.5 V        ; 0 in              ; 0 H/in                  ; 0 F/in                  ; short         ; -                   ; open           ; open             ; open   ; 0 in             ; 0 H/in                 ; 0 F/in                 ; short        ; open          ; open            ; open  ; 0 V                 ; -                  ; n/a           ; n/a             ; n/a         ;
; oDisplay3[0] ; 2.5 V        ; 0 in              ; 0 H/in                  ; 0 F/in                  ; short         ; -                   ; open           ; open             ; open   ; 0 in             ; 0 H/in                 ; 0 F/in                 ; short        ; open          ; open            ; open  ; 0 V                 ; -                  ; n/a           ; n/a             ; n/a         ;
; oDisplay3[1] ; 2.5 V        ; 0 in              ; 0 H/in                  ; 0 F/in                  ; short         ; -                   ; open           ; open             ; open   ; 0 in             ; 0 H/in                 ; 0 F/in                 ; short        ; open          ; open            ; open  ; 0 V                 ; -                  ; n/a           ; n/a             ; n/a         ;
; oDisplay3[2] ; 2.5 V        ; 0 in              ; 0 H/in                  ; 0 F/in                  ; short         ; -                   ; open           ; open             ; open   ; 0 in             ; 0 H/in                 ; 0 F/in                 ; short        ; open          ; open            ; open  ; 0 V                 ; -                  ; n/a           ; n/a             ; n/a         ;
; oDisplay3[3] ; 2.5 V        ; 0 in              ; 0 H/in                  ; 0 F/in                  ; short         ; -                   ; open           ; open             ; open   ; 0 in             ; 0 H/in                 ; 0 F/in                 ; short        ; open          ; open            ; open  ; 0 V                 ; -                  ; n/a           ; n/a             ; n/a         ;
; oDisplay3[4] ; 2.5 V        ; 0 in              ; 0 H/in                  ; 0 F/in                  ; short         ; -                   ; open           ; open             ; open   ; 0 in             ; 0 H/in                 ; 0 F/in                 ; short        ; open          ; open            ; open  ; 0 V                 ; -                  ; n/a           ; n/a             ; n/a         ;
; oDisplay3[5] ; 2.5 V        ; 0 in              ; 0 H/in                  ; 0 F/in                  ; short         ; -                   ; open           ; open             ; open   ; 0 in             ; 0 H/in                 ; 0 F/in                 ; short        ; open          ; open            ; open  ; 0 V                 ; -                  ; n/a           ; n/a             ; n/a         ;
; oDisplay3[6] ; 2.5 V        ; 0 in              ; 0 H/in                  ; 0 F/in                  ; short         ; -                   ; open           ; open             ; open   ; 0 in             ; 0 H/in                 ; 0 F/in                 ; short        ; open          ; open            ; open  ; 0 V                 ; -                  ; n/a           ; n/a             ; n/a         ;
; oDisplay4[0] ; 2.5 V        ; 0 in              ; 0 H/in                  ; 0 F/in                  ; short         ; -                   ; open           ; open             ; open   ; 0 in             ; 0 H/in                 ; 0 F/in                 ; short        ; open          ; open            ; open  ; 0 V                 ; -                  ; n/a           ; n/a             ; n/a         ;
; oDisplay4[1] ; 2.5 V        ; 0 in              ; 0 H/in                  ; 0 F/in                  ; short         ; -                   ; open           ; open             ; open   ; 0 in             ; 0 H/in                 ; 0 F/in                 ; short        ; open          ; open            ; open  ; 0 V                 ; -                  ; n/a           ; n/a             ; n/a         ;
; oDisplay4[2] ; 2.5 V        ; 0 in              ; 0 H/in                  ; 0 F/in                  ; short         ; -                   ; open           ; open             ; open   ; 0 in             ; 0 H/in                 ; 0 F/in                 ; short        ; open          ; open            ; open  ; 0 V                 ; -                  ; n/a           ; n/a             ; n/a         ;
; oDisplay4[3] ; 2.5 V        ; 0 in              ; 0 H/in                  ; 0 F/in                  ; short         ; -                   ; open           ; open             ; open   ; 0 in             ; 0 H/in                 ; 0 F/in                 ; short        ; open          ; open            ; open  ; 0 V                 ; -                  ; n/a           ; n/a             ; n/a         ;
; oDisplay4[4] ; 2.5 V        ; 0 in              ; 0 H/in                  ; 0 F/in                  ; short         ; -                   ; open           ; open             ; open   ; 0 in             ; 0 H/in                 ; 0 F/in                 ; short        ; open          ; open            ; open  ; 0 V                 ; -                  ; n/a           ; n/a             ; n/a         ;
; oDisplay4[5] ; 2.5 V        ; 0 in              ; 0 H/in                  ; 0 F/in                  ; short         ; -                   ; open           ; open             ; open   ; 0 in             ; 0 H/in                 ; 0 F/in                 ; short        ; open          ; open            ; open  ; 0 V                 ; -                  ; n/a           ; n/a             ; n/a         ;
; oDisplay4[6] ; 2.5 V        ; 0 in              ; 0 H/in                  ; 0 F/in                  ; short         ; -                   ; open           ; open             ; open   ; 0 in             ; 0 H/in                 ; 0 F/in                 ; short        ; open          ; open            ; open  ; 0 V                 ; -                  ; n/a           ; n/a             ; n/a         ;
; oDisplay5[0] ; 2.5 V        ; 0 in              ; 0 H/in                  ; 0 F/in                  ; short         ; -                   ; open           ; open             ; open   ; 0 in             ; 0 H/in                 ; 0 F/in                 ; short        ; open          ; open            ; open  ; 0 V                 ; -                  ; n/a           ; n/a             ; n/a         ;
; oDisplay5[1] ; 2.5 V        ; 0 in              ; 0 H/in                  ; 0 F/in                  ; short         ; -                   ; open           ; open             ; open   ; 0 in             ; 0 H/in                 ; 0 F/in                 ; short        ; open          ; open            ; open  ; 0 V                 ; -                  ; n/a           ; n/a             ; n/a         ;
; oDisplay5[2] ; 2.5 V        ; 0 in              ; 0 H/in                  ; 0 F/in                  ; short         ; -                   ; open           ; open             ; open   ; 0 in             ; 0 H/in                 ; 0 F/in                 ; short        ; open          ; open            ; open  ; 0 V                 ; -                  ; n/a           ; n/a             ; n/a         ;
; oDisplay5[3] ; 2.5 V        ; 0 in              ; 0 H/in                  ; 0 F/in                  ; short         ; -                   ; open           ; open             ; open   ; 0 in             ; 0 H/in                 ; 0 F/in                 ; short        ; open          ; open            ; open  ; 0 V                 ; -                  ; n/a           ; n/a             ; n/a         ;
; oDisplay5[4] ; 2.5 V        ; 0 in              ; 0 H/in                  ; 0 F/in                  ; short         ; -                   ; open           ; open             ; open   ; 0 in             ; 0 H/in                 ; 0 F/in                 ; short        ; open          ; open            ; open  ; 0 V                 ; -                  ; n/a           ; n/a             ; n/a         ;
; oDisplay5[5] ; 2.5 V        ; 0 in              ; 0 H/in                  ; 0 F/in                  ; short         ; -                   ; open           ; open             ; open   ; 0 in             ; 0 H/in                 ; 0 F/in                 ; short        ; open          ; open            ; open  ; 0 V                 ; -                  ; n/a           ; n/a             ; n/a         ;
; oDisplay5[6] ; 2.5 V        ; 0 in              ; 0 H/in                  ; 0 F/in                  ; short         ; -                   ; open           ; open             ; open   ; 0 in             ; 0 H/in                 ; 0 F/in                 ; short        ; open          ; open            ; open  ; 0 V                 ; -                  ; n/a           ; n/a             ; n/a         ;
; oDisplay6[0] ; 2.5 V        ; 0 in              ; 0 H/in                  ; 0 F/in                  ; short         ; -                   ; open           ; open             ; open   ; 0 in             ; 0 H/in                 ; 0 F/in                 ; short        ; open          ; open            ; open  ; 0 V                 ; -                  ; n/a           ; n/a             ; n/a         ;
; oDisplay6[1] ; 2.5 V        ; 0 in              ; 0 H/in                  ; 0 F/in                  ; short         ; -                   ; open           ; open             ; open   ; 0 in             ; 0 H/in                 ; 0 F/in                 ; short        ; open          ; open            ; open  ; 0 V                 ; -                  ; n/a           ; n/a             ; n/a         ;
; oDisplay6[2] ; 2.5 V        ; 0 in              ; 0 H/in                  ; 0 F/in                  ; short         ; -                   ; open           ; open             ; open   ; 0 in             ; 0 H/in                 ; 0 F/in                 ; short        ; open          ; open            ; open  ; 0 V                 ; -                  ; n/a           ; n/a             ; n/a         ;
; oDisplay6[3] ; 2.5 V        ; 0 in              ; 0 H/in                  ; 0 F/in                  ; short         ; -                   ; open           ; open             ; open   ; 0 in             ; 0 H/in                 ; 0 F/in                 ; short        ; open          ; open            ; open  ; 0 V                 ; -                  ; n/a           ; n/a             ; n/a         ;
; oDisplay6[4] ; 2.5 V        ; 0 in              ; 0 H/in                  ; 0 F/in                  ; short         ; -                   ; open           ; open             ; open   ; 0 in             ; 0 H/in                 ; 0 F/in                 ; short        ; open          ; open            ; open  ; 0 V                 ; -                  ; n/a           ; n/a             ; n/a         ;
; oDisplay6[5] ; 2.5 V        ; 0 in              ; 0 H/in                  ; 0 F/in                  ; short         ; -                   ; open           ; open             ; open   ; 0 in             ; 0 H/in                 ; 0 F/in                 ; short        ; open          ; open            ; open  ; 0 V                 ; -                  ; n/a           ; n/a             ; n/a         ;
; oDisplay6[6] ; 2.5 V        ; 0 in              ; 0 H/in                  ; 0 F/in                  ; short         ; -                   ; open           ; open             ; open   ; 0 in             ; 0 H/in                 ; 0 F/in                 ; short        ; open          ; open            ; open  ; 0 V                 ; -                  ; n/a           ; n/a             ; n/a         ;
+--------------+--------------+-------------------+-------------------------+-------------------------+---------------+---------------------+----------------+------------------+--------+------------------+------------------------+------------------------+--------------+---------------+-----------------+-------+---------------------+--------------------+---------------+-----------------+-------------+


+---------------------------------------------------------------+
; Input Transition Times                                        ;
+------------+--------------+-----------------+-----------------+
; Pin        ; I/O Standard ; 10-90 Rise Time ; 90-10 Fall Time ;
+------------+--------------+-----------------+-----------------+
; iSelect[2] ; 2.5 V        ; 2000 ps         ; 2000 ps         ;
; iSelect[0] ; 2.5 V        ; 2000 ps         ; 2000 ps         ;
; iSelect[1] ; 2.5 V        ; 2000 ps         ; 2000 ps         ;
+------------+--------------+-----------------+-----------------+


+-------------------------------------------------------------------------------------------------------------------------------------------------------------------------------------------------------------------------------------------------------------------------------------------------------------------------------------------------------------------------------------------------------------------------------------------------------------------------------------------------------------------------------------------------------------------------------------------------------------------------------------------------------------------------------------------+
; Signal Integrity Metrics (Slow 1100mv 0c Model)                                                                                                                                                                                                                                                                                                                                                                                                                                                                                                                                                                                                                                           ;
+--------------+--------------+---------------------+---------------------+------------------------------+------------------------------+---------------------+---------------------+--------------------------------------+--------------------------------------+-----------------------------+-----------------------------+----------------------------+----------------------------+-----------------------------+-----------------------------+--------------------+--------------------+-------------------------------------+-------------------------------------+----------------------------+----------------------------+---------------------------+---------------------------+
; Pin          ; I/O Standard ; Board Delay on Rise ; Board Delay on Fall ; Steady State Voh at FPGA Pin ; Steady State Vol at FPGA Pin ; Voh Max at FPGA Pin ; Vol Min at FPGA Pin ; Ringback Voltage on Rise at FPGA Pin ; Ringback Voltage on Fall at FPGA Pin ; 10-90 Rise Time at FPGA Pin ; 90-10 Fall Time at FPGA Pin ; Monotonic Rise at FPGA Pin ; Monotonic Fall at FPGA Pin ; Steady State Voh at Far-end ; Steady State Vol at Far-end ; Voh Max at Far-end ; Vol Min at Far-end ; Ringback Voltage on Rise at Far-end ; Ringback Voltage on Fall at Far-end ; 10-90 Rise Time at Far-end ; 90-10 Fall Time at Far-end ; Monotonic Rise at Far-end ; Monotonic Fall at Far-end ;
+--------------+--------------+---------------------+---------------------+------------------------------+------------------------------+---------------------+---------------------+--------------------------------------+--------------------------------------+-----------------------------+-----------------------------+----------------------------+----------------------------+-----------------------------+-----------------------------+--------------------+--------------------+-------------------------------------+-------------------------------------+----------------------------+----------------------------+---------------------------+---------------------------+
; oDisplay1[0] ; 2.5 V        ; 0 s                 ; 0 s                 ; 2.32 V                       ; 2.15e-07 V                   ; 2.41 V              ; -0.0495 V           ; 0.18 V                               ; 0.115 V                              ; 4.54e-10 s                  ; 4.44e-10 s                  ; No                         ; Yes                        ; 2.32 V                      ; 2.15e-07 V                  ; 2.41 V             ; -0.0495 V          ; 0.18 V                              ; 0.115 V                             ; 4.54e-10 s                 ; 4.44e-10 s                 ; No                        ; Yes                       ;
; oDisplay1[1] ; 2.5 V        ; 0 s                 ; 0 s                 ; 2.32 V                       ; 2.15e-07 V                   ; 2.41 V              ; -0.0492 V           ; 0.181 V                              ; 0.116 V                              ; 4.54e-10 s                  ; 4.44e-10 s                  ; No                         ; Yes                        ; 2.32 V                      ; 2.15e-07 V                  ; 2.41 V             ; -0.0492 V          ; 0.181 V                             ; 0.116 V                             ; 4.54e-10 s                 ; 4.44e-10 s                 ; No                        ; Yes                       ;
; oDisplay1[2] ; 2.5 V        ; 0 s                 ; 0 s                 ; 2.32 V                       ; 2.15e-07 V                   ; 2.41 V              ; -0.0492 V           ; 0.181 V                              ; 0.116 V                              ; 4.54e-10 s                  ; 4.44e-10 s                  ; No                         ; Yes                        ; 2.32 V                      ; 2.15e-07 V                  ; 2.41 V             ; -0.0492 V          ; 0.181 V                             ; 0.116 V                             ; 4.54e-10 s                 ; 4.44e-10 s                 ; No                        ; Yes                       ;
; oDisplay1[3] ; 2.5 V        ; 0 s                 ; 0 s                 ; 2.32 V                       ; 2.15e-07 V                   ; 2.41 V              ; -0.0492 V           ; 0.181 V                              ; 0.116 V                              ; 4.54e-10 s                  ; 4.44e-10 s                  ; No                         ; Yes                        ; 2.32 V                      ; 2.15e-07 V                  ; 2.41 V             ; -0.0492 V          ; 0.181 V                             ; 0.116 V                             ; 4.54e-10 s                 ; 4.44e-10 s                 ; No                        ; Yes                       ;
; oDisplay1[4] ; 2.5 V        ; 0 s                 ; 0 s                 ; 2.32 V                       ; 2.15e-07 V                   ; 2.41 V              ; -0.0495 V           ; 0.18 V                               ; 0.115 V                              ; 4.54e-10 s                  ; 4.44e-10 s                  ; No                         ; Yes                        ; 2.32 V                      ; 2.15e-07 V                  ; 2.41 V             ; -0.0495 V          ; 0.18 V                              ; 0.115 V                             ; 4.54e-10 s                 ; 4.44e-10 s                 ; No                        ; Yes                       ;
; oDisplay1[5] ; 2.5 V        ; 0 s                 ; 0 s                 ; 2.32 V                       ; 2.15e-07 V                   ; 2.41 V              ; -0.0495 V           ; 0.18 V                               ; 0.115 V                              ; 4.54e-10 s                  ; 4.44e-10 s                  ; No                         ; Yes                        ; 2.32 V                      ; 2.15e-07 V                  ; 2.41 V             ; -0.0495 V          ; 0.18 V                              ; 0.115 V                             ; 4.54e-10 s                 ; 4.44e-10 s                 ; No                        ; Yes                       ;
; oDisplay1[6] ; 2.5 V        ; 0 s                 ; 0 s                 ; 2.32 V                       ; 2.15e-07 V                   ; 2.41 V              ; -0.0492 V           ; 0.181 V                              ; 0.116 V                              ; 4.54e-10 s                  ; 4.44e-10 s                  ; No                         ; Yes                        ; 2.32 V                      ; 2.15e-07 V                  ; 2.41 V             ; -0.0492 V          ; 0.181 V                             ; 0.116 V                             ; 4.54e-10 s                 ; 4.44e-10 s                 ; No                        ; Yes                       ;
; oDisplay2[0] ; 2.5 V        ; 0 s                 ; 0 s                 ; 2.32 V                       ; 2.15e-07 V                   ; 2.41 V              ; -0.0492 V           ; 0.181 V                              ; 0.116 V                              ; 4.54e-10 s                  ; 4.44e-10 s                  ; No                         ; Yes                        ; 2.32 V                      ; 2.15e-07 V                  ; 2.41 V             ; -0.0492 V          ; 0.181 V                             ; 0.116 V                             ; 4.54e-10 s                 ; 4.44e-10 s                 ; No                        ; Yes                       ;
; oDisplay2[1] ; 2.5 V        ; 0 s                 ; 0 s                 ; 2.32 V                       ; 2.15e-07 V                   ; 2.41 V              ; -0.0495 V           ; 0.18 V                               ; 0.115 V                              ; 4.54e-10 s                  ; 4.44e-10 s                  ; No                         ; Yes                        ; 2.32 V                      ; 2.15e-07 V                  ; 2.41 V             ; -0.0495 V          ; 0.18 V                              ; 0.115 V                             ; 4.54e-10 s                 ; 4.44e-10 s                 ; No                        ; Yes                       ;
; oDisplay2[2] ; 2.5 V        ; 0 s                 ; 0 s                 ; 2.32 V                       ; 2.15e-07 V                   ; 2.41 V              ; -0.0495 V           ; 0.18 V                               ; 0.115 V                              ; 4.54e-10 s                  ; 4.44e-10 s                  ; No                         ; Yes                        ; 2.32 V                      ; 2.15e-07 V                  ; 2.41 V             ; -0.0495 V          ; 0.18 V                              ; 0.115 V                             ; 4.54e-10 s                 ; 4.44e-10 s                 ; No                        ; Yes                       ;
; oDisplay2[3] ; 2.5 V        ; 0 s                 ; 0 s                 ; 2.32 V                       ; 2.15e-07 V                   ; 2.41 V              ; -0.0492 V           ; 0.181 V                              ; 0.116 V                              ; 4.54e-10 s                  ; 4.44e-10 s                  ; No                         ; Yes                        ; 2.32 V                      ; 2.15e-07 V                  ; 2.41 V             ; -0.0492 V          ; 0.181 V                             ; 0.116 V                             ; 4.54e-10 s                 ; 4.44e-10 s                 ; No                        ; Yes                       ;
; oDisplay2[4] ; 2.5 V        ; 0 s                 ; 0 s                 ; 2.32 V                       ; 2.15e-07 V                   ; 2.41 V              ; -0.0492 V           ; 0.181 V                              ; 0.116 V                              ; 4.54e-10 s                  ; 4.44e-10 s                  ; No                         ; Yes                        ; 2.32 V                      ; 2.15e-07 V                  ; 2.41 V             ; -0.0492 V          ; 0.181 V                             ; 0.116 V                             ; 4.54e-10 s                 ; 4.44e-10 s                 ; No                        ; Yes                       ;
; oDisplay2[5] ; 2.5 V        ; 0 s                 ; 0 s                 ; 2.32 V                       ; 2.15e-07 V                   ; 2.41 V              ; -0.0495 V           ; 0.18 V                               ; 0.115 V                              ; 4.54e-10 s                  ; 4.44e-10 s                  ; No                         ; Yes                        ; 2.32 V                      ; 2.15e-07 V                  ; 2.41 V             ; -0.0495 V          ; 0.18 V                              ; 0.115 V                             ; 4.54e-10 s                 ; 4.44e-10 s                 ; No                        ; Yes                       ;
; oDisplay2[6] ; 2.5 V        ; 0 s                 ; 0 s                 ; 2.32 V                       ; 2.15e-07 V                   ; 2.41 V              ; -0.0495 V           ; 0.18 V                               ; 0.115 V                              ; 4.54e-10 s                  ; 4.44e-10 s                  ; No                         ; Yes                        ; 2.32 V                      ; 2.15e-07 V                  ; 2.41 V             ; -0.0495 V          ; 0.18 V                              ; 0.115 V                             ; 4.54e-10 s                 ; 4.44e-10 s                 ; No                        ; Yes                       ;
; oDisplay3[0] ; 2.5 V        ; 0 s                 ; 0 s                 ; 2.32 V                       ; 2.19e-07 V                   ; 2.4 V               ; -0.039 V            ; 0.21 V                               ; 0.145 V                              ; 4.67e-10 s                  ; 4.63e-10 s                  ; No                         ; Yes                        ; 2.32 V                      ; 2.19e-07 V                  ; 2.4 V              ; -0.039 V           ; 0.21 V                              ; 0.145 V                             ; 4.67e-10 s                 ; 4.63e-10 s                 ; No                        ; Yes                       ;
; oDisplay3[1] ; 2.5 V        ; 0 s                 ; 0 s                 ; 2.32 V                       ; 2.15e-07 V                   ; 2.41 V              ; -0.0495 V           ; 0.18 V                               ; 0.115 V                              ; 4.54e-10 s                  ; 4.44e-10 s                  ; No                         ; Yes                        ; 2.32 V                      ; 2.15e-07 V                  ; 2.41 V             ; -0.0495 V          ; 0.18 V                              ; 0.115 V                             ; 4.54e-10 s                 ; 4.44e-10 s                 ; No                        ; Yes                       ;
; oDisplay3[2] ; 2.5 V        ; 0 s                 ; 0 s                 ; 2.32 V                       ; 2.15e-07 V                   ; 2.41 V              ; -0.0495 V           ; 0.18 V                               ; 0.115 V                              ; 4.54e-10 s                  ; 4.44e-10 s                  ; No                         ; Yes                        ; 2.32 V                      ; 2.15e-07 V                  ; 2.41 V             ; -0.0495 V          ; 0.18 V                              ; 0.115 V                             ; 4.54e-10 s                 ; 4.44e-10 s                 ; No                        ; Yes                       ;
; oDisplay3[3] ; 2.5 V        ; 0 s                 ; 0 s                 ; 2.32 V                       ; 1.88e-07 V                   ; 2.35 V              ; -0.0185 V           ; 0.153 V                              ; 0.099 V                              ; 4.6e-10 s                   ; 4.48e-10 s                  ; No                         ; Yes                        ; 2.32 V                      ; 1.88e-07 V                  ; 2.35 V             ; -0.0185 V          ; 0.153 V                             ; 0.099 V                             ; 4.6e-10 s                  ; 4.48e-10 s                 ; No                        ; Yes                       ;
; oDisplay3[4] ; 2.5 V        ; 0 s                 ; 0 s                 ; 2.32 V                       ; 1.88e-07 V                   ; 2.35 V              ; -0.0185 V           ; 0.153 V                              ; 0.099 V                              ; 4.6e-10 s                   ; 4.48e-10 s                  ; No                         ; Yes                        ; 2.32 V                      ; 1.88e-07 V                  ; 2.35 V             ; -0.0185 V          ; 0.153 V                             ; 0.099 V                             ; 4.6e-10 s                  ; 4.48e-10 s                 ; No                        ; Yes                       ;
; oDisplay3[5] ; 2.5 V        ; 0 s                 ; 0 s                 ; 2.32 V                       ; 2.15e-07 V                   ; 2.41 V              ; -0.0495 V           ; 0.18 V                               ; 0.115 V                              ; 4.54e-10 s                  ; 4.44e-10 s                  ; No                         ; Yes                        ; 2.32 V                      ; 2.15e-07 V                  ; 2.41 V             ; -0.0495 V          ; 0.18 V                              ; 0.115 V                             ; 4.54e-10 s                 ; 4.44e-10 s                 ; No                        ; Yes                       ;
; oDisplay3[6] ; 2.5 V        ; 0 s                 ; 0 s                 ; 2.32 V                       ; 2.15e-07 V                   ; 2.41 V              ; -0.0492 V           ; 0.181 V                              ; 0.116 V                              ; 4.54e-10 s                  ; 4.44e-10 s                  ; No                         ; Yes                        ; 2.32 V                      ; 2.15e-07 V                  ; 2.41 V             ; -0.0492 V          ; 0.181 V                             ; 0.116 V                             ; 4.54e-10 s                 ; 4.44e-10 s                 ; No                        ; Yes                       ;
; oDisplay4[0] ; 2.5 V        ; 0 s                 ; 0 s                 ; 2.32 V                       ; 1.88e-07 V                   ; 2.35 V              ; -0.0185 V           ; 0.153 V                              ; 0.099 V                              ; 4.6e-10 s                   ; 4.48e-10 s                  ; No                         ; Yes                        ; 2.32 V                      ; 1.88e-07 V                  ; 2.35 V             ; -0.0185 V          ; 0.153 V                             ; 0.099 V                             ; 4.6e-10 s                  ; 4.48e-10 s                 ; No                        ; Yes                       ;
; oDisplay4[1] ; 2.5 V        ; 0 s                 ; 0 s                 ; 2.32 V                       ; 2.19e-07 V                   ; 2.4 V               ; -0.039 V            ; 0.21 V                               ; 0.145 V                              ; 4.67e-10 s                  ; 4.63e-10 s                  ; No                         ; Yes                        ; 2.32 V                      ; 2.19e-07 V                  ; 2.4 V              ; -0.039 V           ; 0.21 V                              ; 0.145 V                             ; 4.67e-10 s                 ; 4.63e-10 s                 ; No                        ; Yes                       ;
; oDisplay4[2] ; 2.5 V        ; 0 s                 ; 0 s                 ; 2.32 V                       ; 2.19e-07 V                   ; 2.4 V               ; -0.039 V            ; 0.21 V                               ; 0.145 V                              ; 4.67e-10 s                  ; 4.63e-10 s                  ; No                         ; Yes                        ; 2.32 V                      ; 2.19e-07 V                  ; 2.4 V              ; -0.039 V           ; 0.21 V                              ; 0.145 V                             ; 4.67e-10 s                 ; 4.63e-10 s                 ; No                        ; Yes                       ;
; oDisplay4[3] ; 2.5 V        ; 0 s                 ; 0 s                 ; 2.32 V                       ; 1.88e-07 V                   ; 2.35 V              ; -0.0185 V           ; 0.153 V                              ; 0.099 V                              ; 4.6e-10 s                   ; 4.48e-10 s                  ; No                         ; Yes                        ; 2.32 V                      ; 1.88e-07 V                  ; 2.35 V             ; -0.0185 V          ; 0.153 V                             ; 0.099 V                             ; 4.6e-10 s                  ; 4.48e-10 s                 ; No                        ; Yes                       ;
; oDisplay4[4] ; 2.5 V        ; 0 s                 ; 0 s                 ; 2.32 V                       ; 2.19e-07 V                   ; 2.4 V               ; -0.039 V            ; 0.21 V                               ; 0.145 V                              ; 4.67e-10 s                  ; 4.63e-10 s                  ; No                         ; Yes                        ; 2.32 V                      ; 2.19e-07 V                  ; 2.4 V              ; -0.039 V           ; 0.21 V                              ; 0.145 V                             ; 4.67e-10 s                 ; 4.63e-10 s                 ; No                        ; Yes                       ;
; oDisplay4[5] ; 2.5 V        ; 0 s                 ; 0 s                 ; 2.32 V                       ; 2.19e-07 V                   ; 2.4 V               ; -0.039 V            ; 0.21 V                               ; 0.145 V                              ; 4.67e-10 s                  ; 4.63e-10 s                  ; No                         ; Yes                        ; 2.32 V                      ; 2.19e-07 V                  ; 2.4 V              ; -0.039 V           ; 0.21 V                              ; 0.145 V                             ; 4.67e-10 s                 ; 4.63e-10 s                 ; No                        ; Yes                       ;
; oDisplay4[6] ; 2.5 V        ; 0 s                 ; 0 s                 ; 2.32 V                       ; 1.88e-07 V                   ; 2.35 V              ; -0.0185 V           ; 0.153 V                              ; 0.099 V                              ; 4.6e-10 s                   ; 4.48e-10 s                  ; No                         ; Yes                        ; 2.32 V                      ; 1.88e-07 V                  ; 2.35 V             ; -0.0185 V          ; 0.153 V                             ; 0.099 V                             ; 4.6e-10 s                  ; 4.48e-10 s                 ; No                        ; Yes                       ;
; oDisplay5[0] ; 2.5 V        ; 0 s                 ; 0 s                 ; 2.32 V                       ; 2.15e-07 V                   ; 2.41 V              ; -0.0492 V           ; 0.181 V                              ; 0.116 V                              ; 4.54e-10 s                  ; 4.44e-10 s                  ; No                         ; Yes                        ; 2.32 V                      ; 2.15e-07 V                  ; 2.41 V             ; -0.0492 V          ; 0.181 V                             ; 0.116 V                             ; 4.54e-10 s                 ; 4.44e-10 s                 ; No                        ; Yes                       ;
; oDisplay5[1] ; 2.5 V        ; 0 s                 ; 0 s                 ; 2.32 V                       ; 1.88e-07 V                   ; 2.35 V              ; -0.0185 V           ; 0.153 V                              ; 0.099 V                              ; 4.6e-10 s                   ; 4.48e-10 s                  ; No                         ; Yes                        ; 2.32 V                      ; 1.88e-07 V                  ; 2.35 V             ; -0.0185 V          ; 0.153 V                             ; 0.099 V                             ; 4.6e-10 s                  ; 4.48e-10 s                 ; No                        ; Yes                       ;
; oDisplay5[2] ; 2.5 V        ; 0 s                 ; 0 s                 ; 2.32 V                       ; 1.88e-07 V                   ; 2.35 V              ; -0.0185 V           ; 0.153 V                              ; 0.099 V                              ; 4.6e-10 s                   ; 4.48e-10 s                  ; No                         ; Yes                        ; 2.32 V                      ; 1.88e-07 V                  ; 2.35 V             ; -0.0185 V          ; 0.153 V                             ; 0.099 V                             ; 4.6e-10 s                  ; 4.48e-10 s                 ; No                        ; Yes                       ;
; oDisplay5[3] ; 2.5 V        ; 0 s                 ; 0 s                 ; 2.32 V                       ; 1.88e-07 V                   ; 2.35 V              ; -0.0185 V           ; 0.153 V                              ; 0.099 V                              ; 4.6e-10 s                   ; 4.48e-10 s                  ; No                         ; Yes                        ; 2.32 V                      ; 1.88e-07 V                  ; 2.35 V             ; -0.0185 V          ; 0.153 V                             ; 0.099 V                             ; 4.6e-10 s                  ; 4.48e-10 s                 ; No                        ; Yes                       ;
; oDisplay5[4] ; 2.5 V        ; 0 s                 ; 0 s                 ; 2.32 V                       ; 2.19e-07 V                   ; 2.4 V               ; -0.039 V            ; 0.21 V                               ; 0.145 V                              ; 4.67e-10 s                  ; 4.63e-10 s                  ; No                         ; Yes                        ; 2.32 V                      ; 2.19e-07 V                  ; 2.4 V              ; -0.039 V           ; 0.21 V                              ; 0.145 V                             ; 4.67e-10 s                 ; 4.63e-10 s                 ; No                        ; Yes                       ;
; oDisplay5[5] ; 2.5 V        ; 0 s                 ; 0 s                 ; 2.32 V                       ; 2.19e-07 V                   ; 2.4 V               ; -0.039 V            ; 0.21 V                               ; 0.145 V                              ; 4.67e-10 s                  ; 4.63e-10 s                  ; No                         ; Yes                        ; 2.32 V                      ; 2.19e-07 V                  ; 2.4 V              ; -0.039 V           ; 0.21 V                              ; 0.145 V                             ; 4.67e-10 s                 ; 4.63e-10 s                 ; No                        ; Yes                       ;
; oDisplay5[6] ; 2.5 V        ; 0 s                 ; 0 s                 ; 2.32 V                       ; 1.88e-07 V                   ; 2.35 V              ; -0.0185 V           ; 0.153 V                              ; 0.099 V                              ; 4.6e-10 s                   ; 4.48e-10 s                  ; No                         ; Yes                        ; 2.32 V                      ; 1.88e-07 V                  ; 2.35 V             ; -0.0185 V          ; 0.153 V                             ; 0.099 V                             ; 4.6e-10 s                  ; 4.48e-10 s                 ; No                        ; Yes                       ;
; oDisplay6[0] ; 2.5 V        ; 0 s                 ; 0 s                 ; 2.32 V                       ; 2.19e-07 V                   ; 2.4 V               ; -0.039 V            ; 0.21 V                               ; 0.145 V                              ; 4.67e-10 s                  ; 4.63e-10 s                  ; No                         ; Yes                        ; 2.32 V                      ; 2.19e-07 V                  ; 2.4 V              ; -0.039 V           ; 0.21 V                              ; 0.145 V                             ; 4.67e-10 s                 ; 4.63e-10 s                 ; No                        ; Yes                       ;
; oDisplay6[1] ; 2.5 V        ; 0 s                 ; 0 s                 ; 2.32 V                       ; 1.88e-07 V                   ; 2.35 V              ; -0.0185 V           ; 0.153 V                              ; 0.099 V                              ; 4.6e-10 s                   ; 4.48e-10 s                  ; No                         ; Yes                        ; 2.32 V                      ; 1.88e-07 V                  ; 2.35 V             ; -0.0185 V          ; 0.153 V                             ; 0.099 V                             ; 4.6e-10 s                  ; 4.48e-10 s                 ; No                        ; Yes                       ;
; oDisplay6[2] ; 2.5 V        ; 0 s                 ; 0 s                 ; 2.32 V                       ; 1.88e-07 V                   ; 2.35 V              ; -0.0185 V           ; 0.153 V                              ; 0.099 V                              ; 4.6e-10 s                   ; 4.48e-10 s                  ; No                         ; Yes                        ; 2.32 V                      ; 1.88e-07 V                  ; 2.35 V             ; -0.0185 V          ; 0.153 V                             ; 0.099 V                             ; 4.6e-10 s                  ; 4.48e-10 s                 ; No                        ; Yes                       ;
; oDisplay6[3] ; 2.5 V        ; 0 s                 ; 0 s                 ; 2.32 V                       ; 1.88e-07 V                   ; 2.35 V              ; -0.0185 V           ; 0.153 V                              ; 0.099 V                              ; 4.6e-10 s                   ; 4.48e-10 s                  ; No                         ; Yes                        ; 2.32 V                      ; 1.88e-07 V                  ; 2.35 V             ; -0.0185 V          ; 0.153 V                             ; 0.099 V                             ; 4.6e-10 s                  ; 4.48e-10 s                 ; No                        ; Yes                       ;
; oDisplay6[4] ; 2.5 V        ; 0 s                 ; 0 s                 ; 2.32 V                       ; 2.15e-07 V                   ; 2.41 V              ; -0.0495 V           ; 0.18 V                               ; 0.115 V                              ; 4.54e-10 s                  ; 4.44e-10 s                  ; No                         ; Yes                        ; 2.32 V                      ; 2.15e-07 V                  ; 2.41 V             ; -0.0495 V          ; 0.18 V                              ; 0.115 V                             ; 4.54e-10 s                 ; 4.44e-10 s                 ; No                        ; Yes                       ;
; oDisplay6[5] ; 2.5 V        ; 0 s                 ; 0 s                 ; 2.32 V                       ; 2.15e-07 V                   ; 2.41 V              ; -0.0492 V           ; 0.181 V                              ; 0.116 V                              ; 4.54e-10 s                  ; 4.44e-10 s                  ; No                         ; Yes                        ; 2.32 V                      ; 2.15e-07 V                  ; 2.41 V             ; -0.0492 V          ; 0.181 V                             ; 0.116 V                             ; 4.54e-10 s                 ; 4.44e-10 s                 ; No                        ; Yes                       ;
; oDisplay6[6] ; 2.5 V        ; 0 s                 ; 0 s                 ; 2.32 V                       ; 2.19e-07 V                   ; 2.4 V               ; -0.039 V            ; 0.21 V                               ; 0.145 V                              ; 4.67e-10 s                  ; 4.63e-10 s                  ; No                         ; Yes                        ; 2.32 V                      ; 2.19e-07 V                  ; 2.4 V              ; -0.039 V           ; 0.21 V                              ; 0.145 V                             ; 4.67e-10 s                 ; 4.63e-10 s                 ; No                        ; Yes                       ;
+--------------+--------------+---------------------+---------------------+------------------------------+------------------------------+---------------------+---------------------+--------------------------------------+--------------------------------------+-----------------------------+-----------------------------+----------------------------+----------------------------+-----------------------------+-----------------------------+--------------------+--------------------+-------------------------------------+-------------------------------------+----------------------------+----------------------------+---------------------------+---------------------------+


+-------------------------------------------------------------------------------------------------------------------------------------------------------------------------------------------------------------------------------------------------------------------------------------------------------------------------------------------------------------------------------------------------------------------------------------------------------------------------------------------------------------------------------------------------------------------------------------------------------------------------------------------------------------------------------------------+
; Signal Integrity Metrics (Slow 1100mv 85c Model)                                                                                                                                                                                                                                                                                                                                                                                                                                                                                                                                                                                                                                          ;
+--------------+--------------+---------------------+---------------------+------------------------------+------------------------------+---------------------+---------------------+--------------------------------------+--------------------------------------+-----------------------------+-----------------------------+----------------------------+----------------------------+-----------------------------+-----------------------------+--------------------+--------------------+-------------------------------------+-------------------------------------+----------------------------+----------------------------+---------------------------+---------------------------+
; Pin          ; I/O Standard ; Board Delay on Rise ; Board Delay on Fall ; Steady State Voh at FPGA Pin ; Steady State Vol at FPGA Pin ; Voh Max at FPGA Pin ; Vol Min at FPGA Pin ; Ringback Voltage on Rise at FPGA Pin ; Ringback Voltage on Fall at FPGA Pin ; 10-90 Rise Time at FPGA Pin ; 90-10 Fall Time at FPGA Pin ; Monotonic Rise at FPGA Pin ; Monotonic Fall at FPGA Pin ; Steady State Voh at Far-end ; Steady State Vol at Far-end ; Voh Max at Far-end ; Vol Min at Far-end ; Ringback Voltage on Rise at Far-end ; Ringback Voltage on Fall at Far-end ; 10-90 Rise Time at Far-end ; 90-10 Fall Time at Far-end ; Monotonic Rise at Far-end ; Monotonic Fall at Far-end ;
+--------------+--------------+---------------------+---------------------+------------------------------+------------------------------+---------------------+---------------------+--------------------------------------+--------------------------------------+-----------------------------+-----------------------------+----------------------------+----------------------------+-----------------------------+-----------------------------+--------------------+--------------------+-------------------------------------+-------------------------------------+----------------------------+----------------------------+---------------------------+---------------------------+
; oDisplay1[0] ; 2.5 V        ; 0 s                 ; 0 s                 ; 2.32 V                       ; 2.52e-05 V                   ; 2.38 V              ; -0.0315 V           ; 0.205 V                              ; 0.182 V                              ; 4.74e-10 s                  ; 4.85e-10 s                  ; No                         ; Yes                        ; 2.32 V                      ; 2.52e-05 V                  ; 2.38 V             ; -0.0315 V          ; 0.205 V                             ; 0.182 V                             ; 4.74e-10 s                 ; 4.85e-10 s                 ; No                        ; Yes                       ;
; oDisplay1[1] ; 2.5 V        ; 0 s                 ; 0 s                 ; 2.32 V                       ; 2.52e-05 V                   ; 2.38 V              ; -0.032 V            ; 0.204 V                              ; 0.181 V                              ; 4.74e-10 s                  ; 4.85e-10 s                  ; No                         ; Yes                        ; 2.32 V                      ; 2.52e-05 V                  ; 2.38 V             ; -0.032 V           ; 0.204 V                             ; 0.181 V                             ; 4.74e-10 s                 ; 4.85e-10 s                 ; No                        ; Yes                       ;
; oDisplay1[2] ; 2.5 V        ; 0 s                 ; 0 s                 ; 2.32 V                       ; 2.52e-05 V                   ; 2.38 V              ; -0.032 V            ; 0.204 V                              ; 0.181 V                              ; 4.74e-10 s                  ; 4.85e-10 s                  ; No                         ; Yes                        ; 2.32 V                      ; 2.52e-05 V                  ; 2.38 V             ; -0.032 V           ; 0.204 V                             ; 0.181 V                             ; 4.74e-10 s                 ; 4.85e-10 s                 ; No                        ; Yes                       ;
; oDisplay1[3] ; 2.5 V        ; 0 s                 ; 0 s                 ; 2.32 V                       ; 2.52e-05 V                   ; 2.38 V              ; -0.032 V            ; 0.204 V                              ; 0.181 V                              ; 4.74e-10 s                  ; 4.85e-10 s                  ; No                         ; Yes                        ; 2.32 V                      ; 2.52e-05 V                  ; 2.38 V             ; -0.032 V           ; 0.204 V                             ; 0.181 V                             ; 4.74e-10 s                 ; 4.85e-10 s                 ; No                        ; Yes                       ;
; oDisplay1[4] ; 2.5 V        ; 0 s                 ; 0 s                 ; 2.32 V                       ; 2.52e-05 V                   ; 2.38 V              ; -0.0315 V           ; 0.205 V                              ; 0.182 V                              ; 4.74e-10 s                  ; 4.85e-10 s                  ; No                         ; Yes                        ; 2.32 V                      ; 2.52e-05 V                  ; 2.38 V             ; -0.0315 V          ; 0.205 V                             ; 0.182 V                             ; 4.74e-10 s                 ; 4.85e-10 s                 ; No                        ; Yes                       ;
; oDisplay1[5] ; 2.5 V        ; 0 s                 ; 0 s                 ; 2.32 V                       ; 2.52e-05 V                   ; 2.38 V              ; -0.0315 V           ; 0.205 V                              ; 0.182 V                              ; 4.74e-10 s                  ; 4.85e-10 s                  ; No                         ; Yes                        ; 2.32 V                      ; 2.52e-05 V                  ; 2.38 V             ; -0.0315 V          ; 0.205 V                             ; 0.182 V                             ; 4.74e-10 s                 ; 4.85e-10 s                 ; No                        ; Yes                       ;
; oDisplay1[6] ; 2.5 V        ; 0 s                 ; 0 s                 ; 2.32 V                       ; 2.52e-05 V                   ; 2.38 V              ; -0.032 V            ; 0.204 V                              ; 0.181 V                              ; 4.74e-10 s                  ; 4.85e-10 s                  ; No                         ; Yes                        ; 2.32 V                      ; 2.52e-05 V                  ; 2.38 V             ; -0.032 V           ; 0.204 V                             ; 0.181 V                             ; 4.74e-10 s                 ; 4.85e-10 s                 ; No                        ; Yes                       ;
; oDisplay2[0] ; 2.5 V        ; 0 s                 ; 0 s                 ; 2.32 V                       ; 2.52e-05 V                   ; 2.38 V              ; -0.032 V            ; 0.204 V                              ; 0.181 V                              ; 4.74e-10 s                  ; 4.85e-10 s                  ; No                         ; Yes                        ; 2.32 V                      ; 2.52e-05 V                  ; 2.38 V             ; -0.032 V           ; 0.204 V                             ; 0.181 V                             ; 4.74e-10 s                 ; 4.85e-10 s                 ; No                        ; Yes                       ;
; oDisplay2[1] ; 2.5 V        ; 0 s                 ; 0 s                 ; 2.32 V                       ; 2.52e-05 V                   ; 2.38 V              ; -0.0315 V           ; 0.205 V                              ; 0.182 V                              ; 4.74e-10 s                  ; 4.85e-10 s                  ; No                         ; Yes                        ; 2.32 V                      ; 2.52e-05 V                  ; 2.38 V             ; -0.0315 V          ; 0.205 V                             ; 0.182 V                             ; 4.74e-10 s                 ; 4.85e-10 s                 ; No                        ; Yes                       ;
; oDisplay2[2] ; 2.5 V        ; 0 s                 ; 0 s                 ; 2.32 V                       ; 2.52e-05 V                   ; 2.38 V              ; -0.0315 V           ; 0.205 V                              ; 0.182 V                              ; 4.74e-10 s                  ; 4.85e-10 s                  ; No                         ; Yes                        ; 2.32 V                      ; 2.52e-05 V                  ; 2.38 V             ; -0.0315 V          ; 0.205 V                             ; 0.182 V                             ; 4.74e-10 s                 ; 4.85e-10 s                 ; No                        ; Yes                       ;
; oDisplay2[3] ; 2.5 V        ; 0 s                 ; 0 s                 ; 2.32 V                       ; 2.52e-05 V                   ; 2.38 V              ; -0.032 V            ; 0.204 V                              ; 0.181 V                              ; 4.74e-10 s                  ; 4.85e-10 s                  ; No                         ; Yes                        ; 2.32 V                      ; 2.52e-05 V                  ; 2.38 V             ; -0.032 V           ; 0.204 V                             ; 0.181 V                             ; 4.74e-10 s                 ; 4.85e-10 s                 ; No                        ; Yes                       ;
; oDisplay2[4] ; 2.5 V        ; 0 s                 ; 0 s                 ; 2.32 V                       ; 2.52e-05 V                   ; 2.38 V              ; -0.032 V            ; 0.204 V                              ; 0.181 V                              ; 4.74e-10 s                  ; 4.85e-10 s                  ; No                         ; Yes                        ; 2.32 V                      ; 2.52e-05 V                  ; 2.38 V             ; -0.032 V           ; 0.204 V                             ; 0.181 V                             ; 4.74e-10 s                 ; 4.85e-10 s                 ; No                        ; Yes                       ;
; oDisplay2[5] ; 2.5 V        ; 0 s                 ; 0 s                 ; 2.32 V                       ; 2.52e-05 V                   ; 2.38 V              ; -0.0315 V           ; 0.205 V                              ; 0.182 V                              ; 4.74e-10 s                  ; 4.85e-10 s                  ; No                         ; Yes                        ; 2.32 V                      ; 2.52e-05 V                  ; 2.38 V             ; -0.0315 V          ; 0.205 V                             ; 0.182 V                             ; 4.74e-10 s                 ; 4.85e-10 s                 ; No                        ; Yes                       ;
; oDisplay2[6] ; 2.5 V        ; 0 s                 ; 0 s                 ; 2.32 V                       ; 2.52e-05 V                   ; 2.38 V              ; -0.0315 V           ; 0.205 V                              ; 0.182 V                              ; 4.74e-10 s                  ; 4.85e-10 s                  ; No                         ; Yes                        ; 2.32 V                      ; 2.52e-05 V                  ; 2.38 V             ; -0.0315 V          ; 0.205 V                             ; 0.182 V                             ; 4.74e-10 s                 ; 4.85e-10 s                 ; No                        ; Yes                       ;
; oDisplay3[0] ; 2.5 V        ; 0 s                 ; 0 s                 ; 2.32 V                       ; 2.56e-05 V                   ; 2.38 V              ; -0.026 V            ; 0.249 V                              ; 0.089 V                              ; 4.95e-10 s                  ; 6.01e-10 s                  ; No                         ; Yes                        ; 2.32 V                      ; 2.56e-05 V                  ; 2.38 V             ; -0.026 V           ; 0.249 V                             ; 0.089 V                             ; 4.95e-10 s                 ; 6.01e-10 s                 ; No                        ; Yes                       ;
; oDisplay3[1] ; 2.5 V        ; 0 s                 ; 0 s                 ; 2.32 V                       ; 2.52e-05 V                   ; 2.38 V              ; -0.0315 V           ; 0.205 V                              ; 0.182 V                              ; 4.74e-10 s                  ; 4.85e-10 s                  ; No                         ; Yes                        ; 2.32 V                      ; 2.52e-05 V                  ; 2.38 V             ; -0.0315 V          ; 0.205 V                             ; 0.182 V                             ; 4.74e-10 s                 ; 4.85e-10 s                 ; No                        ; Yes                       ;
; oDisplay3[2] ; 2.5 V        ; 0 s                 ; 0 s                 ; 2.32 V                       ; 2.52e-05 V                   ; 2.38 V              ; -0.0315 V           ; 0.205 V                              ; 0.182 V                              ; 4.74e-10 s                  ; 4.85e-10 s                  ; No                         ; Yes                        ; 2.32 V                      ; 2.52e-05 V                  ; 2.38 V             ; -0.0315 V          ; 0.205 V                             ; 0.182 V                             ; 4.74e-10 s                 ; 4.85e-10 s                 ; No                        ; Yes                       ;
; oDisplay3[3] ; 2.5 V        ; 0 s                 ; 0 s                 ; 2.32 V                       ; 2.27e-05 V                   ; 2.34 V              ; -0.0089 V           ; 0.206 V                              ; 0.058 V                              ; 4.97e-10 s                  ; 5.13e-10 s                  ; Yes                        ; Yes                        ; 2.32 V                      ; 2.27e-05 V                  ; 2.34 V             ; -0.0089 V          ; 0.206 V                             ; 0.058 V                             ; 4.97e-10 s                 ; 5.13e-10 s                 ; Yes                       ; Yes                       ;
; oDisplay3[4] ; 2.5 V        ; 0 s                 ; 0 s                 ; 2.32 V                       ; 2.27e-05 V                   ; 2.34 V              ; -0.0089 V           ; 0.206 V                              ; 0.058 V                              ; 4.97e-10 s                  ; 5.13e-10 s                  ; Yes                        ; Yes                        ; 2.32 V                      ; 2.27e-05 V                  ; 2.34 V             ; -0.0089 V          ; 0.206 V                             ; 0.058 V                             ; 4.97e-10 s                 ; 5.13e-10 s                 ; Yes                       ; Yes                       ;
; oDisplay3[5] ; 2.5 V        ; 0 s                 ; 0 s                 ; 2.32 V                       ; 2.52e-05 V                   ; 2.38 V              ; -0.0315 V           ; 0.205 V                              ; 0.182 V                              ; 4.74e-10 s                  ; 4.85e-10 s                  ; No                         ; Yes                        ; 2.32 V                      ; 2.52e-05 V                  ; 2.38 V             ; -0.0315 V          ; 0.205 V                             ; 0.182 V                             ; 4.74e-10 s                 ; 4.85e-10 s                 ; No                        ; Yes                       ;
; oDisplay3[6] ; 2.5 V        ; 0 s                 ; 0 s                 ; 2.32 V                       ; 2.52e-05 V                   ; 2.38 V              ; -0.032 V            ; 0.204 V                              ; 0.181 V                              ; 4.74e-10 s                  ; 4.85e-10 s                  ; No                         ; Yes                        ; 2.32 V                      ; 2.52e-05 V                  ; 2.38 V             ; -0.032 V           ; 0.204 V                             ; 0.181 V                             ; 4.74e-10 s                 ; 4.85e-10 s                 ; No                        ; Yes                       ;
; oDisplay4[0] ; 2.5 V        ; 0 s                 ; 0 s                 ; 2.32 V                       ; 2.27e-05 V                   ; 2.34 V              ; -0.0089 V           ; 0.206 V                              ; 0.058 V                              ; 4.97e-10 s                  ; 5.13e-10 s                  ; Yes                        ; Yes                        ; 2.32 V                      ; 2.27e-05 V                  ; 2.34 V             ; -0.0089 V          ; 0.206 V                             ; 0.058 V                             ; 4.97e-10 s                 ; 5.13e-10 s                 ; Yes                       ; Yes                       ;
; oDisplay4[1] ; 2.5 V        ; 0 s                 ; 0 s                 ; 2.32 V                       ; 2.56e-05 V                   ; 2.38 V              ; -0.026 V            ; 0.249 V                              ; 0.089 V                              ; 4.95e-10 s                  ; 6.01e-10 s                  ; No                         ; Yes                        ; 2.32 V                      ; 2.56e-05 V                  ; 2.38 V             ; -0.026 V           ; 0.249 V                             ; 0.089 V                             ; 4.95e-10 s                 ; 6.01e-10 s                 ; No                        ; Yes                       ;
; oDisplay4[2] ; 2.5 V        ; 0 s                 ; 0 s                 ; 2.32 V                       ; 2.56e-05 V                   ; 2.38 V              ; -0.026 V            ; 0.249 V                              ; 0.089 V                              ; 4.95e-10 s                  ; 6.01e-10 s                  ; No                         ; Yes                        ; 2.32 V                      ; 2.56e-05 V                  ; 2.38 V             ; -0.026 V           ; 0.249 V                             ; 0.089 V                             ; 4.95e-10 s                 ; 6.01e-10 s                 ; No                        ; Yes                       ;
; oDisplay4[3] ; 2.5 V        ; 0 s                 ; 0 s                 ; 2.32 V                       ; 2.27e-05 V                   ; 2.34 V              ; -0.0089 V           ; 0.206 V                              ; 0.058 V                              ; 4.97e-10 s                  ; 5.13e-10 s                  ; Yes                        ; Yes                        ; 2.32 V                      ; 2.27e-05 V                  ; 2.34 V             ; -0.0089 V          ; 0.206 V                             ; 0.058 V                             ; 4.97e-10 s                 ; 5.13e-10 s                 ; Yes                       ; Yes                       ;
; oDisplay4[4] ; 2.5 V        ; 0 s                 ; 0 s                 ; 2.32 V                       ; 2.56e-05 V                   ; 2.38 V              ; -0.026 V            ; 0.249 V                              ; 0.089 V                              ; 4.95e-10 s                  ; 6.01e-10 s                  ; No                         ; Yes                        ; 2.32 V                      ; 2.56e-05 V                  ; 2.38 V             ; -0.026 V           ; 0.249 V                             ; 0.089 V                             ; 4.95e-10 s                 ; 6.01e-10 s                 ; No                        ; Yes                       ;
; oDisplay4[5] ; 2.5 V        ; 0 s                 ; 0 s                 ; 2.32 V                       ; 2.56e-05 V                   ; 2.38 V              ; -0.026 V            ; 0.249 V                              ; 0.089 V                              ; 4.95e-10 s                  ; 6.01e-10 s                  ; No                         ; Yes                        ; 2.32 V                      ; 2.56e-05 V                  ; 2.38 V             ; -0.026 V           ; 0.249 V                             ; 0.089 V                             ; 4.95e-10 s                 ; 6.01e-10 s                 ; No                        ; Yes                       ;
; oDisplay4[6] ; 2.5 V        ; 0 s                 ; 0 s                 ; 2.32 V                       ; 2.27e-05 V                   ; 2.34 V              ; -0.0089 V           ; 0.206 V                              ; 0.058 V                              ; 4.97e-10 s                  ; 5.13e-10 s                  ; Yes                        ; Yes                        ; 2.32 V                      ; 2.27e-05 V                  ; 2.34 V             ; -0.0089 V          ; 0.206 V                             ; 0.058 V                             ; 4.97e-10 s                 ; 5.13e-10 s                 ; Yes                       ; Yes                       ;
; oDisplay5[0] ; 2.5 V        ; 0 s                 ; 0 s                 ; 2.32 V                       ; 2.52e-05 V                   ; 2.38 V              ; -0.032 V            ; 0.204 V                              ; 0.181 V                              ; 4.74e-10 s                  ; 4.85e-10 s                  ; No                         ; Yes                        ; 2.32 V                      ; 2.52e-05 V                  ; 2.38 V             ; -0.032 V           ; 0.204 V                             ; 0.181 V                             ; 4.74e-10 s                 ; 4.85e-10 s                 ; No                        ; Yes                       ;
; oDisplay5[1] ; 2.5 V        ; 0 s                 ; 0 s                 ; 2.32 V                       ; 2.27e-05 V                   ; 2.34 V              ; -0.0089 V           ; 0.206 V                              ; 0.058 V                              ; 4.97e-10 s                  ; 5.13e-10 s                  ; Yes                        ; Yes                        ; 2.32 V                      ; 2.27e-05 V                  ; 2.34 V             ; -0.0089 V          ; 0.206 V                             ; 0.058 V                             ; 4.97e-10 s                 ; 5.13e-10 s                 ; Yes                       ; Yes                       ;
; oDisplay5[2] ; 2.5 V        ; 0 s                 ; 0 s                 ; 2.32 V                       ; 2.27e-05 V                   ; 2.34 V              ; -0.0089 V           ; 0.206 V                              ; 0.058 V                              ; 4.97e-10 s                  ; 5.13e-10 s                  ; Yes                        ; Yes                        ; 2.32 V                      ; 2.27e-05 V                  ; 2.34 V             ; -0.0089 V          ; 0.206 V                             ; 0.058 V                             ; 4.97e-10 s                 ; 5.13e-10 s                 ; Yes                       ; Yes                       ;
; oDisplay5[3] ; 2.5 V        ; 0 s                 ; 0 s                 ; 2.32 V                       ; 2.27e-05 V                   ; 2.34 V              ; -0.0089 V           ; 0.206 V                              ; 0.058 V                              ; 4.97e-10 s                  ; 5.13e-10 s                  ; Yes                        ; Yes                        ; 2.32 V                      ; 2.27e-05 V                  ; 2.34 V             ; -0.0089 V          ; 0.206 V                             ; 0.058 V                             ; 4.97e-10 s                 ; 5.13e-10 s                 ; Yes                       ; Yes                       ;
; oDisplay5[4] ; 2.5 V        ; 0 s                 ; 0 s                 ; 2.32 V                       ; 2.56e-05 V                   ; 2.38 V              ; -0.026 V            ; 0.249 V                              ; 0.089 V                              ; 4.95e-10 s                  ; 6.01e-10 s                  ; No                         ; Yes                        ; 2.32 V                      ; 2.56e-05 V                  ; 2.38 V             ; -0.026 V           ; 0.249 V                             ; 0.089 V                             ; 4.95e-10 s                 ; 6.01e-10 s                 ; No                        ; Yes                       ;
; oDisplay5[5] ; 2.5 V        ; 0 s                 ; 0 s                 ; 2.32 V                       ; 2.56e-05 V                   ; 2.38 V              ; -0.026 V            ; 0.249 V                              ; 0.089 V                              ; 4.95e-10 s                  ; 6.01e-10 s                  ; No                         ; Yes                        ; 2.32 V                      ; 2.56e-05 V                  ; 2.38 V             ; -0.026 V           ; 0.249 V                             ; 0.089 V                             ; 4.95e-10 s                 ; 6.01e-10 s                 ; No                        ; Yes                       ;
; oDisplay5[6] ; 2.5 V        ; 0 s                 ; 0 s                 ; 2.32 V                       ; 2.27e-05 V                   ; 2.34 V              ; -0.0089 V           ; 0.206 V                              ; 0.058 V                              ; 4.97e-10 s                  ; 5.13e-10 s                  ; Yes                        ; Yes                        ; 2.32 V                      ; 2.27e-05 V                  ; 2.34 V             ; -0.0089 V          ; 0.206 V                             ; 0.058 V                             ; 4.97e-10 s                 ; 5.13e-10 s                 ; Yes                       ; Yes                       ;
; oDisplay6[0] ; 2.5 V        ; 0 s                 ; 0 s                 ; 2.32 V                       ; 2.56e-05 V                   ; 2.38 V              ; -0.026 V            ; 0.249 V                              ; 0.089 V                              ; 4.95e-10 s                  ; 6.01e-10 s                  ; No                         ; Yes                        ; 2.32 V                      ; 2.56e-05 V                  ; 2.38 V             ; -0.026 V           ; 0.249 V                             ; 0.089 V                             ; 4.95e-10 s                 ; 6.01e-10 s                 ; No                        ; Yes                       ;
; oDisplay6[1] ; 2.5 V        ; 0 s                 ; 0 s                 ; 2.32 V                       ; 2.27e-05 V                   ; 2.34 V              ; -0.0089 V           ; 0.206 V                              ; 0.058 V                              ; 4.97e-10 s                  ; 5.13e-10 s                  ; Yes                        ; Yes                        ; 2.32 V                      ; 2.27e-05 V                  ; 2.34 V             ; -0.0089 V          ; 0.206 V                             ; 0.058 V                             ; 4.97e-10 s                 ; 5.13e-10 s                 ; Yes                       ; Yes                       ;
; oDisplay6[2] ; 2.5 V        ; 0 s                 ; 0 s                 ; 2.32 V                       ; 2.27e-05 V                   ; 2.34 V              ; -0.0089 V           ; 0.206 V                              ; 0.058 V                              ; 4.97e-10 s                  ; 5.13e-10 s                  ; Yes                        ; Yes                        ; 2.32 V                      ; 2.27e-05 V                  ; 2.34 V             ; -0.0089 V          ; 0.206 V                             ; 0.058 V                             ; 4.97e-10 s                 ; 5.13e-10 s                 ; Yes                       ; Yes                       ;
; oDisplay6[3] ; 2.5 V        ; 0 s                 ; 0 s                 ; 2.32 V                       ; 2.27e-05 V                   ; 2.34 V              ; -0.0089 V           ; 0.206 V                              ; 0.058 V                              ; 4.97e-10 s                  ; 5.13e-10 s                  ; Yes                        ; Yes                        ; 2.32 V                      ; 2.27e-05 V                  ; 2.34 V             ; -0.0089 V          ; 0.206 V                             ; 0.058 V                             ; 4.97e-10 s                 ; 5.13e-10 s                 ; Yes                       ; Yes                       ;
; oDisplay6[4] ; 2.5 V        ; 0 s                 ; 0 s                 ; 2.32 V                       ; 2.52e-05 V                   ; 2.38 V              ; -0.0315 V           ; 0.205 V                              ; 0.182 V                              ; 4.74e-10 s                  ; 4.85e-10 s                  ; No                         ; Yes                        ; 2.32 V                      ; 2.52e-05 V                  ; 2.38 V             ; -0.0315 V          ; 0.205 V                             ; 0.182 V                             ; 4.74e-10 s                 ; 4.85e-10 s                 ; No                        ; Yes                       ;
; oDisplay6[5] ; 2.5 V        ; 0 s                 ; 0 s                 ; 2.32 V                       ; 2.52e-05 V                   ; 2.38 V              ; -0.032 V            ; 0.204 V                              ; 0.181 V                              ; 4.74e-10 s                  ; 4.85e-10 s                  ; No                         ; Yes                        ; 2.32 V                      ; 2.52e-05 V                  ; 2.38 V             ; -0.032 V           ; 0.204 V                             ; 0.181 V                             ; 4.74e-10 s                 ; 4.85e-10 s                 ; No                        ; Yes                       ;
; oDisplay6[6] ; 2.5 V        ; 0 s                 ; 0 s                 ; 2.32 V                       ; 2.56e-05 V                   ; 2.38 V              ; -0.026 V            ; 0.249 V                              ; 0.089 V                              ; 4.95e-10 s                  ; 6.01e-10 s                  ; No                         ; Yes                        ; 2.32 V                      ; 2.56e-05 V                  ; 2.38 V             ; -0.026 V           ; 0.249 V                             ; 0.089 V                             ; 4.95e-10 s                 ; 6.01e-10 s                 ; No                        ; Yes                       ;
+--------------+--------------+---------------------+---------------------+------------------------------+------------------------------+---------------------+---------------------+--------------------------------------+--------------------------------------+-----------------------------+-----------------------------+----------------------------+----------------------------+-----------------------------+-----------------------------+--------------------+--------------------+-------------------------------------+-------------------------------------+----------------------------+----------------------------+---------------------------+---------------------------+


+-------------------------------------------------------------------------------------------------------------------------------------------------------------------------------------------------------------------------------------------------------------------------------------------------------------------------------------------------------------------------------------------------------------------------------------------------------------------------------------------------------------------------------------------------------------------------------------------------------------------------------------------------------------------------------------------+
; Signal Integrity Metrics (Fast 1100mv 0c Model)                                                                                                                                                                                                                                                                                                                                                                                                                                                                                                                                                                                                                                           ;
+--------------+--------------+---------------------+---------------------+------------------------------+------------------------------+---------------------+---------------------+--------------------------------------+--------------------------------------+-----------------------------+-----------------------------+----------------------------+----------------------------+-----------------------------+-----------------------------+--------------------+--------------------+-------------------------------------+-------------------------------------+----------------------------+----------------------------+---------------------------+---------------------------+
; Pin          ; I/O Standard ; Board Delay on Rise ; Board Delay on Fall ; Steady State Voh at FPGA Pin ; Steady State Vol at FPGA Pin ; Voh Max at FPGA Pin ; Vol Min at FPGA Pin ; Ringback Voltage on Rise at FPGA Pin ; Ringback Voltage on Fall at FPGA Pin ; 10-90 Rise Time at FPGA Pin ; 90-10 Fall Time at FPGA Pin ; Monotonic Rise at FPGA Pin ; Monotonic Fall at FPGA Pin ; Steady State Voh at Far-end ; Steady State Vol at Far-end ; Voh Max at Far-end ; Vol Min at Far-end ; Ringback Voltage on Rise at Far-end ; Ringback Voltage on Fall at Far-end ; 10-90 Rise Time at Far-end ; 90-10 Fall Time at Far-end ; Monotonic Rise at Far-end ; Monotonic Fall at Far-end ;
+--------------+--------------+---------------------+---------------------+------------------------------+------------------------------+---------------------+---------------------+--------------------------------------+--------------------------------------+-----------------------------+-----------------------------+----------------------------+----------------------------+-----------------------------+-----------------------------+--------------------+--------------------+-------------------------------------+-------------------------------------+----------------------------+----------------------------+---------------------------+---------------------------+
; oDisplay1[0] ; 2.5 V        ; 0 s                 ; 0 s                 ; 2.75 V                       ; 4.14e-06 V                   ; 2.91 V              ; -0.121 V            ; 0.326 V                              ; 0.297 V                              ; 2.74e-10 s                  ; 2.8e-10 s                   ; No                         ; No                         ; 2.75 V                      ; 4.14e-06 V                  ; 2.91 V             ; -0.121 V           ; 0.326 V                             ; 0.297 V                             ; 2.74e-10 s                 ; 2.8e-10 s                  ; No                        ; No                        ;
; oDisplay1[1] ; 2.5 V        ; 0 s                 ; 0 s                 ; 2.75 V                       ; 4.14e-06 V                   ; 2.91 V              ; -0.119 V            ; 0.326 V                              ; 0.298 V                              ; 2.74e-10 s                  ; 2.8e-10 s                   ; No                         ; No                         ; 2.75 V                      ; 4.14e-06 V                  ; 2.91 V             ; -0.119 V           ; 0.326 V                             ; 0.298 V                             ; 2.74e-10 s                 ; 2.8e-10 s                  ; No                        ; No                        ;
; oDisplay1[2] ; 2.5 V        ; 0 s                 ; 0 s                 ; 2.75 V                       ; 4.14e-06 V                   ; 2.91 V              ; -0.119 V            ; 0.326 V                              ; 0.298 V                              ; 2.74e-10 s                  ; 2.8e-10 s                   ; No                         ; No                         ; 2.75 V                      ; 4.14e-06 V                  ; 2.91 V             ; -0.119 V           ; 0.326 V                             ; 0.298 V                             ; 2.74e-10 s                 ; 2.8e-10 s                  ; No                        ; No                        ;
; oDisplay1[3] ; 2.5 V        ; 0 s                 ; 0 s                 ; 2.75 V                       ; 4.14e-06 V                   ; 2.91 V              ; -0.119 V            ; 0.326 V                              ; 0.298 V                              ; 2.74e-10 s                  ; 2.8e-10 s                   ; No                         ; No                         ; 2.75 V                      ; 4.14e-06 V                  ; 2.91 V             ; -0.119 V           ; 0.326 V                             ; 0.298 V                             ; 2.74e-10 s                 ; 2.8e-10 s                  ; No                        ; No                        ;
; oDisplay1[4] ; 2.5 V        ; 0 s                 ; 0 s                 ; 2.75 V                       ; 4.14e-06 V                   ; 2.91 V              ; -0.121 V            ; 0.326 V                              ; 0.297 V                              ; 2.74e-10 s                  ; 2.8e-10 s                   ; No                         ; No                         ; 2.75 V                      ; 4.14e-06 V                  ; 2.91 V             ; -0.121 V           ; 0.326 V                             ; 0.297 V                             ; 2.74e-10 s                 ; 2.8e-10 s                  ; No                        ; No                        ;
; oDisplay1[5] ; 2.5 V        ; 0 s                 ; 0 s                 ; 2.75 V                       ; 4.14e-06 V                   ; 2.91 V              ; -0.121 V            ; 0.326 V                              ; 0.297 V                              ; 2.74e-10 s                  ; 2.8e-10 s                   ; No                         ; No                         ; 2.75 V                      ; 4.14e-06 V                  ; 2.91 V             ; -0.121 V           ; 0.326 V                             ; 0.297 V                             ; 2.74e-10 s                 ; 2.8e-10 s                  ; No                        ; No                        ;
; oDisplay1[6] ; 2.5 V        ; 0 s                 ; 0 s                 ; 2.75 V                       ; 4.14e-06 V                   ; 2.91 V              ; -0.119 V            ; 0.326 V                              ; 0.298 V                              ; 2.74e-10 s                  ; 2.8e-10 s                   ; No                         ; No                         ; 2.75 V                      ; 4.14e-06 V                  ; 2.91 V             ; -0.119 V           ; 0.326 V                             ; 0.298 V                             ; 2.74e-10 s                 ; 2.8e-10 s                  ; No                        ; No                        ;
; oDisplay2[0] ; 2.5 V        ; 0 s                 ; 0 s                 ; 2.75 V                       ; 4.14e-06 V                   ; 2.91 V              ; -0.119 V            ; 0.326 V                              ; 0.298 V                              ; 2.74e-10 s                  ; 2.8e-10 s                   ; No                         ; No                         ; 2.75 V                      ; 4.14e-06 V                  ; 2.91 V             ; -0.119 V           ; 0.326 V                             ; 0.298 V                             ; 2.74e-10 s                 ; 2.8e-10 s                  ; No                        ; No                        ;
; oDisplay2[1] ; 2.5 V        ; 0 s                 ; 0 s                 ; 2.75 V                       ; 4.14e-06 V                   ; 2.91 V              ; -0.121 V            ; 0.326 V                              ; 0.297 V                              ; 2.74e-10 s                  ; 2.8e-10 s                   ; No                         ; No                         ; 2.75 V                      ; 4.14e-06 V                  ; 2.91 V             ; -0.121 V           ; 0.326 V                             ; 0.297 V                             ; 2.74e-10 s                 ; 2.8e-10 s                  ; No                        ; No                        ;
; oDisplay2[2] ; 2.5 V        ; 0 s                 ; 0 s                 ; 2.75 V                       ; 4.14e-06 V                   ; 2.91 V              ; -0.121 V            ; 0.326 V                              ; 0.297 V                              ; 2.74e-10 s                  ; 2.8e-10 s                   ; No                         ; No                         ; 2.75 V                      ; 4.14e-06 V                  ; 2.91 V             ; -0.121 V           ; 0.326 V                             ; 0.297 V                             ; 2.74e-10 s                 ; 2.8e-10 s                  ; No                        ; No                        ;
; oDisplay2[3] ; 2.5 V        ; 0 s                 ; 0 s                 ; 2.75 V                       ; 4.14e-06 V                   ; 2.91 V              ; -0.119 V            ; 0.326 V                              ; 0.298 V                              ; 2.74e-10 s                  ; 2.8e-10 s                   ; No                         ; No                         ; 2.75 V                      ; 4.14e-06 V                  ; 2.91 V             ; -0.119 V           ; 0.326 V                             ; 0.298 V                             ; 2.74e-10 s                 ; 2.8e-10 s                  ; No                        ; No                        ;
; oDisplay2[4] ; 2.5 V        ; 0 s                 ; 0 s                 ; 2.75 V                       ; 4.14e-06 V                   ; 2.91 V              ; -0.119 V            ; 0.326 V                              ; 0.298 V                              ; 2.74e-10 s                  ; 2.8e-10 s                   ; No                         ; No                         ; 2.75 V                      ; 4.14e-06 V                  ; 2.91 V             ; -0.119 V           ; 0.326 V                             ; 0.298 V                             ; 2.74e-10 s                 ; 2.8e-10 s                  ; No                        ; No                        ;
; oDisplay2[5] ; 2.5 V        ; 0 s                 ; 0 s                 ; 2.75 V                       ; 4.14e-06 V                   ; 2.91 V              ; -0.121 V            ; 0.326 V                              ; 0.297 V                              ; 2.74e-10 s                  ; 2.8e-10 s                   ; No                         ; No                         ; 2.75 V                      ; 4.14e-06 V                  ; 2.91 V             ; -0.121 V           ; 0.326 V                             ; 0.297 V                             ; 2.74e-10 s                 ; 2.8e-10 s                  ; No                        ; No                        ;
; oDisplay2[6] ; 2.5 V        ; 0 s                 ; 0 s                 ; 2.75 V                       ; 4.14e-06 V                   ; 2.91 V              ; -0.121 V            ; 0.326 V                              ; 0.297 V                              ; 2.74e-10 s                  ; 2.8e-10 s                   ; No                         ; No                         ; 2.75 V                      ; 4.14e-06 V                  ; 2.91 V             ; -0.121 V           ; 0.326 V                             ; 0.297 V                             ; 2.74e-10 s                 ; 2.8e-10 s                  ; No                        ; No                        ;
; oDisplay3[0] ; 2.5 V        ; 0 s                 ; 0 s                 ; 2.75 V                       ; 4.25e-06 V                   ; 2.9 V               ; -0.107 V            ; 0.378 V                              ; 0.16 V                               ; 2.87e-10 s                  ; 4.28e-10 s                  ; No                         ; No                         ; 2.75 V                      ; 4.25e-06 V                  ; 2.9 V              ; -0.107 V           ; 0.378 V                             ; 0.16 V                              ; 2.87e-10 s                 ; 4.28e-10 s                 ; No                        ; No                        ;
; oDisplay3[1] ; 2.5 V        ; 0 s                 ; 0 s                 ; 2.75 V                       ; 4.14e-06 V                   ; 2.91 V              ; -0.121 V            ; 0.326 V                              ; 0.297 V                              ; 2.74e-10 s                  ; 2.8e-10 s                   ; No                         ; No                         ; 2.75 V                      ; 4.14e-06 V                  ; 2.91 V             ; -0.121 V           ; 0.326 V                             ; 0.297 V                             ; 2.74e-10 s                 ; 2.8e-10 s                  ; No                        ; No                        ;
; oDisplay3[2] ; 2.5 V        ; 0 s                 ; 0 s                 ; 2.75 V                       ; 4.14e-06 V                   ; 2.91 V              ; -0.121 V            ; 0.326 V                              ; 0.297 V                              ; 2.74e-10 s                  ; 2.8e-10 s                   ; No                         ; No                         ; 2.75 V                      ; 4.14e-06 V                  ; 2.91 V             ; -0.121 V           ; 0.326 V                             ; 0.297 V                             ; 2.74e-10 s                 ; 2.8e-10 s                  ; No                        ; No                        ;
; oDisplay3[3] ; 2.5 V        ; 0 s                 ; 0 s                 ; 2.75 V                       ; 3.54e-06 V                   ; 2.81 V              ; -0.0578 V           ; 0.303 V                              ; 0.28 V                               ; 2.93e-10 s                  ; 3.01e-10 s                  ; No                         ; No                         ; 2.75 V                      ; 3.54e-06 V                  ; 2.81 V             ; -0.0578 V          ; 0.303 V                             ; 0.28 V                              ; 2.93e-10 s                 ; 3.01e-10 s                 ; No                        ; No                        ;
; oDisplay3[4] ; 2.5 V        ; 0 s                 ; 0 s                 ; 2.75 V                       ; 3.54e-06 V                   ; 2.81 V              ; -0.0578 V           ; 0.303 V                              ; 0.28 V                               ; 2.93e-10 s                  ; 3.01e-10 s                  ; No                         ; No                         ; 2.75 V                      ; 3.54e-06 V                  ; 2.81 V             ; -0.0578 V          ; 0.303 V                             ; 0.28 V                              ; 2.93e-10 s                 ; 3.01e-10 s                 ; No                        ; No                        ;
; oDisplay3[5] ; 2.5 V        ; 0 s                 ; 0 s                 ; 2.75 V                       ; 4.14e-06 V                   ; 2.91 V              ; -0.121 V            ; 0.326 V                              ; 0.297 V                              ; 2.74e-10 s                  ; 2.8e-10 s                   ; No                         ; No                         ; 2.75 V                      ; 4.14e-06 V                  ; 2.91 V             ; -0.121 V           ; 0.326 V                             ; 0.297 V                             ; 2.74e-10 s                 ; 2.8e-10 s                  ; No                        ; No                        ;
; oDisplay3[6] ; 2.5 V        ; 0 s                 ; 0 s                 ; 2.75 V                       ; 4.14e-06 V                   ; 2.91 V              ; -0.119 V            ; 0.326 V                              ; 0.298 V                              ; 2.74e-10 s                  ; 2.8e-10 s                   ; No                         ; No                         ; 2.75 V                      ; 4.14e-06 V                  ; 2.91 V             ; -0.119 V           ; 0.326 V                             ; 0.298 V                             ; 2.74e-10 s                 ; 2.8e-10 s                  ; No                        ; No                        ;
; oDisplay4[0] ; 2.5 V        ; 0 s                 ; 0 s                 ; 2.75 V                       ; 3.54e-06 V                   ; 2.81 V              ; -0.0578 V           ; 0.303 V                              ; 0.28 V                               ; 2.93e-10 s                  ; 3.01e-10 s                  ; No                         ; No                         ; 2.75 V                      ; 3.54e-06 V                  ; 2.81 V             ; -0.0578 V          ; 0.303 V                             ; 0.28 V                              ; 2.93e-10 s                 ; 3.01e-10 s                 ; No                        ; No                        ;
; oDisplay4[1] ; 2.5 V        ; 0 s                 ; 0 s                 ; 2.75 V                       ; 4.25e-06 V                   ; 2.9 V               ; -0.107 V            ; 0.378 V                              ; 0.16 V                               ; 2.87e-10 s                  ; 4.28e-10 s                  ; No                         ; No                         ; 2.75 V                      ; 4.25e-06 V                  ; 2.9 V              ; -0.107 V           ; 0.378 V                             ; 0.16 V                              ; 2.87e-10 s                 ; 4.28e-10 s                 ; No                        ; No                        ;
; oDisplay4[2] ; 2.5 V        ; 0 s                 ; 0 s                 ; 2.75 V                       ; 4.25e-06 V                   ; 2.9 V               ; -0.107 V            ; 0.378 V                              ; 0.16 V                               ; 2.87e-10 s                  ; 4.28e-10 s                  ; No                         ; No                         ; 2.75 V                      ; 4.25e-06 V                  ; 2.9 V              ; -0.107 V           ; 0.378 V                             ; 0.16 V                              ; 2.87e-10 s                 ; 4.28e-10 s                 ; No                        ; No                        ;
; oDisplay4[3] ; 2.5 V        ; 0 s                 ; 0 s                 ; 2.75 V                       ; 3.54e-06 V                   ; 2.81 V              ; -0.0578 V           ; 0.303 V                              ; 0.28 V                               ; 2.93e-10 s                  ; 3.01e-10 s                  ; No                         ; No                         ; 2.75 V                      ; 3.54e-06 V                  ; 2.81 V             ; -0.0578 V          ; 0.303 V                             ; 0.28 V                              ; 2.93e-10 s                 ; 3.01e-10 s                 ; No                        ; No                        ;
; oDisplay4[4] ; 2.5 V        ; 0 s                 ; 0 s                 ; 2.75 V                       ; 4.25e-06 V                   ; 2.9 V               ; -0.107 V            ; 0.378 V                              ; 0.16 V                               ; 2.87e-10 s                  ; 4.28e-10 s                  ; No                         ; No                         ; 2.75 V                      ; 4.25e-06 V                  ; 2.9 V              ; -0.107 V           ; 0.378 V                             ; 0.16 V                              ; 2.87e-10 s                 ; 4.28e-10 s                 ; No                        ; No                        ;
; oDisplay4[5] ; 2.5 V        ; 0 s                 ; 0 s                 ; 2.75 V                       ; 4.25e-06 V                   ; 2.9 V               ; -0.107 V            ; 0.378 V                              ; 0.16 V                               ; 2.87e-10 s                  ; 4.28e-10 s                  ; No                         ; No                         ; 2.75 V                      ; 4.25e-06 V                  ; 2.9 V              ; -0.107 V           ; 0.378 V                             ; 0.16 V                              ; 2.87e-10 s                 ; 4.28e-10 s                 ; No                        ; No                        ;
; oDisplay4[6] ; 2.5 V        ; 0 s                 ; 0 s                 ; 2.75 V                       ; 3.54e-06 V                   ; 2.81 V              ; -0.0578 V           ; 0.303 V                              ; 0.28 V                               ; 2.93e-10 s                  ; 3.01e-10 s                  ; No                         ; No                         ; 2.75 V                      ; 3.54e-06 V                  ; 2.81 V             ; -0.0578 V          ; 0.303 V                             ; 0.28 V                              ; 2.93e-10 s                 ; 3.01e-10 s                 ; No                        ; No                        ;
; oDisplay5[0] ; 2.5 V        ; 0 s                 ; 0 s                 ; 2.75 V                       ; 4.14e-06 V                   ; 2.91 V              ; -0.119 V            ; 0.326 V                              ; 0.298 V                              ; 2.74e-10 s                  ; 2.8e-10 s                   ; No                         ; No                         ; 2.75 V                      ; 4.14e-06 V                  ; 2.91 V             ; -0.119 V           ; 0.326 V                             ; 0.298 V                             ; 2.74e-10 s                 ; 2.8e-10 s                  ; No                        ; No                        ;
; oDisplay5[1] ; 2.5 V        ; 0 s                 ; 0 s                 ; 2.75 V                       ; 3.54e-06 V                   ; 2.81 V              ; -0.0578 V           ; 0.303 V                              ; 0.28 V                               ; 2.93e-10 s                  ; 3.01e-10 s                  ; No                         ; No                         ; 2.75 V                      ; 3.54e-06 V                  ; 2.81 V             ; -0.0578 V          ; 0.303 V                             ; 0.28 V                              ; 2.93e-10 s                 ; 3.01e-10 s                 ; No                        ; No                        ;
; oDisplay5[2] ; 2.5 V        ; 0 s                 ; 0 s                 ; 2.75 V                       ; 3.54e-06 V                   ; 2.81 V              ; -0.0578 V           ; 0.303 V                              ; 0.28 V                               ; 2.93e-10 s                  ; 3.01e-10 s                  ; No                         ; No                         ; 2.75 V                      ; 3.54e-06 V                  ; 2.81 V             ; -0.0578 V          ; 0.303 V                             ; 0.28 V                              ; 2.93e-10 s                 ; 3.01e-10 s                 ; No                        ; No                        ;
; oDisplay5[3] ; 2.5 V        ; 0 s                 ; 0 s                 ; 2.75 V                       ; 3.54e-06 V                   ; 2.81 V              ; -0.0578 V           ; 0.303 V                              ; 0.28 V                               ; 2.93e-10 s                  ; 3.01e-10 s                  ; No                         ; No                         ; 2.75 V                      ; 3.54e-06 V                  ; 2.81 V             ; -0.0578 V          ; 0.303 V                             ; 0.28 V                              ; 2.93e-10 s                 ; 3.01e-10 s                 ; No                        ; No                        ;
; oDisplay5[4] ; 2.5 V        ; 0 s                 ; 0 s                 ; 2.75 V                       ; 4.25e-06 V                   ; 2.9 V               ; -0.107 V            ; 0.378 V                              ; 0.16 V                               ; 2.87e-10 s                  ; 4.28e-10 s                  ; No                         ; No                         ; 2.75 V                      ; 4.25e-06 V                  ; 2.9 V              ; -0.107 V           ; 0.378 V                             ; 0.16 V                              ; 2.87e-10 s                 ; 4.28e-10 s                 ; No                        ; No                        ;
; oDisplay5[5] ; 2.5 V        ; 0 s                 ; 0 s                 ; 2.75 V                       ; 4.25e-06 V                   ; 2.9 V               ; -0.107 V            ; 0.378 V                              ; 0.16 V                               ; 2.87e-10 s                  ; 4.28e-10 s                  ; No                         ; No                         ; 2.75 V                      ; 4.25e-06 V                  ; 2.9 V              ; -0.107 V           ; 0.378 V                             ; 0.16 V                              ; 2.87e-10 s                 ; 4.28e-10 s                 ; No                        ; No                        ;
; oDisplay5[6] ; 2.5 V        ; 0 s                 ; 0 s                 ; 2.75 V                       ; 3.54e-06 V                   ; 2.81 V              ; -0.0578 V           ; 0.303 V                              ; 0.28 V                               ; 2.93e-10 s                  ; 3.01e-10 s                  ; No                         ; No                         ; 2.75 V                      ; 3.54e-06 V                  ; 2.81 V             ; -0.0578 V          ; 0.303 V                             ; 0.28 V                              ; 2.93e-10 s                 ; 3.01e-10 s                 ; No                        ; No                        ;
; oDisplay6[0] ; 2.5 V        ; 0 s                 ; 0 s                 ; 2.75 V                       ; 4.25e-06 V                   ; 2.9 V               ; -0.107 V            ; 0.378 V                              ; 0.16 V                               ; 2.87e-10 s                  ; 4.28e-10 s                  ; No                         ; No                         ; 2.75 V                      ; 4.25e-06 V                  ; 2.9 V              ; -0.107 V           ; 0.378 V                             ; 0.16 V                              ; 2.87e-10 s                 ; 4.28e-10 s                 ; No                        ; No                        ;
; oDisplay6[1] ; 2.5 V        ; 0 s                 ; 0 s                 ; 2.75 V                       ; 3.54e-06 V                   ; 2.81 V              ; -0.0578 V           ; 0.303 V                              ; 0.28 V                               ; 2.93e-10 s                  ; 3.01e-10 s                  ; No                         ; No                         ; 2.75 V                      ; 3.54e-06 V                  ; 2.81 V             ; -0.0578 V          ; 0.303 V                             ; 0.28 V                              ; 2.93e-10 s                 ; 3.01e-10 s                 ; No                        ; No                        ;
; oDisplay6[2] ; 2.5 V        ; 0 s                 ; 0 s                 ; 2.75 V                       ; 3.54e-06 V                   ; 2.81 V              ; -0.0578 V           ; 0.303 V                              ; 0.28 V                               ; 2.93e-10 s                  ; 3.01e-10 s                  ; No                         ; No                         ; 2.75 V                      ; 3.54e-06 V                  ; 2.81 V             ; -0.0578 V          ; 0.303 V                             ; 0.28 V                              ; 2.93e-10 s                 ; 3.01e-10 s                 ; No                        ; No                        ;
; oDisplay6[3] ; 2.5 V        ; 0 s                 ; 0 s                 ; 2.75 V                       ; 3.54e-06 V                   ; 2.81 V              ; -0.0578 V           ; 0.303 V                              ; 0.28 V                               ; 2.93e-10 s                  ; 3.01e-10 s                  ; No                         ; No                         ; 2.75 V                      ; 3.54e-06 V                  ; 2.81 V             ; -0.0578 V          ; 0.303 V                             ; 0.28 V                              ; 2.93e-10 s                 ; 3.01e-10 s                 ; No                        ; No                        ;
; oDisplay6[4] ; 2.5 V        ; 0 s                 ; 0 s                 ; 2.75 V                       ; 4.14e-06 V                   ; 2.91 V              ; -0.121 V            ; 0.326 V                              ; 0.297 V                              ; 2.74e-10 s                  ; 2.8e-10 s                   ; No                         ; No                         ; 2.75 V                      ; 4.14e-06 V                  ; 2.91 V             ; -0.121 V           ; 0.326 V                             ; 0.297 V                             ; 2.74e-10 s                 ; 2.8e-10 s                  ; No                        ; No                        ;
; oDisplay6[5] ; 2.5 V        ; 0 s                 ; 0 s                 ; 2.75 V                       ; 4.14e-06 V                   ; 2.91 V              ; -0.119 V            ; 0.326 V                              ; 0.298 V                              ; 2.74e-10 s                  ; 2.8e-10 s                   ; No                         ; No                         ; 2.75 V                      ; 4.14e-06 V                  ; 2.91 V             ; -0.119 V           ; 0.326 V                             ; 0.298 V                             ; 2.74e-10 s                 ; 2.8e-10 s                  ; No                        ; No                        ;
; oDisplay6[6] ; 2.5 V        ; 0 s                 ; 0 s                 ; 2.75 V                       ; 4.25e-06 V                   ; 2.9 V               ; -0.107 V            ; 0.378 V                              ; 0.16 V                               ; 2.87e-10 s                  ; 4.28e-10 s                  ; No                         ; No                         ; 2.75 V                      ; 4.25e-06 V                  ; 2.9 V              ; -0.107 V           ; 0.378 V                             ; 0.16 V                              ; 2.87e-10 s                 ; 4.28e-10 s                 ; No                        ; No                        ;
+--------------+--------------+---------------------+---------------------+------------------------------+------------------------------+---------------------+---------------------+--------------------------------------+--------------------------------------+-----------------------------+-----------------------------+----------------------------+----------------------------+-----------------------------+-----------------------------+--------------------+--------------------+-------------------------------------+-------------------------------------+----------------------------+----------------------------+---------------------------+---------------------------+


+-------------------------------------------------------------------------------------------------------------------------------------------------------------------------------------------------------------------------------------------------------------------------------------------------------------------------------------------------------------------------------------------------------------------------------------------------------------------------------------------------------------------------------------------------------------------------------------------------------------------------------------------------------------------------------------------+
; Signal Integrity Metrics (Fast 1100mv 85c Model)                                                                                                                                                                                                                                                                                                                                                                                                                                                                                                                                                                                                                                          ;
+--------------+--------------+---------------------+---------------------+------------------------------+------------------------------+---------------------+---------------------+--------------------------------------+--------------------------------------+-----------------------------+-----------------------------+----------------------------+----------------------------+-----------------------------+-----------------------------+--------------------+--------------------+-------------------------------------+-------------------------------------+----------------------------+----------------------------+---------------------------+---------------------------+
; Pin          ; I/O Standard ; Board Delay on Rise ; Board Delay on Fall ; Steady State Voh at FPGA Pin ; Steady State Vol at FPGA Pin ; Voh Max at FPGA Pin ; Vol Min at FPGA Pin ; Ringback Voltage on Rise at FPGA Pin ; Ringback Voltage on Fall at FPGA Pin ; 10-90 Rise Time at FPGA Pin ; 90-10 Fall Time at FPGA Pin ; Monotonic Rise at FPGA Pin ; Monotonic Fall at FPGA Pin ; Steady State Voh at Far-end ; Steady State Vol at Far-end ; Voh Max at Far-end ; Vol Min at Far-end ; Ringback Voltage on Rise at Far-end ; Ringback Voltage on Fall at Far-end ; 10-90 Rise Time at Far-end ; 90-10 Fall Time at Far-end ; Monotonic Rise at Far-end ; Monotonic Fall at Far-end ;
+--------------+--------------+---------------------+---------------------+------------------------------+------------------------------+---------------------+---------------------+--------------------------------------+--------------------------------------+-----------------------------+-----------------------------+----------------------------+----------------------------+-----------------------------+-----------------------------+--------------------+--------------------+-------------------------------------+-------------------------------------+----------------------------+----------------------------+---------------------------+---------------------------+
; oDisplay1[0] ; 2.5 V        ; 0 s                 ; 0 s                 ; 2.75 V                       ; 0.000242 V                   ; 2.86 V              ; -0.0814 V           ; 0.36 V                               ; 0.156 V                              ; 3e-10 s                     ; 4.34e-10 s                  ; No                         ; No                         ; 2.75 V                      ; 0.000242 V                  ; 2.86 V             ; -0.0814 V          ; 0.36 V                              ; 0.156 V                             ; 3e-10 s                    ; 4.34e-10 s                 ; No                        ; No                        ;
; oDisplay1[1] ; 2.5 V        ; 0 s                 ; 0 s                 ; 2.75 V                       ; 0.000242 V                   ; 2.86 V              ; -0.0805 V           ; 0.358 V                              ; 0.156 V                              ; 3.01e-10 s                  ; 4.34e-10 s                  ; No                         ; No                         ; 2.75 V                      ; 0.000242 V                  ; 2.86 V             ; -0.0805 V          ; 0.358 V                             ; 0.156 V                             ; 3.01e-10 s                 ; 4.34e-10 s                 ; No                        ; No                        ;
; oDisplay1[2] ; 2.5 V        ; 0 s                 ; 0 s                 ; 2.75 V                       ; 0.000242 V                   ; 2.86 V              ; -0.0805 V           ; 0.358 V                              ; 0.156 V                              ; 3.01e-10 s                  ; 4.34e-10 s                  ; No                         ; No                         ; 2.75 V                      ; 0.000242 V                  ; 2.86 V             ; -0.0805 V          ; 0.358 V                             ; 0.156 V                             ; 3.01e-10 s                 ; 4.34e-10 s                 ; No                        ; No                        ;
; oDisplay1[3] ; 2.5 V        ; 0 s                 ; 0 s                 ; 2.75 V                       ; 0.000242 V                   ; 2.86 V              ; -0.0805 V           ; 0.358 V                              ; 0.156 V                              ; 3.01e-10 s                  ; 4.34e-10 s                  ; No                         ; No                         ; 2.75 V                      ; 0.000242 V                  ; 2.86 V             ; -0.0805 V          ; 0.358 V                             ; 0.156 V                             ; 3.01e-10 s                 ; 4.34e-10 s                 ; No                        ; No                        ;
; oDisplay1[4] ; 2.5 V        ; 0 s                 ; 0 s                 ; 2.75 V                       ; 0.000242 V                   ; 2.86 V              ; -0.0814 V           ; 0.36 V                               ; 0.156 V                              ; 3e-10 s                     ; 4.34e-10 s                  ; No                         ; No                         ; 2.75 V                      ; 0.000242 V                  ; 2.86 V             ; -0.0814 V          ; 0.36 V                              ; 0.156 V                             ; 3e-10 s                    ; 4.34e-10 s                 ; No                        ; No                        ;
; oDisplay1[5] ; 2.5 V        ; 0 s                 ; 0 s                 ; 2.75 V                       ; 0.000242 V                   ; 2.86 V              ; -0.0814 V           ; 0.36 V                               ; 0.156 V                              ; 3e-10 s                     ; 4.34e-10 s                  ; No                         ; No                         ; 2.75 V                      ; 0.000242 V                  ; 2.86 V             ; -0.0814 V          ; 0.36 V                              ; 0.156 V                             ; 3e-10 s                    ; 4.34e-10 s                 ; No                        ; No                        ;
; oDisplay1[6] ; 2.5 V        ; 0 s                 ; 0 s                 ; 2.75 V                       ; 0.000242 V                   ; 2.86 V              ; -0.0805 V           ; 0.358 V                              ; 0.156 V                              ; 3.01e-10 s                  ; 4.34e-10 s                  ; No                         ; No                         ; 2.75 V                      ; 0.000242 V                  ; 2.86 V             ; -0.0805 V          ; 0.358 V                             ; 0.156 V                             ; 3.01e-10 s                 ; 4.34e-10 s                 ; No                        ; No                        ;
; oDisplay2[0] ; 2.5 V        ; 0 s                 ; 0 s                 ; 2.75 V                       ; 0.000242 V                   ; 2.86 V              ; -0.0805 V           ; 0.358 V                              ; 0.156 V                              ; 3.01e-10 s                  ; 4.34e-10 s                  ; No                         ; No                         ; 2.75 V                      ; 0.000242 V                  ; 2.86 V             ; -0.0805 V          ; 0.358 V                             ; 0.156 V                             ; 3.01e-10 s                 ; 4.34e-10 s                 ; No                        ; No                        ;
; oDisplay2[1] ; 2.5 V        ; 0 s                 ; 0 s                 ; 2.75 V                       ; 0.000242 V                   ; 2.86 V              ; -0.0814 V           ; 0.36 V                               ; 0.156 V                              ; 3e-10 s                     ; 4.34e-10 s                  ; No                         ; No                         ; 2.75 V                      ; 0.000242 V                  ; 2.86 V             ; -0.0814 V          ; 0.36 V                              ; 0.156 V                             ; 3e-10 s                    ; 4.34e-10 s                 ; No                        ; No                        ;
; oDisplay2[2] ; 2.5 V        ; 0 s                 ; 0 s                 ; 2.75 V                       ; 0.000242 V                   ; 2.86 V              ; -0.0814 V           ; 0.36 V                               ; 0.156 V                              ; 3e-10 s                     ; 4.34e-10 s                  ; No                         ; No                         ; 2.75 V                      ; 0.000242 V                  ; 2.86 V             ; -0.0814 V          ; 0.36 V                              ; 0.156 V                             ; 3e-10 s                    ; 4.34e-10 s                 ; No                        ; No                        ;
; oDisplay2[3] ; 2.5 V        ; 0 s                 ; 0 s                 ; 2.75 V                       ; 0.000242 V                   ; 2.86 V              ; -0.0805 V           ; 0.358 V                              ; 0.156 V                              ; 3.01e-10 s                  ; 4.34e-10 s                  ; No                         ; No                         ; 2.75 V                      ; 0.000242 V                  ; 2.86 V             ; -0.0805 V          ; 0.358 V                             ; 0.156 V                             ; 3.01e-10 s                 ; 4.34e-10 s                 ; No                        ; No                        ;
; oDisplay2[4] ; 2.5 V        ; 0 s                 ; 0 s                 ; 2.75 V                       ; 0.000242 V                   ; 2.86 V              ; -0.0805 V           ; 0.358 V                              ; 0.156 V                              ; 3.01e-10 s                  ; 4.34e-10 s                  ; No                         ; No                         ; 2.75 V                      ; 0.000242 V                  ; 2.86 V             ; -0.0805 V          ; 0.358 V                             ; 0.156 V                             ; 3.01e-10 s                 ; 4.34e-10 s                 ; No                        ; No                        ;
; oDisplay2[5] ; 2.5 V        ; 0 s                 ; 0 s                 ; 2.75 V                       ; 0.000242 V                   ; 2.86 V              ; -0.0814 V           ; 0.36 V                               ; 0.156 V                              ; 3e-10 s                     ; 4.34e-10 s                  ; No                         ; No                         ; 2.75 V                      ; 0.000242 V                  ; 2.86 V             ; -0.0814 V          ; 0.36 V                              ; 0.156 V                             ; 3e-10 s                    ; 4.34e-10 s                 ; No                        ; No                        ;
; oDisplay2[6] ; 2.5 V        ; 0 s                 ; 0 s                 ; 2.75 V                       ; 0.000242 V                   ; 2.86 V              ; -0.0814 V           ; 0.36 V                               ; 0.156 V                              ; 3e-10 s                     ; 4.34e-10 s                  ; No                         ; No                         ; 2.75 V                      ; 0.000242 V                  ; 2.86 V             ; -0.0814 V          ; 0.36 V                              ; 0.156 V                             ; 3e-10 s                    ; 4.34e-10 s                 ; No                        ; No                        ;
; oDisplay3[0] ; 2.5 V        ; 0 s                 ; 0 s                 ; 2.75 V                       ; 0.000247 V                   ; 2.85 V              ; -0.0711 V           ; 0.204 V                              ; 0.181 V                              ; 4.55e-10 s                  ; 4.49e-10 s                  ; No                         ; No                         ; 2.75 V                      ; 0.000247 V                  ; 2.85 V             ; -0.0711 V          ; 0.204 V                             ; 0.181 V                             ; 4.55e-10 s                 ; 4.49e-10 s                 ; No                        ; No                        ;
; oDisplay3[1] ; 2.5 V        ; 0 s                 ; 0 s                 ; 2.75 V                       ; 0.000242 V                   ; 2.86 V              ; -0.0814 V           ; 0.36 V                               ; 0.156 V                              ; 3e-10 s                     ; 4.34e-10 s                  ; No                         ; No                         ; 2.75 V                      ; 0.000242 V                  ; 2.86 V             ; -0.0814 V          ; 0.36 V                              ; 0.156 V                             ; 3e-10 s                    ; 4.34e-10 s                 ; No                        ; No                        ;
; oDisplay3[2] ; 2.5 V        ; 0 s                 ; 0 s                 ; 2.75 V                       ; 0.000242 V                   ; 2.86 V              ; -0.0814 V           ; 0.36 V                               ; 0.156 V                              ; 3e-10 s                     ; 4.34e-10 s                  ; No                         ; No                         ; 2.75 V                      ; 0.000242 V                  ; 2.86 V             ; -0.0814 V          ; 0.36 V                              ; 0.156 V                             ; 3e-10 s                    ; 4.34e-10 s                 ; No                        ; No                        ;
; oDisplay3[3] ; 2.5 V        ; 0 s                 ; 0 s                 ; 2.75 V                       ; 0.000213 V                   ; 2.79 V              ; -0.0324 V           ; 0.139 V                              ; 0.119 V                              ; 4.42e-10 s                  ; 4.33e-10 s                  ; No                         ; Yes                        ; 2.75 V                      ; 0.000213 V                  ; 2.79 V             ; -0.0324 V          ; 0.139 V                             ; 0.119 V                             ; 4.42e-10 s                 ; 4.33e-10 s                 ; No                        ; Yes                       ;
; oDisplay3[4] ; 2.5 V        ; 0 s                 ; 0 s                 ; 2.75 V                       ; 0.000213 V                   ; 2.79 V              ; -0.0324 V           ; 0.139 V                              ; 0.119 V                              ; 4.42e-10 s                  ; 4.33e-10 s                  ; No                         ; Yes                        ; 2.75 V                      ; 0.000213 V                  ; 2.79 V             ; -0.0324 V          ; 0.139 V                             ; 0.119 V                             ; 4.42e-10 s                 ; 4.33e-10 s                 ; No                        ; Yes                       ;
; oDisplay3[5] ; 2.5 V        ; 0 s                 ; 0 s                 ; 2.75 V                       ; 0.000242 V                   ; 2.86 V              ; -0.0814 V           ; 0.36 V                               ; 0.156 V                              ; 3e-10 s                     ; 4.34e-10 s                  ; No                         ; No                         ; 2.75 V                      ; 0.000242 V                  ; 2.86 V             ; -0.0814 V          ; 0.36 V                              ; 0.156 V                             ; 3e-10 s                    ; 4.34e-10 s                 ; No                        ; No                        ;
; oDisplay3[6] ; 2.5 V        ; 0 s                 ; 0 s                 ; 2.75 V                       ; 0.000242 V                   ; 2.86 V              ; -0.0805 V           ; 0.358 V                              ; 0.156 V                              ; 3.01e-10 s                  ; 4.34e-10 s                  ; No                         ; No                         ; 2.75 V                      ; 0.000242 V                  ; 2.86 V             ; -0.0805 V          ; 0.358 V                             ; 0.156 V                             ; 3.01e-10 s                 ; 4.34e-10 s                 ; No                        ; No                        ;
; oDisplay4[0] ; 2.5 V        ; 0 s                 ; 0 s                 ; 2.75 V                       ; 0.000213 V                   ; 2.79 V              ; -0.0324 V           ; 0.139 V                              ; 0.119 V                              ; 4.42e-10 s                  ; 4.33e-10 s                  ; No                         ; Yes                        ; 2.75 V                      ; 0.000213 V                  ; 2.79 V             ; -0.0324 V          ; 0.139 V                             ; 0.119 V                             ; 4.42e-10 s                 ; 4.33e-10 s                 ; No                        ; Yes                       ;
; oDisplay4[1] ; 2.5 V        ; 0 s                 ; 0 s                 ; 2.75 V                       ; 0.000247 V                   ; 2.85 V              ; -0.0711 V           ; 0.204 V                              ; 0.181 V                              ; 4.55e-10 s                  ; 4.49e-10 s                  ; No                         ; No                         ; 2.75 V                      ; 0.000247 V                  ; 2.85 V             ; -0.0711 V          ; 0.204 V                             ; 0.181 V                             ; 4.55e-10 s                 ; 4.49e-10 s                 ; No                        ; No                        ;
; oDisplay4[2] ; 2.5 V        ; 0 s                 ; 0 s                 ; 2.75 V                       ; 0.000247 V                   ; 2.85 V              ; -0.0711 V           ; 0.204 V                              ; 0.181 V                              ; 4.55e-10 s                  ; 4.49e-10 s                  ; No                         ; No                         ; 2.75 V                      ; 0.000247 V                  ; 2.85 V             ; -0.0711 V          ; 0.204 V                             ; 0.181 V                             ; 4.55e-10 s                 ; 4.49e-10 s                 ; No                        ; No                        ;
; oDisplay4[3] ; 2.5 V        ; 0 s                 ; 0 s                 ; 2.75 V                       ; 0.000213 V                   ; 2.79 V              ; -0.0324 V           ; 0.139 V                              ; 0.119 V                              ; 4.42e-10 s                  ; 4.33e-10 s                  ; No                         ; Yes                        ; 2.75 V                      ; 0.000213 V                  ; 2.79 V             ; -0.0324 V          ; 0.139 V                             ; 0.119 V                             ; 4.42e-10 s                 ; 4.33e-10 s                 ; No                        ; Yes                       ;
; oDisplay4[4] ; 2.5 V        ; 0 s                 ; 0 s                 ; 2.75 V                       ; 0.000247 V                   ; 2.85 V              ; -0.0711 V           ; 0.204 V                              ; 0.181 V                              ; 4.55e-10 s                  ; 4.49e-10 s                  ; No                         ; No                         ; 2.75 V                      ; 0.000247 V                  ; 2.85 V             ; -0.0711 V          ; 0.204 V                             ; 0.181 V                             ; 4.55e-10 s                 ; 4.49e-10 s                 ; No                        ; No                        ;
; oDisplay4[5] ; 2.5 V        ; 0 s                 ; 0 s                 ; 2.75 V                       ; 0.000247 V                   ; 2.85 V              ; -0.0711 V           ; 0.204 V                              ; 0.181 V                              ; 4.55e-10 s                  ; 4.49e-10 s                  ; No                         ; No                         ; 2.75 V                      ; 0.000247 V                  ; 2.85 V             ; -0.0711 V          ; 0.204 V                             ; 0.181 V                             ; 4.55e-10 s                 ; 4.49e-10 s                 ; No                        ; No                        ;
; oDisplay4[6] ; 2.5 V        ; 0 s                 ; 0 s                 ; 2.75 V                       ; 0.000213 V                   ; 2.79 V              ; -0.0324 V           ; 0.139 V                              ; 0.119 V                              ; 4.42e-10 s                  ; 4.33e-10 s                  ; No                         ; Yes                        ; 2.75 V                      ; 0.000213 V                  ; 2.79 V             ; -0.0324 V          ; 0.139 V                             ; 0.119 V                             ; 4.42e-10 s                 ; 4.33e-10 s                 ; No                        ; Yes                       ;
; oDisplay5[0] ; 2.5 V        ; 0 s                 ; 0 s                 ; 2.75 V                       ; 0.000242 V                   ; 2.86 V              ; -0.0805 V           ; 0.358 V                              ; 0.156 V                              ; 3.01e-10 s                  ; 4.34e-10 s                  ; No                         ; No                         ; 2.75 V                      ; 0.000242 V                  ; 2.86 V             ; -0.0805 V          ; 0.358 V                             ; 0.156 V                             ; 3.01e-10 s                 ; 4.34e-10 s                 ; No                        ; No                        ;
; oDisplay5[1] ; 2.5 V        ; 0 s                 ; 0 s                 ; 2.75 V                       ; 0.000213 V                   ; 2.79 V              ; -0.0324 V           ; 0.139 V                              ; 0.119 V                              ; 4.42e-10 s                  ; 4.33e-10 s                  ; No                         ; Yes                        ; 2.75 V                      ; 0.000213 V                  ; 2.79 V             ; -0.0324 V          ; 0.139 V                             ; 0.119 V                             ; 4.42e-10 s                 ; 4.33e-10 s                 ; No                        ; Yes                       ;
; oDisplay5[2] ; 2.5 V        ; 0 s                 ; 0 s                 ; 2.75 V                       ; 0.000213 V                   ; 2.79 V              ; -0.0324 V           ; 0.139 V                              ; 0.119 V                              ; 4.42e-10 s                  ; 4.33e-10 s                  ; No                         ; Yes                        ; 2.75 V                      ; 0.000213 V                  ; 2.79 V             ; -0.0324 V          ; 0.139 V                             ; 0.119 V                             ; 4.42e-10 s                 ; 4.33e-10 s                 ; No                        ; Yes                       ;
; oDisplay5[3] ; 2.5 V        ; 0 s                 ; 0 s                 ; 2.75 V                       ; 0.000213 V                   ; 2.79 V              ; -0.0324 V           ; 0.139 V                              ; 0.119 V                              ; 4.42e-10 s                  ; 4.33e-10 s                  ; No                         ; Yes                        ; 2.75 V                      ; 0.000213 V                  ; 2.79 V             ; -0.0324 V          ; 0.139 V                             ; 0.119 V                             ; 4.42e-10 s                 ; 4.33e-10 s                 ; No                        ; Yes                       ;
; oDisplay5[4] ; 2.5 V        ; 0 s                 ; 0 s                 ; 2.75 V                       ; 0.000247 V                   ; 2.85 V              ; -0.0711 V           ; 0.204 V                              ; 0.181 V                              ; 4.55e-10 s                  ; 4.49e-10 s                  ; No                         ; No                         ; 2.75 V                      ; 0.000247 V                  ; 2.85 V             ; -0.0711 V          ; 0.204 V                             ; 0.181 V                             ; 4.55e-10 s                 ; 4.49e-10 s                 ; No                        ; No                        ;
; oDisplay5[5] ; 2.5 V        ; 0 s                 ; 0 s                 ; 2.75 V                       ; 0.000247 V                   ; 2.85 V              ; -0.0711 V           ; 0.204 V                              ; 0.181 V                              ; 4.55e-10 s                  ; 4.49e-10 s                  ; No                         ; No                         ; 2.75 V                      ; 0.000247 V                  ; 2.85 V             ; -0.0711 V          ; 0.204 V                             ; 0.181 V                             ; 4.55e-10 s                 ; 4.49e-10 s                 ; No                        ; No                        ;
; oDisplay5[6] ; 2.5 V        ; 0 s                 ; 0 s                 ; 2.75 V                       ; 0.000213 V                   ; 2.79 V              ; -0.0324 V           ; 0.139 V                              ; 0.119 V                              ; 4.42e-10 s                  ; 4.33e-10 s                  ; No                         ; Yes                        ; 2.75 V                      ; 0.000213 V                  ; 2.79 V             ; -0.0324 V          ; 0.139 V                             ; 0.119 V                             ; 4.42e-10 s                 ; 4.33e-10 s                 ; No                        ; Yes                       ;
; oDisplay6[0] ; 2.5 V        ; 0 s                 ; 0 s                 ; 2.75 V                       ; 0.000247 V                   ; 2.85 V              ; -0.0711 V           ; 0.204 V                              ; 0.181 V                              ; 4.55e-10 s                  ; 4.49e-10 s                  ; No                         ; No                         ; 2.75 V                      ; 0.000247 V                  ; 2.85 V             ; -0.0711 V          ; 0.204 V                             ; 0.181 V                             ; 4.55e-10 s                 ; 4.49e-10 s                 ; No                        ; No                        ;
; oDisplay6[1] ; 2.5 V        ; 0 s                 ; 0 s                 ; 2.75 V                       ; 0.000213 V                   ; 2.79 V              ; -0.0324 V           ; 0.139 V                              ; 0.119 V                              ; 4.42e-10 s                  ; 4.33e-10 s                  ; No                         ; Yes                        ; 2.75 V                      ; 0.000213 V                  ; 2.79 V             ; -0.0324 V          ; 0.139 V                             ; 0.119 V                             ; 4.42e-10 s                 ; 4.33e-10 s                 ; No                        ; Yes                       ;
; oDisplay6[2] ; 2.5 V        ; 0 s                 ; 0 s                 ; 2.75 V                       ; 0.000213 V                   ; 2.79 V              ; -0.0324 V           ; 0.139 V                              ; 0.119 V                              ; 4.42e-10 s                  ; 4.33e-10 s                  ; No                         ; Yes                        ; 2.75 V                      ; 0.000213 V                  ; 2.79 V             ; -0.0324 V          ; 0.139 V                             ; 0.119 V                             ; 4.42e-10 s                 ; 4.33e-10 s                 ; No                        ; Yes                       ;
; oDisplay6[3] ; 2.5 V        ; 0 s                 ; 0 s                 ; 2.75 V                       ; 0.000213 V                   ; 2.79 V              ; -0.0324 V           ; 0.139 V                              ; 0.119 V                              ; 4.42e-10 s                  ; 4.33e-10 s                  ; No                         ; Yes                        ; 2.75 V                      ; 0.000213 V                  ; 2.79 V             ; -0.0324 V          ; 0.139 V                             ; 0.119 V                             ; 4.42e-10 s                 ; 4.33e-10 s                 ; No                        ; Yes                       ;
; oDisplay6[4] ; 2.5 V        ; 0 s                 ; 0 s                 ; 2.75 V                       ; 0.000242 V                   ; 2.86 V              ; -0.0814 V           ; 0.36 V                               ; 0.156 V                              ; 3e-10 s                     ; 4.34e-10 s                  ; No                         ; No                         ; 2.75 V                      ; 0.000242 V                  ; 2.86 V             ; -0.0814 V          ; 0.36 V                              ; 0.156 V                             ; 3e-10 s                    ; 4.34e-10 s                 ; No                        ; No                        ;
; oDisplay6[5] ; 2.5 V        ; 0 s                 ; 0 s                 ; 2.75 V                       ; 0.000242 V                   ; 2.86 V              ; -0.0805 V           ; 0.358 V                              ; 0.156 V                              ; 3.01e-10 s                  ; 4.34e-10 s                  ; No                         ; No                         ; 2.75 V                      ; 0.000242 V                  ; 2.86 V             ; -0.0805 V          ; 0.358 V                             ; 0.156 V                             ; 3.01e-10 s                 ; 4.34e-10 s                 ; No                        ; No                        ;
; oDisplay6[6] ; 2.5 V        ; 0 s                 ; 0 s                 ; 2.75 V                       ; 0.000247 V                   ; 2.85 V              ; -0.0711 V           ; 0.204 V                              ; 0.181 V                              ; 4.55e-10 s                  ; 4.49e-10 s                  ; No                         ; No                         ; 2.75 V                      ; 0.000247 V                  ; 2.85 V             ; -0.0711 V          ; 0.204 V                             ; 0.181 V                             ; 4.55e-10 s                 ; 4.49e-10 s                 ; No                        ; No                        ;
+--------------+--------------+---------------------+---------------------+------------------------------+------------------------------+---------------------+---------------------+--------------------------------------+--------------------------------------+-----------------------------+-----------------------------+----------------------------+----------------------------+-----------------------------+-----------------------------+--------------------+--------------------+-------------------------------------+-------------------------------------+----------------------------+----------------------------+---------------------------+---------------------------+


-------------------
; Clock Transfers ;
-------------------
Nothing to report.


---------------
; Report TCCS ;
---------------
No dedicated SERDES Transmitter circuitry present in device or used in design


---------------
; Report RSKM ;
---------------
No non-DPA dedicated SERDES Receiver circuitry present in device or used in design


+------------------------------------------------+
; Unconstrained Paths                            ;
+---------------------------------+-------+------+
; Property                        ; Setup ; Hold ;
+---------------------------------+-------+------+
; Illegal Clocks                  ; 0     ; 0    ;
; Unconstrained Clocks            ; 0     ; 0    ;
; Unconstrained Input Ports       ; 3     ; 3    ;
; Unconstrained Input Port Paths  ; 90    ; 90   ;
; Unconstrained Output Ports      ; 30    ; 30   ;
; Unconstrained Output Port Paths ; 90    ; 90   ;
+---------------------------------+-------+------+


+------------------------------------+
; TimeQuest Timing Analyzer Messages ;
+------------------------------------+
Info: *******************************************************************
Info: Running Quartus II 64-Bit TimeQuest Timing Analyzer
    Info: Version 13.1.0 Build 162 10/23/2013 SJ Web Edition
    Info: Processing started: Mon Sep 21 20:14:56 2026
Info: Command: quartus_sta Ejercicio1 -c Ejercicio1
Info: qsta_default_script.tcl version: #1
Warning (20028): Parallel compilation is not licensed and has been disabled
Info (21077): Low junction temperature is 0 degrees C
Info (21077): High junction temperature is 85 degrees C
Critical Warning (332012): Synopsys Design Constraints File file not found: 'Ejercicio1.sdc'. A Synopsys Design Constraints File is required by the TimeQuest Timing Analyzer to get proper timing constraints. Without it, the Compiler will not properly optimize the design.
Info (332142): No user constrained base clocks found in the design. Calling "derive_clocks -period 1.0"
Info (332096): The command derive_clocks did not find any clocks to derive.  No clocks were created or changed.
Warning (332068): No clocks defined in design.
Info (332143): No user constrained clock uncertainty found in the design. Calling "derive_clock_uncertainty"
Info (332154): The derive_clock_uncertainty command did not apply clock uncertainty to any clock-to-clock transfers.
Info: Found TIMEQUEST_REPORT_SCRIPT_INCLUDE_DEFAULT_ANALYSIS = ON
Info (332159): No clocks to report
Info: Analyzing Slow 1100mV 85C Model
Info (332140): No fmax paths to report
Info (332140): No Setup paths to report
Info (332140): No Hold paths to report
Info (332140): No Recovery paths to report
Info (332140): No Removal paths to report
Info (332140): No Minimum Pulse Width paths to report
Info: Analyzing Slow 1100mV 0C Model
Info (334003): Started post-fitting delay annotation
Info (334004): Delay annotation completed successfully
Info (332142): No user constrained base clocks found in the design. Calling "derive_clocks -period 1.0"
Info (332096): The command derive_clocks did not find any clocks to derive.  No clocks were created or changed.
Warning (332068): No clocks defined in design.
Info (332154): The derive_clock_uncertainty command did not apply clock uncertainty to any clock-to-clock transfers.
Info (332140): No fmax paths to report
Info (332140): No Setup paths to report
Info (332140): No Hold paths to report
Info (332140): No Recovery paths to report
Info (332140): No Removal paths to report
Info (332140): No Minimum Pulse Width paths to report
Info: Analyzing Fast 1100mV 85C Model
Info (334003): Started post-fitting delay annotation
Info (334004): Delay annotation completed successfully
Info (332142): No user constrained base clocks found in the design. Calling "derive_clocks -period 1.0"
Info (332096): The command derive_clocks did not find any clocks to derive.  No clocks were created or changed.
Warning (332068): No clocks defined in design.
Info (332154): The derive_clock_uncertainty command did not apply clock uncertainty to any clock-to-clock transfers.
Info (332140): No Setup paths to report
Info (332140): No Hold paths to report
Info (332140): No Recovery paths to report
Info (332140): No Removal paths to report
Info (332140): No Minimum Pulse Width paths to report
Info: Analyzing Fast 1100mV 0C Model
Info (332142): No user constrained base clocks found in the design. Calling "derive_clocks -period 1.0"
Info (332096): The command derive_clocks did not find any clocks to derive.  No clocks were created or changed.
Warning (332068): No clocks defined in design.
Info (332154): The derive_clock_uncertainty command did not apply clock uncertainty to any clock-to-clock transfers.
Info (332140): No Setup paths to report
Info (332140): No Hold paths to report
Info (332140): No Recovery paths to report
Info (332140): No Removal paths to report
Info (332140): No Minimum Pulse Width paths to report
Info (332102): Design is not fully constrained for setup requirements
Info (332102): Design is not fully constrained for hold requirements
Info: Quartus II 64-Bit TimeQuest Timing Analyzer was successful. 0 errors, 6 warnings
    Info: Peak virtual memory: 4842 megabytes
    Info: Processing ended: Mon Sep 21 20:15:00 2026
    Info: Elapsed time: 00:00:04
    Info: Total CPU time (on all processors): 00:00:04


